paper_ID,GPUs,CPUs
2018/Aberman et al. - 2018 - Neural best-buddies sparse cross-domain correspondence,[],[]
2018/Akbay et al. - 2018 - An extended partitioned method for conservative solid-fluid coupling,[],['AMD Opteron 6272']
2018/Aksoy et al. - 2018 - Semantic soft segmentation,[],[]
2018/Alderighi et al. - 2018 - Metamolds computational design of silicone molds,[],['Intel Core i7-6700K']
2018/Atzmon et al. - 2018 - Point convolutional neural networks by extension operators,['NVIDIA Tesla P100 PCIe 12 GB'],[]
2018/Auzinger et al. - 2018 - Computational design of nanostructural color for additive manufacturing,[],['Intel Xeon E5-1620 v4']
2018/Bailey et al. - 2018 - Fast and deep deformation approximations,[],['Intel Xeon E5-2690 v2']
2018/Barill et al. - 2018 - Fast winding numbers for soups and clouds,[],['Intel Core i7-6950X']
2018/Belcour - 2018 - Efficient rendering of layered materials using an atomic decomposition with statistical operators,['NVIDIA GeForce GTX 980'],[]
2018/Brandt et al. - 2018 - Hyper-reduced projective dynamics,[],[]
2018/Brunton et al. - 2018 - 3D printing spatially varying color and translucency,[],[]
2018/Chen et al. - 2018 - Numerical coarsening using discontinuous shape functions,[],['Intel Xeon E5-2630']
2018/Chen et al. - 2018 - Physical simulation of environmentally induced thin shell deformation,[],['Intel Xeon E3-1270']
2018/Chern et al. - 2018 - Shape from metric,[],[]
2018/Cirio et al. - 2018 - Multi-scale simulation of nonlinear thin-shell sound with wave turbulence,['NVIDIA GeForce GTX 970'],['Intel Xeon E5-1620']
2018/Cui et al. - 2018 - Scalable laplacian eigenfluids,[],[]
2018/Dai et al. - 2018 - Support-free volume printing by multi-axis motion,[],['Intel Xeon E5-1630 v3']
2018/Davis and Agrawala - 2018 - Visual rhythm and beat,[],[]
2018/De Goes and James - 2018 - Dynamic kelvinlets secondary motions based on fundamental solutions of elastodynamics,[],['Intel Xeon E5-2699 v3']
2018/Deschaintre et al. - 2018 - Single-image SVBRDF capture with a rendering-aware deep network,['NVIDIA GeForce GTX TITAN X'],[]
2018/Dinev et al. - 2018 - FEPR fast energy projection for real-time simulation of deformable objects,[],[]
2018/Dvoroz╠îna╠ük et al. - 2018 - Toonsynth example-based synthesis of hand-colored cartoon animations,['NVIDIA GeForce GTX 750 Ti'],[]
2018/Ephrat et al. - 2018 - Looking to listen at the cocktail party a speaker-independent audio-visual model for speech separat,[],[]
2018/Fang et al. - 2018 - Quadrangulation through morse-parameterization hybridization,[],[]
2018/Farchi and Ben-Chen - 2018 - Integer-only cross field computation,['NVIDIA GeForce GTX 1080 Ti'],['Intel Core i7-7820X']
2018/Fei et al. - 2018 - A multi-scale model for simulating liquid-fabric interactions,[],['Intel Xeon E5-2687W']
2018/Feng et al. - 2018 - Curved optimal delaunay triangulation,['NVIDIA GeForce GTX 1060 5 GB'],[]
2018/Gao et al. - 2018 - Animating fluid sediment mixture in particle-laden flows,[],"['Intel Core i7-7700K', 'Intel Core i7-8700K', 'Intel Xeon E3-1270 v3', 'Intel Xeon E3-1241 v3', 'Intel Xeon E5-1650 v3']"
2018/Gebhardt et al. - 2018 - Optimizing for aesthetically pleasing quadrotor camera motion,[],[]
2018/Geilinger et al. - 2018 - Skaterbots optimization-based design and motion synthesis for robotic creatures with legs and wheel,[],[]
2018/Gruson et al. - 2018 - Gradient-domain volumetric photon density estimation,[],['Intel Xeon X5650']
2018/Guo et al. - 2018 - A material point method for thin shells with frictional contact,[],['Intel Xeon E5-2687W']
2018/Han et al. - 2018 - Online optical marker-based hand tracking with deep labels,"['NVIDIA Tesla M40', 'NVIDIA GeForce GTX 1080 Ti']",[]
2018/He et al. - 2018 - Deep exemplar-based colorization,['NVIDIA TITAN Xp'],[]
2018/He et al. - 2018 - Slang language mechanisms for extensible real-time shading systems,['NVIDIA TITAN V'],['Intel Core i7-5820K']
2018/Hedman and Kopf - 2018 - Instant 3D photography,"['NVIDIA GeForce GTX TITAN X', 'NVIDIA GeForce GTX 1060 5 GB']","['Intel Xeon E5-2643', 'Intel Core i7-7700HQ']"
2018/Holden - 2018 - Robust solving of optical motion capture data by denoising,['NVIDIA GeForce GTX 970'],[]
2018/Hoshyari et al. - 2018 - Perception-driven semi-structured boundary vectorization,[],['AMD Ryzen 7 1800X']
2018/Hu et al. - 2018 - A moving least squares material point method with displacement discontinuity and two-way rigid body,[],['Intel Core i7-7700K']
2018/Hu et al. - 2018 - Predictive and generative neural networks for object functionality,[],[]
2018/Hu et al. - 2018 - Tetrahedral meshing in the wild,[],[]
2018/Jarabo et al. - 2018 - A radiative transfer framework for spatially-correlated materials,[],['Intel Core i7-6700K']
2018/Jeschke et al. - 2018 - Water surface wavelets,['NVIDIA GeForce GTX 1070'],[]
2018/Kang et al. - 2018 - Efficient reflectance capture using an autoencoder,['NVIDIA GeForce GTX 1080 Ti'],['Intel Core i7-7700']
2018/Kenzel et al. - 2018 - A high-performance software graphics pipeline architecture for the GPU,"['NVIDIA GeForce GTX 1080', 'NVIDIA GeForce GTX 1080 Ti', 'NVIDIA GeForce GTX 980 Ti']",['Intel Core i7-4930K']
2018/Kim and Park - 2018 - Deep context-aware descreening and rescreening of halftone images,['NVIDIA GeForce GTX 1080 Ti'],['Intel Xeon E5-2686 v3']
2018/Kim et al. - 2018 - Deep video portraits,['NVIDIA TITAN Xp'],['Intel Xeon E5-2637']
2018/Kim et al. - 2018 - Magnetization dynamics for magnetic object interactions,['NVIDIA GeForce GTX 780'],['Intel Core i7-4770']
2018/Konakovic╠ü-Lukovic╠ü et al. - 2018 - Rapid deployment of curved surfaces via programmable auxetics,[],[]
2018/Langbehn et al. - 2018 - In the blink of an eye leveraging blink-induced suppression for imperceptible position and orientat,"['NVIDIA GeForce GTX 980 Ti', 'NVIDIA GeForce GTX 980']",[]
2018/Lazar et al. - 2018 - Robust optimization for topological surface reconstruction,[],[]
2018/Lee et al. - 2018 - Dexterous manipulation and control with volumetric muscles,[],['Intel Core i7-6700K']
2018/Leimku╠êhler et al. - 2018 - Laplacian kernel splatting for efficient depth-of-field and motion blur synthesis or reconstruction,['NVIDIA GeForce GTX 980 Ti'],['Intel Xeon E5-1607 v3']
2018/Li and Barbic╠î - 2018 - Immersion of self-intersecting solids and surfaces,[],[]
2018/Li et al. - 2018 - An implicit frictional contact solver for adaptive cloth simulation,[],['Intel Core i7-5600U']
2018/Li et al. - 2018 - Differentiable programming for image processing and deep learning in halide,"['NVIDIA TITAN Xp', 'NVIDIA TITAN X Pascal']",['Intel Core i7-3770K']
2018/Li et al. - 2018 - Foldsketch enriching garments with physically reproducible folds,[],[]
2018/Li et al. - 2018 - Scene-aware audio for 360┬░ videos,[],[]
2018/Limper et al. - 2018 - Box cutter atlas refinement for efficient packing via void elimination,[],[]
2018/Lin et al. - 2018 - Scale-aware black-and-white abstraction of 3D shapes,['NVIDIA GeForce GTX 1070'],[]
2018/Lindell et al. - 2018 - Single-photon 3D imaging with deep sensor fusion,['NVIDIA GeForce GTX TITAN X'],[]
2018/Liu and Hodgins - 2018 - Learning basketball dribbling skills using trajectory optimization and deep reinforcement learning,[],['Intel Core i5-6500']
2018/Liu et al. - 2018 - Object-aware guidance for autonomous scene reconstruction,['NVIDIA GeForce GTX 1080'],[]
2018/Liu et al. - 2018 - Progressive parameterizations,[],['Intel Core i7-4790K']
2018/Liu et al. - 2018 - Singularity-constrained octahedral fields for hexahedral meshing,[],[]
2018/Liu et al. - 2018 - StrokeAggregator consolidating raw sketches into artist-intended curve drawings,[],[]
2018/Lombardi et al. - 2018 - Deep appearance models for face rendering,"['NVIDIA GeForce GTX 1080', 'NVIDIA Tesla M40']",[]
2018/Ma et al. - 2018 - Fluid directed rigid body control using deep reinforcement learning,['NVIDIA GeForce GTX 1080'],[]
2018/Marti╠ünez et al. - 2018 - Polyhedral voronoi diagrams for additive manufacturing,['NVIDIA GeForce GTX 1080'],['Intel Core i7-6800K']
2018/Nakada et al. - 2018 - Deep learning of biomimetic sensorimotor control for biomechanical human animation,['NVIDIA GeForce GTX TITAN X'],[]
2018/Nakashima et al. - 2018 - CoreCavity interactive shell decomposition for fabrication with two-piece rigid molds,[],[]
2018/Pai et al. - 2018 - The human touch measuring contact with real human soft tissues,[],[]
2018/Peng et al. - 2018 - Anderson acceleration for geometry optimization and physics simulation,[],[]
2018/Peng et al. - 2018 - Autocomplete 3D sculpting,[],[]
2018/Peng et al. - 2018 - DeepMimic example-guided deep reinforcement learning of physics-based character skills,[],[]
2018/Peng et al. - 2018 - Designing patterns using triangle-quad hybrid meshes,['NVIDIA GeForce GTX 1080'],[]
2018/Piovarc╠îi et al. - 2018 - Perception-aware modeling and fabrication of digital drawing tools,[],[]
2018/Poms et al. - 2018 - Scanner efficient video analysis at scale,"['NVIDIA TITAN Xp', 'NVIDIA Tesla K80']",[]
2018/Portenier et al. - 2018 - Faceshop deep sketch-based face image editing,['NVIDIA TITAN Xp'],[]
2018/Prada et al. - 2018 - Gradient-domain processing within a texture atlas,[],[]
2018/Raghuvanshi and Snyder - 2018 - Parametric directional coding for precomputed sound propagation,[],[]
2018/Sakurai et al. - 2018 - Fabricating reflectors for displaying multiple images,[],['Intel Core i7-5820K']
2018/Sato et al. - 2018 - Example-based turbulence style transfer,[],['Intel Core i7-6700K']
2018/Schertler et al. - 2018 - Generalized motorcycle graphs for imperfect quad-dominant meshes,[],[]
2018/Schulz et al. - 2018 - Interactive exploration of design trade-offs,[],[]
2018/Schumacher et al. - 2018 - Mechanical characterization of structured sheet materials,[],[]
2018/Schu╠êller et al. - 2018 - Shape representation by zippables,[],['Intel Xeon E5-2650 v2']
2018/Sharp and Crane - 2018 - Variational surface cutting,[],[]
2018/Simo-Serra et al. - 2018 - Real-time data-driven interactive rough sketch inking,['NVIDIA GeForce GTX 1080'],['Intel Core i7-6800K']
2018/Sitzmann et al. - 2018 - End-to-end optimization of optics and image processing for achromatic extended depth of field and su,['NVIDIA TITAN X Pascal'],[]
2018/Soliman et al. - 2018 - Optimal cone singularities for conformal flattening,[],[]
2018/Stein et al. - 2018 - Developability of triangle meshes,[],[]
2018/Sun et al. - 2018 - Towards virtual reality infinite walking dynamic saccadic redirection,[],['Intel Core i7-7700K']
2018/Thies et al. - 2018 - Headon real-time reenactment of human portrait videos,['NVIDIA GeForce GTX 1080 Ti'],[]
2018/Umetani and Bickel - 2018 - Learning three-dimensional flow for interactive aerodynamic design,[],[]
2018/Ve╠üvoda et al. - 2018 - Bayesian online regression for adaptive direct illumination sampling,[],['Intel Core i7-5820K']
2018/Vogels et al. - 2018 - Denoising with kernel prediction and asymmetric loss functions,['NVIDIA TITAN X Pascal'],[]
2018/Wadhwa et al. - 2018 - Synthetic depth-of-field with a single-camera mobile phone,['NVIDIA GeForce GTX TITAN X'],[]
2018/Wang - 2018 - Rule-free sewing pattern adjustment with precision and efficiency,['NVIDIA GeForce GTX TITAN X'],['Intel Core i7-5820K']
2018/Wang and Ramamoorthi - 2018 - Analytic spherical harmonic coefficients for polygonal area lights,['NVIDIA GeForce GTX 1080 Ti'],[]
2018/Wang et al. - 2018 - Deep convolutional priors for indoor scene synthesis,['NVIDIA GeForce GTX 1080 Ti'],[]
2018/Wang et al. - 2018 - Megapixel adaptive optics towards correcting large-scale distortions in computational cameras,['NVIDIA TITAN X Pascal'],['Intel Xeon E5-2680']
2018/Wang et al. - 2018 - Toward wave-based sound synthesis for computer animation,[],[]
2018/Weidner et al. - 2018 - Eulerian-on-lagrangian cloth simulation,[],['Intel Core i7-7700']
2018/Whelan et al. - 2018 - Reconstructing scenes with mirror and glass surfaces,['NVIDIA TITAN Xp'],['Intel Core i7-5930K']
2018/Wu et al. - 2018 - Full 3D reconstruction of transparent objects,[],[]
2018/Wu et al. - 2018 - Stitch meshing,[],['Intel Core i7-3930K']
2018/Xie et al. - 2018 - Creating and chaining camera moves for quadrotor videography,[],[]
"2018/Xie et al. - 2018 - tempoGAN a temporally coherent, volumetric GAN for super-resolution fluid flow",['NVIDIA GeForce GTX 1080 Ti'],['Intel Core i7-6850K']
2018/Xu et al. - 2018 - Deep image-based relighting from optimal sparse samples,['NVIDIA GeForce GTX 1080 Ti'],[]
2018/Yamaguchi et al. - 2018 - High-fidelity facial reflectance and geometry inference from an unconstrained image,['NVIDIA GeForce GTX 1080 Ti'],[]
2018/Yan et al. - 2018 - Rendering specular microgeometry with wave optics,[],[]
"2018/Yan et al. - 2018 - Voxel cores efficient, robust, and provably good approximation of 3D medial axes",[],[]
2018/Yin et al. - 2018 - P2P-NET bidirectional point displacement net for shape transform,['NVIDIA TITAN Xp'],[]
2018/Yu et al. - 2018 - Learning symmetric and low-energy locomotion,[],[]
2018/Zang et al. - 2018 - Space-time tomography for continuously deforming objects,[],['Intel Xeon E5-2687W']
2018/Zehnder et al. - 2018 - An advection-reflection solver for detail-preserving fluid simulation,[],[]
2018/Zeltner and Jakob - 2018 - The layer laboratory a calculus for additive and subtractive composition of anisotropic surface ref,[],"['Intel Core i7-6700K', 'Intel Xeon E5-2680']"
2018/Zhang et al. - 2018 - Mode-adaptive neural networks for quadruped motion control,['NVIDIA GeForce GTX 970'],[]
2018/Zhao et al. - 2018 - DSCarver decompose-and-spiral-carve for subtractive manufacturing,[],['Intel Core i7-7700']
2018/Zhao et al. - 2018 - What characterizes personalities of graphic designs,['NVIDIA TITAN X Pascal'],[]
2018/Zhong et al. - 2018 - Computing a high-dimensional euclidean embedding from an arbitrary smooth riemannian metric,[],['Intel Core i7-6700']
2018/Zhou et al. - 2018 - Non-stationary texture synthesis by adversarial expansion,['NVIDIA TITAN Xp'],[]
2018/Zhou et al. - 2018 - Stereo magnification learning view synthesis using multiplane images,['NVIDIA Tesla P100 PCIe 12 GB'],[]
2018/Zhou et al. - 2018 - Visemenet audio-driven animator-centric speech animation,['NVIDIA GeForce GTX TITAN X'],[]
2018/Zhu et al. - 2018 - Blended cured quasi-newton for distortion optimization,[],[]
2018/Zoss et al. - 2018 - An empirical rig for jaw animation,[],[]
2018/Zsolnai-Fehe╠ür et al. - 2018 - Gaussian material synthesis,['NVIDIA GeForce GTX TITAN X'],['Intel Core i5-6600']
2019/Aberman et al. - 2019 - Learning character-agnostic motion for motion retargeting in 2D,['NVIDIA GeForce GTX TITAN'],['Intel Core i7-6950X']
2019/Adams et al. - 2019 - Learning to optimize halide with tree search and random programs,['NVIDIA Tesla V100 PCIe 16 GB'],['Intel Core i9-7960X']
2019/Alderighi et al. - 2019 - Volume-aware design of composite molds,[],['Intel Core i7-6700K']
2019/Alexa - 2019 - Harmonic triangulations,[],[]
2019/Arau╠üjo et al. - 2019 - Surface2Volume surface segmentation conforming assemblable volumetric partition,[],['AMD Ryzen Threadripper 1950X']
2019/Bansal and Tatu - 2019 - Affine interpolation in a lie group framework,[],[]
2019/Bar et al. - 2019 - A Monte Carlo framework for rendering speckle statistics in scattering media,[],[]
2019/Bau et al. - 2019 - Semantic photo manipulation with a generative image prior,[],[]
2019/Bonneel and Coeurjolly - 2019 - SPOT sliced partial optimal transport,[],[]
2019/Buffet et al. - 2019 - Implicit untangling a robust solution for modeling layered clothing,[],[]
2019/Ciccone et al. - 2019 - Tangent-space optimization for interactive animation control,[],['Intel Core i7-4930K']
2019/Corman and Crane - 2019 - Symmetric moving frames,[],[]
2019/Cse╠übfalvi - 2019 - Beyond trilinear interpolation higher quality for free,['NVIDIA GeForce GT 720M'],[]
"2019/Deng et al. - 2019 - Photon surfaces for robust, unbiased volumetric density estimation",[],[]
2019/Dong et al. - 2019 - Multi-robot collaborative dense scene reconstruction,[],"['Intel Core i7-6700K', 'Intel Core i5-8250U']"
2019/Etienne et al. - 2019 - CurviSlicer slightly curved slicing for 3-axis printers,[],['Intel Core i7-4790K']
2019/Fang et al. - 2019 - Silly rubber an implicit material point method for simulating non-equilibrated viscoelastic and ela,[],['Intel Core i9-9900K']
2019/Fried et al. - 2019 - Text-based editing of talking-head video,[],[]
2019/Friston et al. - 2019 - Perceptual rasterization for head-mounted display image synthesis,"['NVIDIA Quadro K6000', 'NVIDIA GeForce GTX 980']",[]
2019/Fru╠êhstu╠êck et al. - 2019 - TileGAN synthesis of large-scale non-homogeneous textures,"['NVIDIA TITAN Xp', 'NVIDIA Tesla V100 PCIe 16 GB']",[]
2019/GAO et al. - 2019 - Deep inverse rendering for high-resolution SVBRDF estimation from an arbitrary number of images,['NVIDIA GeForce GTX 1080 Ti'],[]
2019/Gharbi et al. - 2019 - Sample-based Monte Carlo denoising using a kernel-splatting network,"['NVIDIA TITAN X Pascal', 'NVIDIA TITAN Xp']",['Intel Core i7-6900K']
2019/Glauser et al. - 2019 - Interactive hand pose estimation using a stretch-sensing soft glove,['NVIDIA GeForce GTX 1080 Ti'],[]
2019/Goldade et al. - 2019 - An adaptive variational finite difference framework for efficient symmetric octree viscosity,[],[]
2019/Guo et al. - 2019 - Fractional gaussian fields for modeling and rendering of spatially-correlated media,[],['Intel Core i7-6900K']
2019/Hanocka et al. - 2019 - MeshCNN a network with an edge,['NVIDIA GeForce GTX 1080 Ti'],[]
2019/Hong et al. - 2019 - Physics-based full-body soccer motion control for dribbling and shooting,[],[]
2019/Hoshyari et al. - 2019 - Vibration-minimizing motion retargeting for robotic characters,[],['Intel Core i7-7700']
2019/Hu et al. - 2019 - TriWild robust triangulation with curve constraints,[],[]
2019/Huang et al. - 2019 - On the accurate large-scale simulation of ferrofluids,['NVIDIA GeForce GTX 1080'],[]
2019/Huang et al. - 2019 - Tensor maps for synchronizing heterogeneous shape collections,[],[]
2019/Huang et al. - 2019 - Variational implicit point set surfaces,[],[]
2019/Jamris╠îka et al. - 2019 - Stylizing video by example,['NVIDIA GeForce GTX 1070'],[]
2019/Jeon et al. - 2019 - Compact snapshot hyperspectral imaging with diffracted rotation,['NVIDIA TITAN Xp'],['Intel Core i7-3770']
2019/Jiang et al. - 2019 - Synthesis of biologically realistic human motion using joint torque actuation,[],[]
2019/Kang and Cho - 2019 - Interactive and automatic navigation for 360┬░ video playback,[],[]
2019/Kettunen et al. - 2019 - Deep convolutional reconstruction for gradient-domain rendering,['NVIDIA Tesla V100 PCIe 16 GB'],['Intel Core i7-3770K']
2019/Kim et al. - 2019 - Anisotropic elasticity for inversion-safety and element rehabilitation,[],[]
2019/Kim et al. - 2019 - Foveated AR dynamically-foveated augmented reality display,['NVIDIA GeForce RTX 2080 Ti'],[]
2019/Kondapaneni et al. - 2019 - Optimal multiple importance sampling,[],['Intel Core i7-5820K']
2019/Kuo et al. - 2019 - Creating impactful characters correcting human impact accelerations using high rate IMUs in dynamic,[],['Intel Xeon E5-2630']
2019/Lagunas et al. - 2019 - A similarity measure for material appearance,[],[]
2019/Le and Lewis - 2019 - Direct delta mush skinning and variants,[],[]
2019/Lee et al. - 2019 - Scalable muscle-actuated human simulation and control,['NVIDIA GeForce GTX 1070 Ti'],['Intel Core i7-7700']
2019/Li et al. - 2019 - Decomposed optimization time integrator for large-step elastodynamics,[],[]
2019/Lindell et al. - 2019 - Wave-based non-line-of-sight imaging using fast f-k migration,[],[]
2019/Liu et al. - 2019 - Atlas refinement with bounded packing efficiency,[],['Intel Core i7-4790K']
2019/Liu et al. - 2019 - Computational peeling art design,[],['Intel Core i7-4790K']
2019/Liu et al. - 2019 - NeuroSkinning automatic skin binding for production characters with deep graph networks,[],[]
2019/Liu et al. - 2019 - Physically-based statistical simulation of rain sound,['NVIDIA GeForce GTX 745 OEM'],['Intel Core i5-4460']
2019/Liu et al. - 2019 - Spectral coarsening of geometric operators,['NVIDIA GeForce GTX 1080'],[]
2019/Lombardi et al. - 2019 - Neural volumes learning dynamic renderable volumes from images,['NVIDIA Tesla V100 PCIe 16 GB'],[]
2019/Lyon et al. - 2019 - Parametrization quantization with free boundaries for trimmed quad meshing,[],[]
2019/Maia et al. - 2019 - LayerCode optical barcodes for 3D printed shapes,[],[]
2019/Makowski et al. - 2019 - Synthetic silviculture multi-scale modeling of plant ecosystems,['NVIDIA GeForce GTX 1050'],[]
2019/Marti╠ünez et al. - 2019 - Star-shaped metrics for mechanical metamaterial design,[],[]
2019/Meka et al. - 2019 - Deep reflectance fields high-quality facial reflectance field inference from color gradient illumin,"['NVIDIA TITAN Xp', 'NVIDIA Tesla V100 PCIe 16 GB']",['Intel Xeon Gold 6154']
2019/Mildenhall et al. - 2019 - Local light field fusion practical view synthesis with prescriptive sampling guidelines,"['NVIDIA GeForce RTX 2080 Ti', 'NVIDIA GeForce GTX 1080 Ti']",[]
2019/Miller et al. - 2019 - A null-scattering path integral formulation of light transport,[],[]
2019/Monszpart et al. - 2019 - iMapper interaction-guided scene mapping from monocular videos,['NVIDIA TITAN X Pascal'],[]
2019/Mueller et al. - 2019 - Real-time pose and shape reconstruction of two interacting hands with a single depth camera,"['NVIDIA Tesla V100 PCIe 16 GB', 'NVIDIA GeForce GTX 1080 Ti']",[]
2019/Nagasawa et al. - 2019 - Mixing sauces a viscosity blending model for shear thinning fluids,[],[]
2019/Narayanan et al. - 2019 - Visual knitting machine programming,[],[]
2019/Padilla et al. - 2019 - On bubble rings and ink chandeliers,[],[]
2019/Panetta et al. - 2019 - X-Shells a new class of deployable beam structures,[],['Intel Core i7-7920HQ']
2019/Pediredla et al. - 2019 - Ellipsoidal path connections for time-gated rendering,[],[]
2019/Pellis et al. - 2019 - Visual smoothness of polyhedral surfaces,[],[]
2019/Peters et al. - 2019 - Using moments to represent bounded signals for spectral rendering,['NVIDIA GeForce RTX 2080 Ti'],['Intel Core i7-8700K']
2019/Pe╠ürard-Gayot et al. - 2019 - Rodent generating renderers without writing a generator,['NVIDIA GeForce GTX TITAN X'],['Intel Core i7-6700K']
2019/Philip et al. - 2019 - Multi-view relighting using a geometry-aware network,"['NVIDIA GeForce GTX 1080', 'NVIDIA GeForce GTX 1080 Ti']",[]
2019/Preiner et al. - 2019 - Gaussian-product subdivision surfaces,[],[]
2019/Qu et al. - 2019 - Efficient and conservative fluids using bidirectional mapping,['NVIDIA TITAN Xp'],['Intel Core i7-6950X']
2019/Rosales et al. - 2019 - SurfaceBrush from virtual reality drawings to manifold surfaces,[],[]
2019/Roussel et al. - 2019 - Designing chain reaction contraptions from causal graphs,[],[]
2019/Rusinkiewicz - 2019 - A symmetric objective function for ICP,[],[]
2019/Schreck et al. - 2019 - Fundamental solutions for water wave animation,[],[]
2019/Sharp et al. - 2019 - Navigating intrinsic triangulations,[],[]
2019/Shen et al. - 2019 - Progressive embedding,[],[]
2019/Shih et al. - 2019 - Distortion-free wide-angle portraits on camera phones,[],[]
2019/Solomon and Vaxman - 2019 - Optimal transport-based polar interpolation of directional fields,[],[]
2019/Sumin et al. - 2019 - Geometry-aware scattering compensation for 3D printing,[],['Intel Xeon E5620']
2019/Sun et al. - 2019 - Single image portrait relighting,['NVIDIA Tesla V100 PCIe 16 GB'],[]
2019/Thies et al. - 2019 - Deferred neural rendering image synthesis using neural textures,['NVIDIA GeForce GTX 1080 Ti'],[]
2019/Tokuyoshi and Harada - 2019 - Hierarchical russian roulette for vertex connections,[],['AMD Ryzen Threadripper 2990WX']
2019/Tricard et al. - 2019 - Procedural phasor noise,[],[]
2019/Tseng et al. - 2019 - Hyperparameter optimization in black-box image processing using differentiable proxies,[],[]
2019/Tursun et al. - 2019 - Luminance-contrast-aware foveated rendering,['NVIDIA GeForce RTX 2080 Ti'],[]
2019/Vekhter et al. - 2019 - Weaving geodesic foliations,[],[]
2019/Verhetsel et al. - 2019 - Finding hexahedrizations for small quadrangulations of the sphere,[],"['Intel Core i7-7700HQ', 'AMD EPYC 7551']"
2019/Vicini et al. - 2019 - A learned shape-adaptive subsurface scattering model,[],[]
2019/Wang and James - 2019 - KleinPAT optimal mode conflation for time-domain precomputation of acoustic transfer,['NVIDIA GeForce GTX TITAN X'],['Intel Xeon E5-2690 v3']
2019/Wang et al. - 2019 - Hand modeling and simulation using stabilized magnetic resonance imaging,[],['Intel Core i7-6950X']
2019/Wang et al. - 2019 - PlanIT planning and instantiating indoor scenes with relation graph and spatial prior networks,['NVIDIA GeForce GTX 1080 Ti'],['Intel Core i7-6850K']
2019/Wang et al. - 2019 - RedMax efficient &amp; flexible approach for articulated dynamics,[],['Intel Core i7-7700']
2019/Wei et al. - 2019 - VR facial animation via multiview image translation,['NVIDIA GeForce GTX 1080 Ti'],[]
2019/Wolff and Sorkine-Hornung - 2019 - Wallpaper pattern alignment along garment seams,[],[]
2019/Wolper et al. - 2019 - CD-MPM continuum damage material point methods for dynamic fracture animation,[],['Intel Core i7-8700K']
2019/Wronski et al. - 2019 - Handheld multi-frame super-resolution,"['NVIDIA Tesla P100 PCIe 12 GB', 'NVIDIA GeForce GTX 980']",[]
2019/Wu et al. - 2019 - Accurate appearance preserving prefiltering for rendering displacement-mapped surfaces,[],['Intel Core i7-5930K']
2019/Wu et al. - 2019 - SAGNet structure-aware generative network for 3D-shape modeling,[],[]
2019/Xiao et al. - 2019 - Vidgets modular mechanical widgets for mobile devices,[],[]
2019/Xu et al. - 2019 - Deep view synthesis from sparse photometric images,"['NVIDIA TITAN Xp', 'NVIDIA GeForce GTX 1080 Ti']",[]
2019/Xu et al. - 2019 - Learning to fly computational controller design for hybrid UAVs with reinforcement learning,[],[]
2019/Yaniv et al. - 2019 - The face of art landmark detection and geometric style in portraits,[],[]
2019/Zang et al. - 2019 - Warp-and-project tomography for rapidly deforming objects,[],[]
2019/Zhang et al. - 2019 - Computational design of fabric formwork,[],[]
2019/Zhang et al. - 2019 - InteractionFusion real-time reconstruction of hand poses and deformable objects in hand-object inte,['NVIDIA TITAN Xp'],[]
2019/Zhang et al. - 2019 - Synthetic defocus and look-ahead autofocus for casual videography,['NVIDIA TITAN X Pascal'],[]
2019/Zheng et al. - 2019 - Content-aware generative modeling of graphic design layouts,['NVIDIA TITAN X Pascal'],[]
2019/Zimmermann et al. - 2019 - PuppetMaster robotic animation of marionettes,[],[]
2019/Zoss et al. - 2019 - Accurate markerless jaw tracking for facial performance capture,[],[]
2020/Aberman et al. - 2020 - Skeleton-aware networks for deep motion retargeting,['NVIDIA TITAN Xp'],['Intel Core i7-6950X']
2020/Aberman et al. - 2020 - Unpaired motion style transfer from video to animation,['NVIDIA TITAN Xp'],[]
2020/Ando and Batty - 2020 - A practical octree liquid simulator with adaptive surface resolution,[],"['Intel Core i9-9900KF', 'Intel Core i7-6900K', 'Intel Core i9-9980XE']"
2020/Baek et al. - 2020 - Image-based acquisition and modeling of polarimetric reflectance,[],[]
2020/Bailey et al. - 2020 - Fast and deep facial deformations,"['NVIDIA Quadro K5200', 'NVIDIA GeForce GTX 1060 5 GB']","['Intel Xeon E5-2697 v3', 'Intel Core i7-7700HQ']"
2020/Bitterli et al. - 2020 - Spatiotemporal reservoir resampling for real-time ray tracing with dynamic direct lighting,"['NVIDIA GeForce RTX 2080 Ti', 'NVIDIA TITAN RTX']",[]
2020/Bonneel et al. - 2020 - Code replicability in computer graphics,[],[]
2020/Bosch - 2020 - N-dimensional rigid body dynamics,[],[]
2020/Broxton et al. - 2020 - Immersive light field video with a layered mesh representation,[],[]
2020/Chaitanya et al. - 2020 - Directional sources and listeners in interactive sound propagation using reciprocal wave field codin,[],[]
2020/Chang et al. - 2020 - Towards occlusion-aware multifocal displays,[],[]
2020/Chen et al. - 2020 - DeepFaceDrawing deep generation of face images from sketches,['NVIDIA GeForce GTX 1080 Ti'],['Intel Core i7-7700']
2020/Cheshmi et al. - 2020 - NASOQ numerically accurate sparsity-oriented QP solver,[],['Intel Core i7-5820K']
2020/Chiu et al. - 2020 - Human-in-the-loop differential subspace search in high-dimensional latent space,['NVIDIA GeForce GTX 1080'],['Intel Core i7-8086K']
2020/Chu et al. - 2020 - Learning temporal coherence via self-supervision for GAN-based video generation,[],[]
2020/Coevoet et al. - 2020 - Adaptive merging for rigid body simulation,[],[]
2020/Cucerca et al. - 2020 - Computational image marking on metals via laser induced heating,[],[]
2020/Daviet - 2020 - Simple and scalable frictional contacts for thin nodal objects,[],['Intel Core i5-8259U']
2020/De Goes et al. - 2020 - Discrete differential operators on polygonal meshes,[],[]
2020/De Gomensoro Malheiros et al. - 2020 - The leopard never changes its spots realistic pigmentation pattern formation by coupling tissue gro,[],['Intel Core i3-9100F']
2020/Denes et al. - 2020 - A perceptual model of motion quality for rendering with adaptive refresh-rate and resolution,[],[]
2020/Dominici et al. - 2020 - PolyFit perception-aligned vectorization of raster clip-art via intermediate polygonal fitting,[],[]
2020/Du et al. - 2020 - Lifting simplices to find injectivity,[],['Intel Core i7-4770']
2020/Duenser et al. - 2020 - RoboCut hot-wire cutting with robot-controlled flexible rods,[],[]
2020/Edelstein et al. - 2020 - ENIGMA evolutionary non-isometric geometry MAtching,[],[]
2020/Fang et al. - 2020 - IQ-MPM an interface quadrature material point method for non-sticky strongly two-way coupled nonlin,['NVIDIA GeForce GTX 1050 Ti'],['Intel Core i7-9700K']
2020/Gissler et al. - 2020 - An implicit compressible SPH solver for snow simulation,[],['Intel Xeon E5-2687W']
2020/Goldade et al. - 2020 - Constraint bubbles and affine regions reduced fluid models for efficient immersed bubbles and flexi,[],[]
2020/Granskog et al. - 2020 - Compositional neural scene representations for shading inference,"['NVIDIA RTX A6000', 'NVIDIA Tesla V100 PCIe 16 GB']",[]
2020/Guo et al. - 2020 - Cut-enhanced PolyCube-maps for feature-aware all-hex meshing,[],['Intel Core i7-4790']
2020/Han et al. - 2020 - MEgATrack monochrome egocentric articulated hand-tracking for virtual reality,['NVIDIA GeForce GTX 1080'],[]
2020/Hanocka et al. - 2020 - Point2Mesh a self-prior for deformable meshes,['NVIDIA GeForce GTX 1080 Ti'],[]
2020/Harvey et al. - 2020 - Robust motion in-betweening,[],['Intel Xeon E5-1650']
"2020/He et al. - 2020 - Informative scene decomposition for crowd analysis, comparison and simulation guidance",[],['Intel Core i7-6700']
2020/Hertz et al. - 2020 - Deep geometric texture synthesis,[],[]
2020/Holden et al. - 2020 - Learned motion matching,[],[]
2020/Hornus et al. - 2020 - Variable-width contouring for additive manufacturing,[],[]
2020/Hu et al. - 2020 - Fast tetrahedral meshing in the wild,[],['Intel Xeon E5-2690 v3']
2020/Hu et al. - 2020 - Graph2Plan learning floorplan generation from layout graphs,[],[]
2020/Huang et al. - 2020 - Chemomechanical simulation of soap film flow on spherical bubbles,['NVIDIA GeForce GTX 1080'],[]
2020/Huang et al. - 2020 - Uncertainty quantification for multi-scan registration,[],[]
2020/Ishida et al. - 2020 - A model for soap film dynamics with evolving thickness,[],['Intel Core i7-6850K']
2020/James - 2020 - Phong deformation a better C0 interpolant for embedded deformation,[],[]
2020/Jiang et al. - 2020 - Example-driven virtual cinematography by learning camera behaviors,['NVIDIA TITAN Xp'],[]
2020/Jiang et al. - 2020 - Quad-mesh based isometric mappings and developable surfaces,[],['Intel Xeon E5-2687W']
2020/Keeter - 2020 - Massively parallel rendering of complex closed-form implicit surfaces,"['NVIDIA GeForce GT 750M', 'NVIDIA Tesla V100 PCIe 16 GB', 'NVIDIA GeForce GTX 1080 Ti']",[]
2020/Kilgard - 2020 - Polar stroking new theory and methods for stroking paths,[],[]
2020/Kim et al. - 2020 - Lagrangian neural style transfer for fluids,['NVIDIA TITAN Xp'],[]
2020/Kopf et al. - 2020 - One shot 3D photography,['NVIDIA Tesla V100 PCIe 16 GB'],[]
2020/Kotwal et al. - 2020 - Interferometric transmission probing with coded mutual intensity,[],[]
2020/Koyama et al. - 2020 - Sequential gallery for interactive visual design optimization,[],[]
2020/Kuo et al. - 2020 - High resolution e╠ütendue expansion for holographic displays,['NVIDIA GeForce GTX 1060 5 GB'],[]
2020/Kwon et al. - 2020 - Fast and flexible multilegged locomotion using learned centroidal dynamics,[],['Intel Core i7-8550U']
2020/Li et al. - 2020 - Exertion-aware path generation,"['NVIDIA GeForce RTX 2070', 'NVIDIA GeForce GTX 1070']","['Intel Core i7-9700', 'Intel Core i7-8750H']"
2020/Li et al. - 2020 - Fast and scalable turbulent flow simulation with two-way coupling,"['NVIDIA TITAN Xp', 'NVIDIA Tesla P40', 'NVIDIA GeForce RTX 2080 Ti']",[]
"2020/Li et al. - 2020 - Incremental potential contact intersection-and inversion-free, large-deformation dynamics",[],[]
2020/Ling et al. - 2020 - Character controllers using motion VAEs,['NVIDIA GeForce GTX 1060 5 GB'],['Intel Core i7-5960X']
2020/Liu et al. - 2020 - HeadBlaster a wearable approach to simulating motion perception using head-mounted air propulsion j,[],[]
2020/Liu et al. - 2020 - Neural subdivision,[],[]
2020/Livesu et al. - 2020 - LoopyCuts practical feature-preserving block decomposition for strongly hex-dominant meshing,[],[]
2020/Luan et al. - 2020 - Langevin monte carlo rendering with gradient-based adaptation,[],['Intel Xeon E5-2630 v3']
2020/Luo et al. - 2020 - CARL controllable agent with reinforcement learning for quadruped locomotion,[],['AMD Ryzen 9 3900X']
2020/Luo et al. - 2020 - Consistent video depth estimation,['NVIDIA Tesla M40'],[]
2020/Ly et al. - 2020 - Projective dynamics with dry frictional contact,[],['Intel Core i7-5600U']
2020/Ma et al. - 2020 - Quanta burst photography,[],[]
2020/Maimone and Wang - 2020 - Holographic optics for thin and lightweight virtual reality,[],[]
2020/Mandad and Campen - 2020 - Be╠üzier guarding precise higher-order meshing of curved 2D domains,[],[]
2020/Mehta et al. - 2020 - XNect real-time multi-person 3D motion capture with a single RGB camera,"['NVIDIA TITAN X Pascal', 'NVIDIA GeForce RTX 2080 Max-Q', 'NVIDIA Tesla K80', 'NVIDIA GeForce GTX 1080 Ti', 'NVIDIA GeForce GTX 1080 Max-Q']",[]
2020/Merel et al. - 2020 - Catch &amp; Carry reusable neural controllers for vision-guided whole-body tasks,[],[]
2020/Montes et al. - 2020 - Computational design of skintight clothing,[],['Intel Core i7-5820K']
2020/Nehab - 2020 - Converting stroked primitives to filled primitives,[],[]
2020/Ni et al. - 2020 - A level-set method for magnetic substance simulation,[],[]
2020/Nimier-David et al. - 2020 - Radiative backpropagation an adjoint method for lightning-fast differentiable rendering,['NVIDIA GeForce RTX 2080 Ti'],[]
2020/Panotopoulou et al. - 2020 - Tactile line drawings for improved shape understanding in blind and visually impaired users,[],[]
2020/Paulin et al. - 2020 - Sliced optimal transport sampling,[],['AMD Ryzen Threadripper 2990WX']
2020/Pellis et al. - 2020 - Principal symmetric meshes,[],[]
2020/Pillwein et al. - 2020 - On elastic geodesic grids and their planar to spatial deployment,[],['Intel Xeon E5-2687W']
2020/Piovarc╠îi et al. - 2020 - Fabrication-in-the-loop co-optimization of surfaces and styli for drawing haptics,[],[]
2020/Plasencia et al. - 2020 - GS-PAT high-speed multi-point sound-fields for phased arrays of transducers,"['NVIDIA RTX A2000', 'NVIDIA GeForce GTX 1660', 'NVIDIA GeForce GTX 1050', 'NVIDIA GeForce GTX 1660 Ti']",[]
2020/Rath et al. - 2020 - Variance-aware path guiding,[],['AMD Ryzen 9 3950X']
2020/Riviere et al. - 2020 - Single-shot high-quality facial geometry and skin appearance capture,[],[]
2020/Ruppert et al. - 2020 - Robust fitting of parallax-aware mixtures for path guiding,[],[]
2020/Santos et al. - 2020 - Single image HDR reconstruction using a CNN with masked features and perceptual loss,['NVIDIA GeForce GTX 1080 Ti'],[]
2020/Sawhney and Crane - 2020 - Monte Carlo geometry processing a grid-free approach to PDE-based methods on volumetric domains,[],[]
2020/Sa╠ünchez-Banderas et al. - 2020 - Robust eulerian-on-lagrangian rods,['NVIDIA GeForce GTX 1080 Ti'],['Intel Core i7-7700K']
2020/Schmidt et al. - 2020 - Inter-surface maps via constant-curvature metrics,[],[]
2020/Schwartz et al. - 2020 - The eyes have it an integrated eye and face model for photorealistic facial animation,['NVIDIA GeForce GTX 1080 Ti'],[]
2020/Sella╠ün et al. - 2020 - Developability of heightfields via rank minimization,['NVIDIA GeForce GTX 970'],['Intel Xeon E5-2637 v3']
2020/Sendik et al. - 2020 - Unsupervised K-modal styled content generation,"['NVIDIA GeForce GTX 1080 Ti', 'NVIDIA GeForce RTX 2080 Ti']",[]
2020/Seyb et al. - 2020 - The design and evolution of the UberBake light baking system,[],[]
"2020/Shugrina et al. - 2020 - Nonlinear color triads for approximation, learning and direct manipulation of color distributions",['NVIDIA GeForce GTX TITAN X'],[]
2020/Skrivan et al. - 2020 - Wave curves simulating lagrangian water waves on dynamically deforming surfaces,[],['Intel Core i7-7820X']
2020/Song et al. - 2020 - Accurate face rig approximation with deep differential subspace reconstruction,['NVIDIA GeForce RTX 2080'],[]
2020/Sperl et al. - 2020 - Homogenized yarn-level cloth,[],[]
2020/Starke et al. - 2020 - Local motion phases for learning multi-contact character movements,['NVIDIA GeForce RTX 2080'],['Intel Core i7-9750H']
2020/Su et al. - 2020 - Efficient bijective parameterizations,[],['Intel Core i7-4790K']
2020/Tan et al. - 2020 - MichiGAN multi-input-conditioned hair image generation for portrait editing,[],[]
2020/Texler et al. - 2020 - Interactive video stylization using few-shot patch-based training,"['NVIDIA Tesla V100S PCIe 32 GB', 'NVIDIA GeForce RTX 2080']",[]
2020/Tozoni et al. - 2020 - A low-parametric rhombic microstructure family for irregular lattices,[],[]
2020/Verschoor et al. - 2020 - Tactile rendering based on skin stress optimization,[],[]
2020/Wang et al. - 2020 - A massively parallel and scalable multi-GPU material point method,"['NVIDIA Quadro P6000', 'NVIDIA GeForce RTX 2080']",['Intel Core i7-8086K']
2020/Wang et al. - 2020 - Attribute2Font creating fonts you want from attributes,['NVIDIA GeForce RTX 2080 Ti'],[]
2020/Wang et al. - 2020 - Codimensional surface tension flow using moving-least-squares particles,['NVIDIA GeForce GTX 1060 5 GB'],[]
2020/Wang et al. - 2020 - Exact and efficient polyhedral envelope containment check,[],['Intel Xeon E5-2690']
2020/Wang et al. - 2020 - MGCN descriptor learning using multiscale GCNs,[],['Intel Core i7-7700']
2020/Wang et al. - 2020 - Vid2Curve simultaneous camera motion estimation and thin structure reconstruction from an RGB video,[],['Intel Core i5-8300H']
2020/West et al. - 2020 - Continuous multiple importance sampling,[],[]
2020/Wiersma et al. - 2020 - CNNs on surfaces using rotation-equivariant features,[],[]
2020/Wolper et al. - 2020 - AnisoMPM animating anisotropic damage mechanics,[],['Intel Core i7-9700K']
2020/Won et al. - 2020 - A scalable approach to control diverse behaviors for physically simulated characters,[],['Intel Xeon E5-2698B v3']
2020/Wu et al. - 2020 - Analytic spherical harmonic gradients for real-time rendering with many polygonal area lights,['NVIDIA GeForce RTX 2080 Ti'],[]
2020/Wu et al. - 2020 - Automatic structure synthesis for 3D woven relief,[],[]
2020/Xiao et al. - 2020 - Neural supersampling for real-time rendering,"['NVIDIA TITAN RTX', 'NVIDIA TITAN V']",[]
2020/Xu et al. - 2020 - RigNet neural rigging for articulated characters,[],[]
2020/Xu et al. - 2020 - TilinGNN learning to tile with self-supervised graph neural network,['NVIDIA TITAN Xp'],[]
2020/Yang et al. - 2020 - Error-bounded compatible remeshing,[],['Intel Core i7-7700K']
2020/Ye et al. - 2020 - ARAnimator in-situ character animation in mobile AR with user-defined motion gestures,[],[]
2020/Ye et al. - 2020 - Penrose from mathematical notation to beautiful diagrams,[],[]
2020/Zeltner et al. - 2020 - Specular manifold sampling for rendering high-frequency caustics and glints,[],[]
2020/Zhang et al. - 2020 - C-Space tunnel discovery for puzzle path planning,[],['AMD Opteron 2218 HE']
2020/Zhang et al. - 2020 - Path-space differentiable rendering,['NVIDIA TITAN RTX'],['Intel Core i7-7820X']
2020/Zhang et al. - 2020 - Portrait shadow manipulation,[],[]
2020/Zoss et al. - 2020 - Data-driven extraction and composition of secondary dynamics in facial performance capture,[],[]
2021/Abdrashitov et al. - 2021 - Interactive modelling of volumetric musculoskeletal anatomy,['NVIDIA GeForce GTX 1080'],[]
2021/Adams - 2021 - Fast median filters using separable sorting networks,['NVIDIA GeForce RTX 2060'],['Intel Core i9-9960X']
2021/Ahmed and Wonka - 2021 - Optimizing dyadic nets,[],[]
2021/Alaluf et al. - 2021 - Only a matter of style age transformation using a style-based regression model,[],[]
2021/Bagautdinov et al. - 2021 - Driving-signal aware full-body avatars,['NVIDIA Tesla V100 PCIe 16 GB'],[]
2021/Bangaru et al. - 2021 - Systematically differentiating parametric discontinuities,[],['Intel Core i9-9900K']
2021/Barton╠î et al. - 2021 - Geometry and tool motion planning for curvature adapted CNC machining,['NVIDIA Tesla K40c'],['Intel Core i7-10510U']
2021/Bati et al. - 2021 - An inverse method for the exploration of layered material appearance,[],['Intel Core i7-6700']
2021/Bi et al. - 2021 - Deep relightable appearance models for animatable faces,['NVIDIA Tesla V100 PCIe 16 GB'],[]
2021/Brown and Narain - 2021 - WRAPD weighted rotation-aware ADMM for parameterization and deformation,[],['Intel Core i9-10900K']
2021/Brunel et al. - 2021 - A time-independent deformer for elastic contacts,[],['Intel Core i7-4790K']
2021/Brunton and Rmaileh - 2021 - Displaced signed distance fields for additive manufacturing,[],[]
"2021/Callenberg et al. - 2021 - Low-cost SPAD sensing for non-line-of-sight tracking, material classification and depth imaging",[],[]
2021/Cao et al. - 2021 - Real-time 3D neural facial animation from binocular video,['NVIDIA GeForce RTX 2080'],[]
2021/Chen et al. - 2021 - A momentum-conserving implicit material point method for surface tension with contact angles and spa,[],['Intel Xeon E5-2687W']
2021/Chen et al. - 2021 - Bistable auxetic surface structures,[],[]
2021/Chen et al. - 2021 - Capturing detailed deformations of moving human bodies,"['NVIDIA TITAN RTX', 'NVIDIA GeForce GTX 1080']",[]
2021/Chen et al. - 2021 - ChoreoMaster choreography-oriented music-driven dance synthesis,[],[]
2021/Chen et al. - 2021 - DeepFaceEditing deep face generation and editing with disentangled geometry and appearance control,['NVIDIA GeForce RTX 2080 Ti'],['Intel Core i7-7700']
2021/Chen et al. - 2021 - MoCap-solver a neural solver for optical motion capture data,['NVIDIA GeForce RTX 2080 Ti'],[]
2021/Chen et al. - 2021 - Multiscale Cholesky preconditioning for ill-conditioned problems,[],['Intel Xeon E5-2630']
2021/Cho et al. - 2021 - Weakly-supervised contrastive learning in path manifold for Monte Carlo image reconstruction,"['NVIDIA Quadro RTX 8000', 'NVIDIA TITAN RTX']",[]
2021/Chu et al. - 2021 - Learning meaningful controls for fluids,['NVIDIA Tesla V100 PCIe 16 GB'],[]
2021/Du et al. - 2021 - Boundary-sampled halfspaces a new representation for constructive solid modeling,[],[]
2021/Du et al. - 2021 - Video recoloring via spatial-temporal geometric palettes,[],[]
2021/Ecormier-Nocca et al. - 2021 - Authoring consistent landscapes with flora and fauna,['NVIDIA Quadro M2000'],[]
2021/Fang et al. - 2021 - Guaranteed globally injective 3D deformation processing,[],"['Intel Core i7-7700K', 'Intel Core i7-8700K', 'Intel Core i7-9700', 'Intel Core i9-9900K']"
2021/Fei et al. - 2021 - Revisiting integration in the material point method a scheme for easier separation and less dissipa,['NVIDIA GeForce RTX 2080 Ti'],['Intel Core i9-9900K']
2021/Feng et al. - 2021 - Learning an animatable detailed 3D face model from in-the-wild images,['NVIDIA Quadro RTX 5000'],[]
2021/Ferguson et al. - 2021 - Intersection-free rigid body dynamics,[],"['AMD EPYC 7452', 'AMD EPYC 7453']"
2021/Gal et al. - 2021 - SWAGAN a style-based wavelet-driven generative model,['NVIDIA GeForce RTX 2080'],[]
2021/Garanzha et al. - 2021 - Foldover-free maps in 50 lines of code,[],['Intel Core i7-6800K']
2021/Gillespie et al. - 2021 - Discrete conformal equivalence of polyhedral surfaces,[],['Intel Core i9-9980XE']
2021/Granskog et al. - 2021 - Neural scene graph rendering,['NVIDIA Tesla V100 PCIe 16 GB'],[]
2021/Guo et al. - 2021 - Highlight-aware two-stream network for single-image SVBRDF acquisition,"['NVIDIA GeForce RTX 2080 Ti', 'NVIDIA Tesla V100 PCIe 16 GB']",[]
2021/Guo et al. - 2021 - Volumetric appearance stylization with stylizing kernel prediction network,"['NVIDIA Tesla V100 PCIe 16 GB', 'NVIDIA GeForce RTX 2080 Ti']",[]
2021/Habermann et al. - 2021 - Real-time deep dynamic characters,['NVIDIA Quadro RTX 8000'],['AMD EPYC 7502P']
2021/Hafner and Bickel - 2021 - The design space of plane elastic curves,[],[]
2021/Halperin et al. - 2021 - Endless loops detecting and animating periodic patterns in still images,[],[]
2021/Ha╠êdrich et al. - 2021 - Fire in paradise mesoscale simulation of wildfires,['NVIDIA GeForce GTX 1080'],[]
2021/Hu et al. - 2021 - QuanTaichi a compiler for quantized simulations,"['NVIDIA GeForce RTX 3080', 'NVIDIA GeForce RTX 3090']",[]
2021/Huber et al. - 2021 - Designing actuation systems for animatronic figures via globally optimal discrete search,[],[]
2021/Is╠º─▒k et al. - 2021 - Interactive Monte Carlo denoising using affinity of neural features,['NVIDIA GeForce RTX 2080 Ti'],[]
2021/Jang et al. - 2021 - StyleCariGAN caricature generation via StyleGAN feature map modulation,['NVIDIA Quadro RTX 8000'],[]
2021/Jia - 2021 - SANM a symbolic asymptotic numerical solver with applications in mesh deformation,[],"['AMD Ryzen Threadripper 2970WX', 'Intel Core i7-3770K']"
2021/Jiang et al. - 2021 - Bijective and coarse high-order tetrahedral meshes,[],['Intel Xeon Platinum 8268']
2021/Jiang et al. - 2021 - Using isometries for computational design and fabrication,[],['Intel Xeon E5-2687W']
2021/Jones et al. - 2021 - ShapeMOD macro operation discovery for 3D shape programs,['NVIDIA GeForce RTX 2080 Ti'],['Intel Core i9-9900K']
2021/Kaspar et al. - 2021 - Knit sketching from cut &amp; sew patterns to machine-knit garments,[],[]
2021/Kee et al. - 2021 - Constrained projective dynamics real-time simulation of deformable objects with energy-momentum con,[],['AMD Ryzen 9 3900X']
2021/Kettunen et al. - 2021 - An unbiased ray-marching transmittance estimator,['NVIDIA Quadro RTX 6000'],[]
2021/kim and Choi - 2021 - Dynamic closest color warping to sort and compare palettes,['NVIDIA GeForce RTX 2080'],['Intel Core i9-9900K']
2021/Kim and Singh - 2021 - Optimizing UI layouts for deformable face-rig manipulation,['NVIDIA GeForce GTX 1080'],[]
2021/Krajancich et al. - 2021 - A perceptual model for eccentricity-dependent spatio-temporal flicker fusion and its applications to,[],[]
2021/Kuznetsov et al. - 2021 - NeuMIP multi-resolution neural materials,['NVIDIA GeForce RTX 2080 Ti'],[]
2021/Lan et al. - 2021 - Medial IPC accelerated incremental potential contact with medial elastics,['NVIDIA TITAN RTX'],['Intel Core i7-9700']
2021/Le et al. - 2021 - Direct delta mush skinning compression with continuous examples,['NVIDIA GeForce RTX 3090'],['Intel Core i7-5960X']
2021/Leake et al. - 2021 - A mathematical foundation for foundation paper pieceable quilts,[],[]
2021/Lee et al. - 2021 - Learning a family of motor skills from a single motion clip,[],['AMD Ryzen 9 3950X']
2021/Lee et al. - 2021 - Learning time-critical responses for interactive character control,['NVIDIA GeForce RTX 2080 Ti'],['Intel Core i7-9700']
2021/Lewis et al. - 2021 - TryOnGAN body-aware try-on via layered interpolation,['NVIDIA Tesla V100 PCIe 16 GB'],[]
2021/Li et al. - 2021 - Codimensional incremental potential contact,[],"['Intel Core i7-8700K', 'Intel Core i7-9700K', 'Intel Core i9-9900KF']"
2021/Li et al. - 2021 - Learning skeletal articulations with neural blend shapes,['NVIDIA TITAN Xp'],['Intel Core i7-6950X']
2021/Li et al. - 2021 - SP-GAN sphere-guided 3D shape generation and manipulation,['NVIDIA TITAN Xp'],[]
2021/Liao et al. - 2021 - Real-time locally injective volumetric deformation,['NVIDIA TITAN RTX'],['Intel Core i5-8500']
2021/Liu et al. - 2021 - Knitting 4D garments with elasticity controlled for body motion,[],['Intel Core i7-9700']
2021/Liu et al. - 2021 - Modeling and fabrication with specified discrete equivalence classes,[],['Intel Core i7-8700K']
2021/Liu et al. - 2021 - Surface multigrid via intrinsic prolongation,[],[]
2021/Lombardi et al. - 2021 - Mixture of volumetric primitives for efficient neural rendering,['NVIDIA Tesla V100 PCIe 16 GB'],[]
2021/Ma et al. - 2021 - DiffAqua a differentiable computational design pipeline for soft underwater swimmers with shape int,[],[]
2021/Ma et al. - 2021 - Free-form scanning of non-planar appearance with neural trace photography,['NVIDIA GeForce RTX 3090'],[]
2021/Mahmoud et al. - 2021 - RXMesh a GPU mesh data structure,['NVIDIA Tesla V100 PCIe 16 GB'],['Intel Xeon E5-2698 v3']
2021/Makatura et al. - 2021 - Pareto gamuts exploring optimal designs across varying contexts,[],[]
2021/Mandad and Campen - 2021 - Guaranteed-quality higher-order triangular meshing of 2D domains,[],[]
2021/Mantiuk et al. - 2021 - FovVideoVDP a visible difference predictor for wide field-of-view video,"['NVIDIA GeForce RTX 2080', 'NVIDIA Tesla P100 PCIe 12 GB']",['Intel Core i7-7800X']
2021/Martel et al. - 2021 - Acorn adaptive coordinate networks for neural scene representation,"['NVIDIA TITAN V', 'NVIDIA RTX A6000']",[]
2021/Meekes and Vaxman - 2021 - Unconventional patterns on surfaces,[],[]
2021/Metzer et al. - 2021 - Orienting point clouds with dipole propagation,[],[]
2021/Michel and Boubekeur - 2021 - DAG amendment for inverse control of parametric shapes,[],[]
2021/Mo et al. - 2021 - General virtual sketching framework for vector line art,['NVIDIA GeForce RTX 2070'],['Intel Core i7-8700']
2021/Mu╠êller et al. - 2021 - Real-time neural radiance caching for path tracing,['NVIDIA GeForce RTX 3090'],['Intel Core i9-9900K']
2021/Nabizadeh et al. - 2021 - Kelvin transformations for simulations on infinite domains,[],[]
2021/Nader et al. - 2021 - KnitKit a flexible system for machine knitting of customizable textiles,[],[]
2021/Nindel et al. - 2021 - A gradient-based framework for 3D print appearance optimization,"['NVIDIA TITAN RTX', 'NVIDIA GeForce RTX 3080']",[]
2021/Pandey et al. - 2021 - Total relighting learning to relight portraits for background replacement,"['NVIDIA Tesla V100 PCIe 16 GB', 'NVIDIA Quadro P6000']",[]
2021/Panetta et al. - 2021 - Computational inverse design of surface-based inflatables,[],[]
2021/Pellis et al. - 2021 - Computational design of weingarten surfaces,[],['Intel Core i7-10750H']
2021/Peng et al. - 2021 - AMP adversarial motion priors for stylized physics-based character control,[],[]
2021/Peters - 2021 - BRDF importance sampling for polygonal lights,['NVIDIA GeForce RTX 2080 Ti'],['Intel Core i5-9600K']
2021/Pietroni et al. - 2021 - Reliable feature-line driven quad-remeshing,[],[]
2021/Pluta et al. - 2021 - PH-CPF planar hexagonal meshing using coordinate power fields,[],[]
2021/Qu and James - 2021 - Fast linking numbers for topology verification of loopy structures,['NVIDIA GeForce GTX 1080'],['Intel Xeon E5-2697 v3']
2021/R et al. - 2021 - PhotoApp photorealistic appearance editing of head portraits,"['NVIDIA Quadro RTX 8000', 'NVIDIA Tesla V100 PCIe 16 GB']",[]
2021/Randrianandrasana et al. - 2021 - Transfer matrix based layered materials rendering,[],['Intel Core i7-8750H']
2021/Ren et al. - 2021 - 3D weaving with curved ribbons,[],['AMD Ryzen Threadripper 3990X']
2021/Ren et al. - 2021 - Unified particle system for multiple-fluid flow and porous material,['NVIDIA GeForce GTX 1080 Ti'],[]
2021/Romero et al. - 2021 - Learning contact corrections for handle-based subspace dynamics,[],['Intel Core i7-7700K']
2021/Romero et al. - 2021 - Physical validation of simulators in computer graphics a new framework dedicated to slender elastic,[],[]
2021/Ruan et al. - 2021 - Solid-fluid interaction with surface-tension-dominant contact,"['NVIDIA GeForce RTX 2070', 'NVIDIA Quadro RTX 8000']",['Intel Xeon W-3175X']
2021/Sato et al. - 2021 - Stream-guided smoke simulations,[],['Intel Core i9-9900K']
2021/Schissler et al. - 2021 - Fast diffraction pathfinding for dynamic sound propagation,[],['Intel Core i7-4770K']
2021/Sella╠ün et al. - 2021 - Swept volumes via spacetime numerical continuation,[],[]
2021/Serrano et al. - 2021 - The effect of shape and illumination on material perception model and applications,[],[]
2021/Shen et al. - 2021 - High-order differentiable autoencoder for nonlinear model reduction,['NVIDIA GeForce RTX 2080'],['Intel Core i7-9700']
2021/Shimada et al. - 2021 - Neural monocular 3D human motion capture with physical awareness,['NVIDIA Quadro RTX 8000'],['AMD EPYC 7502P']
2021/Smirnov and Solomon - 2021 - HodgeNet learning spectral geometry on triangle meshes,[],[]
2021/Soliman et al. - 2021 - Constrained willmore surfaces,[],['Intel Core i7-7700HQ']
2021/Song et al. - 2021 - AgileGAN stylizing portraits by inversion-consistent transfer learning,['NVIDIA Tesla V100 PCIe 16 GB'],[]
2021/Sperl et al. - 2021 - Mechanics-aware deformation of yarn pattern geometry,['NVIDIA GeForce GTX 1080 Ti'],['Intel Core i7-7820X']
2021/Srinivasan et al. - 2021 - Learning active quasistatic physics-based models from data,['NVIDIA Quadro RTX 8000'],['Intel Core i9-9940X']
2021/Starke et al. - 2021 - Neural animation layering for synthesizing martial arts movements,['NVIDIA GeForce RTX 2080'],['Intel Core i9-9980HK']
2021/Steinberg and Yan - 2021 - A generic framework for physical light transport,[],[]
2021/Su et al. - 2021 - A unified second-order accurate in time MPM formulation for simulating viscoelastic liquids with pha,[],"['Intel Core i7-8565U', 'Intel Xeon E5-1620 v4']"
2021/Sun et al. - 2021 - End-to-end complex lens design with differentiate ray tracing,['NVIDIA TITAN RTX'],[]
2021/Tov et al. - 2021 - Designing an encoder for StyleGAN image manipulation,['NVIDIA Tesla P40'],[]
2021/Trusty et al. - 2021 - The shape matching element method direct animation of curved surface models,['Intel Iris Plus Graphics 655 Mobile'],[]
2021/Van Mossel et al. - 2021 - StrokeStrip joint parameterization and fitting of stroke clusters,[],[]
2021/Vicini et al. - 2021 - A non-exponential transmittance model for volumetric scene representations,['NVIDIA TITAN RTX'],[]
2021/Vicini et al. - 2021 - Path replay backpropagation differentiating light paths using constant memory and linear time,['NVIDIA TITAN RTX'],['Intel Core i7-7800X']
2021/Walton et al. - 2021 - Beyond blur real-time ventral metamers for foveated rendering,"['NVIDIA GeForce RTX 2080 Ti', 'NVIDIA GeForce RTX 2080', 'NVIDIA GeForce GTX 1650 Ti Mobile']","['Intel Core i7-10750H', 'Intel Core i9-9900']"
2021/Wang - 2021 - GPU-based simulation of cloth wrinkles at submillimeter levels,"['NVIDIA TITAN Xp', 'NVIDIA GeForce RTX 2080 Ti']",['Intel Core i7-6700']
2021/Wang and Chern - 2021 - Computing minimal surfaces with differential forms,[],[]
2021/Wang and Solomon - 2021 - Fast quasi-harmonic weights for geometric data interpolation,[],['Intel Core i9-7900X']
2021/Wang et al. - 2021 - MOCCA modeling and optimizing cone-joints for complex assemblies,[],['AMD Ryzen Threadripper 3990X']
2021/Wang et al. - 2021 - Thin-film smoothed particle hydrodynamics fluid,[],['AMD Ryzen Threadripper 3990X']
2021/Wang et al. - 2021 - Tracing versus freehand for evaluating computer-generated drawings,[],[]
2021/Wilkie et al. - 2021 - A fitted radiance and attenuation model for realistic atmospheres,[],[]
2021/Willis et al. - 2021 - Fusion 360 gallery a dataset and environment for programmatic CAD construction from human design se,['NVIDIA Tesla V100 PCIe 16 GB'],[]
2021/Won et al. - 2021 - Control strategies for physically simulated characters performing two-player competitive sports,[],['Intel Xeon E5-2698B v3']
2021/Wu et al. - 2021 - Coarse-to-fine facial structure editing of portrait images via latent space classifications,['NVIDIA GeForce RTX 2060'],[]
2021/Xiang - 2021 - Eliminating topological errors in neural network rotation estimation using self-selecting ensembles,[],[]
2021/Xie et al. - 2021 - Seamless manga inpainting with semantics awareness,[],[]
2021/Xiong et al. - 2021 - Incompressible flow simulation on vortex segment clouds,['NVIDIA GeForce RTX 2080 Ti'],[]
2021/Xu et al. - 2021 - Scalable image-based indoor scene rendering with reflections,['NVIDIA GeForce RTX 2080 Ti'],['Intel Core i7-7700K']
2021/Yaldiz et al. - 2021 - DeepFormableTag end-to-end generation and recognition of deformable fiducial markers,['NVIDIA TITAN RTX'],[]
2021/Yang and Chen - 2021 - Unsupervised learning for cuboid shape abstraction via joint segmentation from point clouds,['NVIDIA GeForce GTX 1080 Ti'],[]
2021/Yang et al. - 2021 - Clebsch gauge fluid,"['NVIDIA Quadro RTX 8000', 'NVIDIA GeForce RTX 2070']",[]
2021/Yang et al. - 2021 - WireRoom model-guided explorative design of abstract wire art,[],[]
2021/Yi et al. - 2021 - TransPose real-time 3D human translation and pose estimation with six inertial sensors,"['NVIDIA GeForce RTX 2080 SUPER', 'NVIDIA GeForce GTX 1080 Ti']","['Intel Core i7-8700', 'Intel Core i7-10750H']"
2021/Yin et al. - 2021 - Discovering diverse athletic jumping strategies,"['NVIDIA GeForce GTX 1080', 'NVIDIA Quadro RTX 6000']",['Intel Core i7-8700K']
2021/Zeltner et al. - 2021 - Monte Carlo estimators for differential light transport,['NVIDIA TITAN RTX'],[]
2021/Zhang et al. - 2021 - Antithetic sampling for Monte Carlo differentiable rendering,[],['Intel Core i7-7820X']
2021/Zhang et al. - 2021 - Consistent depth of moving objects in video,['NVIDIA Tesla P100 PCIe 12 GB'],[]
2021/Zhang et al. - 2021 - Editable free-viewpoint video using a layered neural representation,['NVIDIA GeForce RTX 3090'],[]
2021/Zhang et al. - 2021 - ManipNet neural manipulation synthesis with a hand-object spatial representation,['NVIDIA GeForce RTX 2080'],[]
2021/Zhang et al. - 2021 - Path-space differentiable rendering of participating media,[],['Intel Core i7-7820X']
2021/Zhang et al. - 2021 - ROSEFusion random optimization for online dense reconstruction under fast camera motion,['NVIDIA GeForce RTX 2080 SUPER'],['Intel Core i7-5930K']
2021/Zhu et al. - 2021 - Hierarchical neural reconstruction for path guiding using hybrid path and photon samples,['NVIDIA TITAN RTX'],['Intel Core i9-7960X']
2021/Zhu et al. - 2021 - Neural complex luminaires representation and rendering,"['NVIDIA GeForce RTX 3090', 'NVIDIA GeForce RTX 2080 Ti']",['Intel Core i9-10900KF']
2022/Aigerman et al. - 2022 - Neural jacobian fields learning intrinsic mappings of arbitrary meshes,['NVIDIA Tesla V100 PCIe 16 GB'],[]
2022/Ansari et al. - 2022 - Mixed integer neural inverse design,"['NVIDIA TITAN Xp', 'NVIDIA GeForce GTX TITAN X']",[]
2022/Araújo et al. - 2022 - As-locally-uniform-as-possible reshaping of vector clip-art,[],['Intel Core i7-7700']
2022/Brodt and Bessmeltsev - 2022 - Sketch2Pose estimating a 3D character pose from a bitmap sketch,['NVIDIA GeForce RTX 2080 Ti'],['Intel Core i7-9700K']
2022/Brückler et al. - 2022 - Volume parametrization quantization for hexahedral meshing,[],[]
2022/Bunge et al. - 2022 - Variational quadratic shape functions for polygons and polyhedra,[],[]
2022/Cao et al. - 2022 - Authentic volumetric avatars from a phone scan,['NVIDIA Tesla V100 PCIe 16 GB'],[]
2022/Chandran et al. - 2022 - Local anatomically-constrained facial performance retargeting,[],['Intel Core i7-7700HQ']
2022/Chen et al. - 2022 - A unified newton barrier method for multibody dynamics,['NVIDIA GeForce RTX 3090'],['Intel Core i9-10920X']
2022/Chen et al. - 2022 - Computational design of high-level interlocking puzzles,[],[]
2022/Chen et al. - 2022 - Neural dual contouring,"['NVIDIA GeForce GTX 1080 Ti', 'NVIDIA GeForce RTX 3090']",[]
2022/Chen et al. - 2022 - Simulation and optimization of magnetoelastic thin shells,[],['Intel Core i7-8700']
2022/Chu et al. - 2022 - Physics informed neural fields for smoke reconstruction with sparse data,['NVIDIA Quadro RTX 8000'],[]
2022/De Goes et al. - 2022 - Character articulation through profile curves,[],['Intel Xeon E5-2699 v3']
2022/Deng et al. - 2022 - A moving eulerian-lagrangian particle method for thin film and foam simulation,[],"['AMD Ryzen Threadripper 3990X', 'Intel Core i9-9980HK']"
2022/Du et al. - 2022 - Robust computation of implicit surface networks for piecewise linear functions,[],[]
2022/Duinkharjav et al. - 2022 - Image features influence reaction time a learned probabilistic perceptual model for saccade latency,['NVIDIA GeForce RTX 3090'],[]
2022/Fang et al. - 2022 - TopoCut fast and robust planar cutting of arbitrary domains,[],[]
2022/Fouladi et al. - 2022 - R2E2 low-latency path tracing of terabyte-scale scenes using thousands of cloud CPUs,[],[]
2022/Gal et al. - 2022 - StyleGAN-NADA CLIP-guided domain adaptation of image generators,[],[]
2022/Goel and James - 2022 - Unified many-worlds browsing of arbitrary physics-based animations,[],[]
2022/Grittmann et al. - 2022 - Efficiency-aware multiple importance sampling for bidirectional rendering algorithms,[],['AMD Ryzen 9 3950X']
2022/Guerrero et al. - 2022 - MatFormer a generative model for procedural materials,[],[]
2022/Guo et al. - 2022 - ComplexGen CAD reconstruction by B-rep chain complex generation,['NVIDIA Tesla V100 PCIe 16 GB'],[]
2022/Härkönen et al. - 2022 - Disentangling random and cyclic effects in time-lapse sequences,['NVIDIA Tesla V100 PCIe 16 GB'],[]
2022/Hertz et al. - 2022 - SPAGHETTI editing implicit shapes through part aware generation,['NVIDIA RTX A6000'],[]
2022/Hong et al. - 2022 - AvatarCLIP zero-shot text-driven generation and animation of 3D avatars,[],[]
2022/Hou et al. - 2022 - Iterative poisson surface reconstruction (iPSR) for unoriented points,['NVIDIA GeForce RTX 3090'],['Intel Core i9-11900K']
2022/Hsu et al. - 2022 - A general two-stage initialization for sag-free deformable simulations,[],"['Intel Core i9-9980XE', 'AMD Ryzen Threadripper 3970X', 'Intel Xeon E5-2643 v3', 'AMD Ryzen 9 5950X']"
2022/Hu et al. - 2022 - Photo-to-shape material transfer for diverse structures,[],[]
2022/Hwang et al. - 2022 - Sparse ellipsometry portable acquisition of polarimetric SVBRDF and shape with unstructured flash p,['NVIDIA TITAN RTX'],['Intel Core i9-12900']
2022/Jakob et al. - 2022 - DR.JIT a just-in-time compiler for differentiable rendering,['NVIDIA RTX A6000'],['AMD Ryzen Threadripper 3990X']
2022/Jang et al. - 2022 - Egocentric scene reconstruction from an omnidirectional video,['NVIDIA TITAN RTX'],[]
2022/Jeon et al. - 2022 - Dynamic optimal space partitioning for redirected walking in multi-user environment,['NVIDIA GeForce RTX 3090'],['Intel Core i7-11700']
2022/Jiang et al. - 2022 - Text2Human text-driven controllable human image generation,['NVIDIA Tesla V100 PCIe 16 GB'],[]
2022/Jin et al. - 2022 - NeuralSound learning-based modal sound synthesis with acoustic transfer,['NVIDIA GeForce RTX 3080 Ti'],['Intel Core i7-8700K']
2022/Kim et al. - 2022 - Accommodative holography improving accommodation response for perceptually realistic holographic di,['NVIDIA GeForce RTX 3080 Ti'],[]
2022/Kim et al. - 2022 - Modeling and rendering non-euclidean spaces approximated with concatenated polytopes,['NVIDIA GeForce RTX 3090'],['AMD Ryzen 7 3800X']
2022/Kodnongbua et al. - 2022 - Computational design of passive grippers,[],[]
2022/Korosteleva and Lee - 2022 - NeuralTailor reconstructing sewing pattern structures from 3D point clouds of garments,['NVIDIA TITAN Xp'],[]
2022/Kuang et al. - 2022 - NeROIC neural rendering of objects from online image collections,['NVIDIA Tesla V100 PCIe 16 GB'],[]
2022/Lai et al. - 2022 - Face deblurring using dual camera fusion on mobile phones,['NVIDIA Quadro P5000'],[]
"2022/Lan et al. - 2022 - Affine body dynamics fast, stable and intersection-free simulation of stiff materials",['NVIDIA GeForce RTX 3090'],['Intel Core i9-11900K']
2022/Lan et al. - 2022 - Penetration-free projective dynamics on the GPU,['NVIDIA GeForce RTX 3090'],[]
2022/Lang and Nacenta - 2022 - Perception of letter glyph parameters for InfoTypography,[],[]
2022/Larsson et al. - 2022 - Procedural texturing of solid wood with knots,[],[]
2022/Lecouat et al. - 2022 - High dynamic range and super-resolution from raw image bursts,['NVIDIA TITAN RTX'],[]
2022/Lee et al. - 2022 - Rapid design of articulated objects,[],[]
2022/Lesser et al. - 2022 - Loki a unified multiphysics simulation framework for production,[],[]
2022/Li et al. - 2022 - Computing sparse integer-constrained cones for conformal parameterizations,[],[]
2022/Li et al. - 2022 - Efficient kinetic simulation of two-phase flows,"['NVIDIA RTX A6000', 'NVIDIA GeForce GTX 1080 Ti']",[]
2022/Li et al. - 2022 - Energetically consistent inelasticity for optimization time integration,[],['Intel Core i9-10920X']
"2022/Li et al. - 2022 - EyeNeRF a hybrid representation for photorealistic synthesis, animation and relighting of human eye",['NVIDIA Tesla V100 PCIe 16 GB'],[]
2022/Li et al. - 2022 - Free2CAD parsing freehand drawings into CAD commands,"['NVIDIA GeForce GTX TITAN', 'NVIDIA GeForce RTX 2070 SUPER']",['Intel Core i9-9900T']
2022/Li et al. - 2022 - GANimator neural motion synthesis from a single sequence,['NVIDIA GeForce RTX 2080'],[]
2022/Li et al. - 2022 - Interactive augmented reality storytelling guided by scene semantics,['NVIDIA GeForce RTX 2070'],['Intel Core i7-9700']
2022/Li et al. - 2022 - NIMBLE a non-rigid hand model with bones and muscles,['NVIDIA GeForce RTX 3090'],[]
2022/Lin et al. - 2022 - Generalized resampled importance sampling foundations of ReSTIR,['NVIDIA GeForce RTX 3090'],[]
2022/Liu et al. - 2022 - ASSET autoregressive semantic scene editing with transformers at high resolutions,['NVIDIA A100 PCIe 40 GB'],[]
2022/Liu et al. - 2022 - Automatic quantization for physics-based simulation,"['NVIDIA GeForce RTX 3090', 'NVIDIA GeForce GTX 1080 Ti']",['Intel Core i7-7700K']
2022/Liu et al. - 2022 - DeepFaceVideoEditing sketch-based deep editing of face videos,['NVIDIA GeForce RTX 2080 Ti'],['Intel Core i7-7700']
2022/Luo et al. - 2022 - Artemis articulated neural pets with appearance and motion synthesis,"['NVIDIA TITAN RTX', 'NVIDIA GeForce RTX 3090']",[]
2022/Madan and Levin - 2022 - Fast evaluation of smooth distance constraints on co-dimensional geometry,['NVIDIA TITAN RTX'],[]
"2022/Mantiuk et al. - 2022 - stelaCSF a unified model of contrast sensitivity as the function of spatio-temporal frequency, ecce",[],[]
2022/Matveev et al. - 2022 - DEF deep estimation of sharp geometric features in 3D shapes,['NVIDIA Tesla V100 PCIe 16 GB'],[]
2022/Men et al. - 2022 - DCT-net domain-calibrated translation for portrait stylization,[],[]
2022/Mercier et al. - 2022 - Moving level-of-detail surfaces,[],[]
2022/Mercier-Aubin et al. - 2022 - Adaptive rigidification of elastic solids,[],['Intel Core i7-6700K']
2022/Misso et al. - 2022 - Unbiased and consistent rendering using biased estimators,[],[]
2022/Morsy et al. - 2022 - Shape dithering for 3D printing,[],[]
2022/Müller et al. - 2022 - Instant neural graphics primitives with a multiresolution hash encoding,['NVIDIA GeForce RTX 3090'],[]
2022/Nabizadeh et al. - 2022 - Covector fluids,['NVIDIA GeForce RTX 2080'],['Intel Core i7-9700KF']
2022/Nguyen-Phuoc et al. - 2022 - SNeRF stylized neural implicit representations for 3D scenes,['NVIDIA Tesla V100 PCIe 16 GB'],[]
2022/Nimier-David et al. - 2022 - Unbiased inverse volume rendering with differential trackers,['NVIDIA GeForce RTX 3090'],[]
2022/Padilla et al. - 2022 - Filament based plasma,[],['AMD Ryzen 7 5800X']
2022/Paulin et al. - 2022 - MatBuilder mastering sampling uniformity over projections,[],['Intel Xeon E5-2650 v2']
2022/Pałubicki et al. - 2022 - Ecoclimates climate-response modeling of vegetation,['NVIDIA GeForce GTX 1050'],[]
2022/Peng et al. - 2022 - ASE large-scale reusable adversarial skill embeddings for physically simulated characters,['NVIDIA Tesla V100 PCIe 16 GB'],[]
2022/Pietroni et al. - 2022 - Computational pattern making from 3D garment models,[],[]
2022/Piovarči et al. - 2022 - Closed-loop control of direct ink writing via reinforcement learning,[],[]
2022/Portaneri et al. - 2022 - Alpha wrapping with an offset,[],[]
2022/Qu et al. - 2022 - The power particle-in-cell method,[],['Intel Core i7-9700']
2022/Rath et al. - 2022 - EARS efficiency-aware russian roulette and splitting,[],['AMD Ryzen 9 3950X']
2022/Ren et al. - 2022 - Umbrella meshes elastic mechanisms for freeform shape deployment,[],[]
2022/Rodríguez and Cirio - 2022 - True seams modeling seams in digital garments,['NVIDIA GeForce GTX 1080'],['Intel Core i7-7700K']
2022/Romero et al. - 2022 - Contact-centric deformation learning,[],['Intel Core i7-7700K']
2022/Rückert et al. - 2022 - ADOP approximate differentiable one-pixel point rendering,"['NVIDIA A100 PCIe 40 GB', 'NVIDIA GeForce RTX 3080', 'NVIDIA GeForce RTX 2080 Ti']",[]
2022/Rückert et al. - 2022 - NeAT neural adaptive tomography,[],[]
2022/Salaün et al. - 2022 - Regression-based Monte Carlo integration,[],"['AMD EPYC 7702', 'Intel Core i9-8950HK']"
2022/Sawhney et al. - 2022 - Grid-free Monte Carlo for PDEs with spatially varying coefficients,[],[]
2022/Shao et al. - 2022 - A fast unsmoothed aggregation algebraic multigrid framework for the large-scale simulation of incomp,[],['Intel Xeon E5-2687W']
2022/Sharp and Jacobson - 2022 - Spelunking the deep guaranteed queries on general neural implicit surfaces via range analysis,[],[]
2022/She et al. - 2022 - Learning high-DOF reaching-and-grasping via dynamic representation of gripper-object interaction,[],[]
2022/Shen et al. - 2022 - Which cross fields can be quadrangulated global parameterization from prescribed holonomy signature,[],[]
2022/Shi et al. - 2022 - Seeing through obstructions with diffractive cloaking,[],[]
2022/Sperl et al. - 2022 - Estimation of yarn-level simulation models for production fabrics,[],[]
2022/Starke et al. - 2022 - DeepPhase periodic autoencoders for learning motion phase manifolds,['NVIDIA GeForce RTX 3080'],[]
2022/Steinberg et al. - 2022 - Towards practical physical-optics rendering,[],"['AMD Ryzen 9 5950X', 'AMD Ryzen Threadripper 5990X']"
2022/Su et al. - 2022 - SPCBPT subspace-based probabilistic connections for bidirectional path tracing,['NVIDIA GeForce RTX 2080 SUPER'],['Intel Core i7-10700']
2022/Sun et al. - 2022 - WallPlan synthesizing floorplans by learning to generate wall graphs,['NVIDIA GeForce RTX 3090'],[]
2022/Takayama - 2022 - Compatible intrinsic triangulations,[],['AMD Ryzen 9 3900X']
2022/Tang et al. - 2022 - Real-time controllable motion transition for characters,['NVIDIA GeForce RTX 2080'],['AMD Ryzen 9 3950X']
2022/Tao et al. - 2022 - VEMPIC particle-in-polyhedron fluid simulation for intricate solid boundaries,[],['AMD Ryzen 9 5900X']
2022/Tariq et al. - 2022 - Noise-based enhancement for foveated rendering,['NVIDIA GeForce RTX 2080'],['Intel Core i7-9700KF']
2022/Teh et al. - 2022 - Adjoint nonlinear ray tracing,['NVIDIA GeForce RTX 3090'],[]
2022/Trettner et al. - 2022 - EMBER exact mesh booleans via efficient &amp; robust local arrangements,[],['Intel Core i9-9900K']
2022/Tu et al. - 2022 - Clustered vector textures,[],['AMD Ryzen 9 3950X']
2022/Vicini et al. - 2022 - Differentiable signed distance function rendering,['NVIDIA TITAN RTX'],[]
"2022/Vilesov et al. - 2022 - Blending camera and 77 GHz radar sensing for equitable, robust plethysmography",['NVIDIA Tesla P100 PCIe 12 GB'],[]
2022/Vinker et al. - 2022 - CLIPasso semantically-aware object sketching,[],[]
2022/Wang et al. - 2022 - Dual octree graph networks for learning adaptive volumetric shape representations,['NVIDIA Tesla V100 PCIe 16 GB'],[]
2022/Wang et al. - 2022 - Joint neural phase retrieval and compression for energy- and computation-efficient holography on the,[],[]
2022/Wang et al. - 2022 - Position-free multiple-bounce computations for smith microfacet BSDFs,['NVIDIA GeForce RTX 2080 Ti'],[]
2022/Wang et al. - 2022 - Rewriting geometric rules of a GAN,['NVIDIA RTX A5000'],[]
2022/Wei et al. - 2022 - Approximate convex decomposition for 3D meshes with collision-aware concavity and tree search,[],[]
2022/Wiersma et al. - 2022 - DeltaConv anisotropic operators for geometric deep learning on point clouds,['NVIDIA GeForce RTX 2080 Ti'],[]
2022/Winberg et al. - 2022 - Facial hair tracking for high fidelity performance capture,[],[]
2022/Wolski et al. - 2022 - Dark stereo improving depth perception under low luminance,['NVIDIA GeForce GTX 1080'],['Intel Core i9-8950HK']
2022/Won et al. - 2022 - Physics-based character controllers using conditional VAEs,['NVIDIA Quadro GP100'],[]
2022/Wretborn et al. - 2022 - Guided bubbles and wet foam for realistic whitewater simulation,[],[]
2022/Wu et al. - 2022 - A GPU-based multilevel additive schwarz preconditioner for cloth and deformable body simulation,['NVIDIA GeForce RTX 3080'],['Intel Core i7-9700']
2022/Wu et al. - 2022 - Scalable neural indoor scene rendering,"['NVIDIA GeForce RTX 3090', 'NVIDIA Tesla V100 PCIe 16 GB']",['Intel Xeon E5-2678 v3']
2022/Xiong et al. - 2022 - A clebsch method for free-surface vortical flow simulation,"['NVIDIA Quadro RTX 8000', 'NVIDIA Tesla V100 PCIe 16 GB', 'NVIDIA GeForce RTX 2080 Ti', 'NVIDIA GeForce RTX 2070']",[]
2022/Yan et al. - 2022 - Efficient estimation of boundary integrals for path-space differentiable rendering,['NVIDIA TITAN RTX'],['AMD Ryzen Threadripper PRO 3975WX']
2022/Yang et al. - 2022 - Aδ autodiff for discontinuous programs - applied to shaders,[],[]
2022/Yang et al. - 2022 - Implicit neural representation for physics-driven actuated soft bodies,['NVIDIA GeForce RTX 2080 Ti'],[]
2022/Yang et al. - 2022 - Learning to use chopsticks in diverse gripping styles,[],['Intel Core i9-9980XE']
2022/Yang et al. - 2022 - Neural rendering in a room amodal 3D understanding and free-viewpoint rendering for the closed scen,['NVIDIA GeForce RTX 3090'],[]
2022/Yin et al. - 2022 - Detecting viewer-perceived intended vector sketch connectivity,[],[]
2022/Yu et al. - 2022 - Piecewise-smooth surface fitting onto unstructured 3D sketches,[],[]
2022/Zhao et al. - 2022 - Developability-driven piecewise approximations for triangular meshes,[],['Intel Core i7-8700K']
2022/Zhi et al. - 2022 - Semantically supervised appearance decomposition for virtual staging from a single panorama,['NVIDIA TITAN Xp'],[]
2022/Zhu et al. - 2022 - Practical level-of-detail aggregation of fur appearance,[],['Intel Core i9-10900KF']
2023/Abu Rmaileh and Brunton - 2023 - Meso-Facets for Goniochromatic 3D Printing,[],['AMD Ryzen 9 3900X']
"2023/Alexanderson et al. - 2023 - Listen, Denoise, Action! Audio-Driven Motion Synthesis with Diffusion Models",[],[]
2023/Ao et al. - 2023 - GestureDiffuCLIP Gesture Diffusion Model with CLIP Latents,['NVIDIA Tesla V100 PCIe 16 GB'],[]
2023/Avrahami et al. - 2023 - Blended Latent Diffusion,['NVIDIA A10 PCIe'],[]
2023/Barda et al. - 2023 - Generative Design of Sheet Metal Structures,[],[]
"2023/Bati et al. - 2023 - Coupling Conduction, Convection and Radiative Transfer in a Single Path-Space Application to Infrar",[],[]
2023/Benchekroun et al. - 2023 - Fast Complementary Dynamics via Skinning Eigenmodes,['NVIDIA GeForce RTX 3050 Ti Mobile'],['Intel Core i9-12900HK']
2023/Cao et al. - 2023 - ScanBot Autonomous Reconstruction via Deep Reinforcement Learning,[],[]
2023/Cao et al. - 2023 - Unsupervised Learning of Robust Spectral Shape Matching,[],[]
2023/Chae et al. - 2023 - E╠ütendue Expansion in Holographic Near Eye Displays through Sparse Eye-box Generation Using Lens Arra,"['NVIDIA Quadro P5000', 'NVIDIA GeForce RTX 3080']",['Intel Xeon W-2133']
2023/Chao et al. - 2023 - ColorfulCurves Palette-Aware Lightness Control and Color Editing via Sparse Optimization,[],[]
2023/Charalambous et al. - 2023 - GREIL-Crowds Crowd Simulation with Deep Reinforcement Learning and Examples,[],[]
2023/Chefer et al. - 2023 - Attend-and-Excite Attention-Based Semantic Guidance for Text-to-Image Diffusion Models,[],[]
2023/Chen et al. - 2023 - Complex Wrinkle Field Evolution,[],[]
2023/Chen et al. - 2023 - Dictionary Fields Learning a Neural Basis Decomposition,[],[]
2023/Chen et al. - 2023 - Masonry Shell Structures with Discrete Equivalence Classes,[],[]
2023/Chen et al. - 2023 - Robust Low-Poly Meshing for General 3D Models,[],[]
2023/Chen et al. - 2023 - Shortest Path to Boundary for Self-Intersecting Meshes,['NVIDIA GeForce RTX 3080 Ti'],['AMD Ryzen 9 5950X']
2023/Cheng et al. - 2023 - Topology driven approximation to rational surface-surface intersection via interval algebraic topolo,[],[]
2023/Chermain et al. - 2023 - Orientable Dense Cyclic Infill for Anisotropic Appearance Fabrication,['NVIDIA GeForce RTX 2080'],['Intel Core i7-4770K']
2023/Cordonnier et al. - 2023 - Forming Terrains by Glacial Erosion,['NVIDIA RTX A500'],['Intel Xeon E5-2650']
"2023/Cui et al. - 2023 - Dense, Interlocking-Free and Scalable Spectral Packing of Generic 3D Objects",['NVIDIA GeForce RTX 3090 Ti'],['Intel Core i7-13700K']
2023/Deschaintre et al. - 2023 - The Visual Language of Fabrics,['NVIDIA GeForce RTX 3090'],[]
2023/Du et al. - 2023 - Image vectorization and editing via linear gradient layer decomposition,[],['Intel Core i9-9900K']
2023/Feng et al. - 2023 - Winding Numbers on Discrete Surfaces,[],['Intel Core i9-9980XE']
2023/Ferguson et al. - 2023 - In-Timestep Remeshing for Contacting Elastodynamics,[],['Intel Xeon Platinum 8268']
2023/Finnendahl et al. - 2023 - Efficient Embeddings in Exact Arithmetic,[],"['Intel Core i9-12900K', 'Intel Core i7-4770HQ']"
2023/Freire et al. - 2023 - PCBend Light Up Your 3D Shapes With Foldable Circuit Boards,[],['AMD Ryzen 9 5900X']
2023/Gal et al. - 2023 - Encoder-based Domain Tuning for Fast Personalization of Text-to-Image Models,['NVIDIA A100X'],['Intel A100']
2023/Gao et al. - 2023 - SketchFaceNeRF Sketch-based Facial Generation and Editing in Neural Radiance Fields,['NVIDIA GeForce RTX 3090'],[]
2023/Garces et al. - 2023 - Towards Material Digitization with a Dual-scale Optical System,[],[]
2023/Grandia et al. - 2023 - DOC Differentiable Optimal Control for Retargeting Motions onto Legged Robots,[],[]
2023/Gross et al. - 2023 - Motion from Shape Change,[],[]
2023/Gu et al. - 2023 - FactorMatte Redefining Video Matting for Re-Composition Tasks,[],[]
2023/Heistermann et al. - 2023 - Min-Deviation-Flow in Bi-directed Graphs for T-Mesh Quantization,[],['AMD EPYC 7742']
2023/Hinderink and Campen - 2023 - Galaxy Maps Localized Foliations for Bijective Volumetric Mapping,[],['AMD EPYC 7742']
2023/Hsu et al. - 2023 - Sag-Free Initialization for Strand-Based Hybrid Hair Simulation,['NVIDIA GeForce RTX 3090'],"['AMD Ryzen 9 5950X', 'AMD Ryzen Threadripper 3970X']"
2023/Hua et al. - 2023 - Revisiting controlled mixture sampling for rendering applications,[],[]
2023/Huang et al. - 2023 - ArrangementNet Learning Scene Arrangements for Vectorized Indoor Scene Modeling,['NVIDIA GeForce RTX 3090'],[]
2023/Huang et al. - 2023 - Patternshop Editing Point Patterns by Image Manipulation,['NVIDIA GeForce RTX 2080'],['Intel Core i7-9700KF']
2023/Iluz et al. - 2023 - Word-As-Image for Semantic Typography,[],[]
2023/Is╠º─▒k et al. - 2023 - HumanRF High-Fidelity Neural Radiance Fields for Humans in Motion,[],[]
2023/Jazar and Kry - 2023 - Temporal Set Inversion for Animated Implicits,[],[]
2023/Jeschke and Wojtan - 2023 - Generalizing Shallow Water Simulations with Dispersive Surface Waves,['NVIDIA GeForce RTX 2080 Max-Q'],[]
2023/Jones et al. - 2023 - B-rep Matching for Collaborating Across CAD Systems,['NVIDIA GeForce RTX 2080 Ti'],[]
2023/Jones et al. - 2023 - ShapeCoder Discovering Abstractions for Visual Programs from Unstructured Primitives,['NVIDIA GeForce RTX 3090 Ti'],['Intel Core i7-11700K']
2023/Kerbl et al. - 2023 - 3D Gaussian Splatting for Real-Time Radiance Field Rendering,[],[]
2023/Kim and Lee - 2023 - Potentially Visible Hidden-Volume Rendering for Multi-View Warping,['NVIDIA GeForce RTX 3090'],['Intel Core i9-10900']
2023/Kirschstein et al. - 2023 - NeRSemble Multi-view Radiance Field Reconstruction of Human Heads,['NVIDIA RTX A6000'],[]
2023/Krajancich et al. - 2023 - Towards AttentionÔÇôaware Foveated Rendering,[],[]
2023/Lai et al. - 2023 - Ôêç-Prox Differentiable Proximal Algorithm Modeling for Large-Scale Optimization,['NVIDIA A100X'],[]
2023/Lakshmipathy et al. - 2023 - Contact Edit Artist Tools for Intuitive Modeling of Hand-Object Interactions,[],[]
2023/Lan et al. - 2023 - Second-order Stencil Descent for Interior-point Hyperelasticity,['NVIDIA GeForce RTX 3090'],['Intel Core i9-11900K']
2023/Lee et al. - 2023 - Anatomically Detailed Simulation of Human Torso,[],['AMD Ryzen 9 5950X']
2023/Li and Desbrun - 2023 - Fluid-Solid Coupling in Kinetic Two-Phase Flow Simulation,['NVIDIA RTX A6000'],[]
2023/Li and Yu - 2023 - Generating Activity Snippets by Learning Human-Scene Interactions,[],[]
2023/Li et al. - 2023 - End-to-end Procedural Material Capture with Proxy-Free Mixed-Integer Optimization,[],[]
2023/Li et al. - 2023 - Example-based Motion Synthesis via Generative Motion Matching,['NVIDIA Tesla V100 PCIe 16 GB'],[]
2023/Li et al. - 2023 - Rhizomorph The Coordinated Function of Shoots and Roots,[],['Intel Core i9-10850K']
2023/Lin et al. - 2023 - Semantics and Scheduling for Machine Knitting Compilers,[],[]
2023/Liu and Bommes - 2023 - Locally Meshable Frame Fields,[],['AMD EPYC 7742']
2023/Liu et al. - 2023 - Deployable strip structures,[],"['Intel Core i7-10750H', 'Intel Xeon E5-2699A v4', 'Intel Xeon E5-2699 v3']"
2023/Liu et al. - 2023 - NeRO Neural Geometry and BRDF Reconstruction of Reflective Objects from Multiview Images,[],[]
2023/Liu et al. - 2023 - StripMaker Perception-driven Learned Vector Sketch Consolidation,[],[]
2023/Liu et al. - 2023 - Surface Simplification using Intrinsic Error Metrics,[],['Intel Core i7-8750H']
2023/Lyu et al. - 2023 - Building a Virtual Weakly-Compressible Wind Tunnel Testing Facility,['NVIDIA A100X'],[]
2023/Ma et al. - 2023 - Seeing Photons in Color,[],[]
2023/Maggiordomo et al. - 2023 - Micro-Mesh Construction,['NVIDIA GeForce RTX 4090'],[]
2023/Merrell - 2023 - Example-Based Procedural Modeling Using Graph Grammars,[],[]
2023/Miller et al. - 2023 - Boundary Value Caching for Walk on Spheres,[],[]
2023/Montes Maestre et al. - 2023 - Differentiable Stripe Patterns for Inverse Design of Structured Surfaces,[],[]
2023/Myronova et al. - 2023 - Differential Operators on Sketches via Alpha Contours,[],['Intel Core i9-9900K']
2023/Narumi et al. - 2023 - Inkjet 4D Print Self-folding Tessellated Origami Objects by Inkjet UV Printing,[],[]
2023/Nicolet et al. - 2023 - Recursive Control Variates for Inverse Rendering,[],[]
2023/Nigolian et al. - 2023 - Expansion Cones A Progressive Volumetric Mapping Framework,[],[]
2023/Pandey et al. - 2023 - Juxtaform interactive visual summarization for exploratory shape design,['NVIDIA GeForce RTX 3060 Mobile'],[]
2023/Pang et al. - 2023 - Bodyformer Semantics-guided 3D Body Gesture Synthesis with Transformer,['NVIDIA GeForce RTX 2080 Ti'],[]
2023/Panuelos et al. - 2023 - PolyStokes A Polynomial Model Reduction Method for Viscous Fluid Simulation,[],['AMD Ryzen 5 1400']
2023/Piovarci et al. - 2023 - Skin-Screen A Computational Fabrication Framework for Color Tattoos,[],[]
2023/Qin et al. - 2023 - Split-Lohmann Multifocal Displays,[],[]
2023/Reed et al. - 2023 - Neural Volumetric Reconstruction for Coherent Synthetic Aperture Sonar,['NVIDIA GeForce RTX 3090 Ti'],[]
2023/Reiser et al. - 2023 - MERF Memory-Efficient Radiance Fields for Real-time View Synthesis in Unbounded Scenes,['NVIDIA GeForce RTX 3090'],[]
2023/Royo et al. - 2023 - Virtual Mirrors Non-Line-of-Sight Imaging Beyond the Third Bounce,[],[]
2023/Sawhney et al. - 2023 - Walk on Stars A Grid-Free Monte Carlo Method for PDEs with Neumann Boundary Conditions,[],[]
2023/Seo et al. - 2023 - Semi-supervised reference-based sketch extraction using a contrastive learning framework,[],[]
"2023/Shacklett et al. - 2023 - An Extensible, Data-Oriented Architecture for High-Performance, Many-World Simulation",['NVIDIA GeForce RTX 4090'],"['Intel Core i9-13900HK', 'Intel Core i9-13900K']"
2023/Sharma et al. - 2023 - Materialistic Selecting Similar Materials in Images,['NVIDIA A10G'],[]
2023/Shen et al. - 2023 - CT2Hair High-Fidelity 3D Hair Modeling using Computed Tomography,['NVIDIA GeForce RTX 3090'],[]
2023/Shen et al. - 2023 - Flexible Isosurface Extraction for Gradient-Based Mesh Optimization,[],[]
2023/Shen et al. - 2023 - Scratch-based Reflection Art via Differentiable Rendering,['NVIDIA GeForce RTX 3090'],['AMD Ryzen 9 5950X']
2023/Song et al. - 2023 - Guided Linear Upsampling,['NVIDIA GeForce GTX 1650'],[]
2023/Sugimoto et al. - 2023 - A Practical Walk-on-Boundary Method for Boundary Value Problems,[],[]
2023/Sun et al. - 2023 - Eventfulness for Interactive Video Alignment,[],[]
2023/Tabellion et al. - 2023 - Computational Long Exposure Mobile Photography,[],[]
2023/Tang et al. - 2023 - Beyond Chainmail Computational Modeling of Discrete Interlocking Materials,[],['Intel Core i9-12900HK']
2023/Trevithick et al. - 2023 - Real-Time Radiance Fields for Single-Image Portrait View Synthesis,['NVIDIA GeForce RTX 3090'],[]
2023/Vaidyanathan et al. - 2023 - Random-Access Neural Compression of Material Textures,['NVIDIA GeForce RTX 4090'],[]
2023/Valevski et al. - 2023 - UniTune Text-Driven Image Editing by Fine Tuning a Diffusion Model on a Single Image,[],[]
2023/Vidulis et al. - 2023 - Computational Exploration of Multistable Elastic Knots,[],['AMD Ryzen Threadripper 3990X']
2023/Voglreiter et al. - 2023 - Trim Regions for Online Computation of From-Region Potentially Visible Sets,"['NVIDIA GeForce RTX 4090', 'NVIDIA TITAN Xp']",['Intel Core i7-7700']
2023/Wang - 2023 - OctFormer Octree-based Transformers for 3D Point Clouds,['NVIDIA GeForce RTX 3090'],[]
2023/Wang et al. - 2023 - A Temporal Coherent Topology Optimization Approach for Assembly Planning of Bespoke Frame Structures,[],['AMD Ryzen Threadripper PRO 5995WX']
2023/Wang et al. - 2023 - Language-based Photo Color Adjustment for Graphic Designs,[],[]
2023/Wang et al. - 2023 - Variational quasi-harmonic maps for computing diffeomorphisms,[],[]
2023/Weier et al. - 2023 - Neural Prefiltering for Correlation-Aware Levels of Detail,['NVIDIA GeForce RTX 3080'],[]
2023/Weinrauch et al. - 2023 - Effect-based Multi-viewer Caching for Cloud-native Rendering,"['NVIDIA GeForce RTX 3090 Ti', 'NVIDIA RTX A6000']",[]
2023/Xia et al. - 2023 - A Practical Wave Optics Reflection Model for Hair and Fur,['NVIDIA GeForce RTX 3090'],['AMD Ryzen Threadripper 3970X']
2023/Xie et al. - 2023 - A Contact Proxy Splitting Method for Lagrangian Solid-Fluid Coupling,[],['Intel Core i9-10920X']
2023/Xiong et al. - 2023 - ETER Elastic Tessellation for Real-Time Pixel-Accurate Rendering of Large-Scale NURBS Models,['NVIDIA GeForce RTX 3090 Ti'],['Intel Core i7-13700KF']
2023/Xu et al. - 2023 - Composite Motion Learning with Task Control,['NVIDIA Tesla V100 PCIe 16 GB'],[]
2023/Xu et al. - 2023 - Globally Consistent Normal Orientation for Point Clouds by Regularizing the Winding-Number Field,['NVIDIA GeForce RTX 3090'],['AMD Ryzen 9 5950X']
2023/Xue et al. - 2023 - Improved Water Sound Synthesis using Coupled Bubbles,['NVIDIA GeForce RTX 4090'],[]
"2023/Yi et al. - 2023 - EgoLocate Real-time Motion Capture, Localization, and Mapping with Sparse Body-mounted Sensors",[],['Intel Core i7-12700TE']
2023/Yin et al. - 2023 - Fluid Cohomology,[],[]
2023/Yu et al. - 2023 - A Full-Wave Reference Simulator for Computing Surface Reflectance,[],[]
2023/Yu et al. - 2023 - VideoDoodles Hand-Drawn Animations on Videos with Scene-Aware Canvases,[],[]
2023/Zhang et al. - 2023 - 3DShape2VecSet A 3D Shape Representation for Neural Fields and Generative Diffusion Models,[],[]
2023/Zhang et al. - 2023 - DreamFace Progressive Generation of Animatable 3D Faces under Text Guidance,[],[]
2023/Zhang et al. - 2023 - Film Grain Rendering and Parameter Estimation,[],[]
2023/Zhang et al. - 2023 - HACK Learning a Parametric Head and Neck Model for High-fidelity Animation,['NVIDIA TITAN Xp'],[]
2023/Zhang et al. - 2023 - Learning Physically Simulated Tennis Skills from Broadcast Videos,['NVIDIA A100 PCIe 40 GB'],[]
2023/Zhang et al. - 2023 - Pyramid Texture Filtering,['NVIDIA GeForce RTX 3090 Ti'],[]
2023/Zhao et al. - 2023 - Evolutionary Piecewise Developable Approximations,[],['Intel Core i7-8700']
2023/Zheng et al. - 2023 - AvatarReX Real-time Expressive Full-body Avatars,['NVIDIA GeForce RTX 3090'],[]
2023/Zheng et al. - 2023 - Locally Attentional SDF Diffusion for Controllable 3D Shape Generation,['NVIDIA GeForce GTX 1080 Ti'],[]
2023/Zong et al. - 2023 - P2M A Fast Solver for Querying Distance from Point to Mesh Surface,[],['AMD Ryzen 9 5950X']
2024/Amador Herrera et al. - 2024 - Cyclogenesis Simulating Hurricanes and Tornadoes,['NVIDIA GeForce RTX 2080 Ti'],[]
2024/Bai et al. - 2024 - Universal Facial Encoding of Codec Avatars from VR Headsets,"['NVIDIA GeForce RTX 3090', 'NVIDIA A100X']",[]
2024/Cai et al. - 2024 - NeuralTO Neural Reconstruction and View Synthesis of Translucent Objects,['NVIDIA GeForce RTX 3090'],[]
2024/Capouellez and Zorin - 2024 - Seamless Parametrization in Penner Coordinates,[],[]
2024/Chen et al. - 2024 - Lightning-fast Method of Fundamental Solutions,"['NVIDIA RTX A6000', 'NVIDIA GeForce RTX 3060 Mobile']",['AMD Ryzen 7 5800H']
2024/Chen et al. - 2024 - PEA-PODs Perceptual Evaluation of Algorithms for Power Optimization in XR Displays,[],[]
2024/Chen et al. - 2024 - Position-Based Nonlinear Gauss-Seidel for Quasistatic Hyperelasticity,[],['AMD Ryzen Threadripper PRO 3995WX']
2024/Chen et al. - 2024 - Temporally Stable Metropolis Light Transport Denoising using Recurrent Transformer Blocks,['NVIDIA A100X'],[]
2024/Chen et al. - 2024 - Vertex Block Descent,['NVIDIA GeForce RTX 4090'],['AMD Ryzen 9 5950X']
2024/Choi et al. - 2024 - 3Doodle Compact Abstraction of Objects with 3D Strokes,[],[]
2024/Corman - 2024 - Curvature-Driven Conformal Deformations,[],[]
2024/Crespel et al. - 2024 - Contact detection between curved fibres high order makes a difference,[],[]
2024/Da├ƒler and Gu╠ênther - 2024 - Variational Feature Extraction in Scientific Visualization,[],['Intel Core i9-10980XE']
2024/de Goes and Desbrun - 2024 - Stochastic Computation of Barycentric Coordinates,[],[]
2024/Dong et al. - 2024 - NeurCADRecon Neural Representation for Reconstructing CAD Surfaces by Enforcing Zero Gaussian Curva,['NVIDIA GeForce RTX 3090'],['AMD EPYC 7642']
2024/Duckworth et al. - 2024 - SMERF Streamable Memory Efficient Radiance Fields for Real-Time Large-Scene Exploration,[],[]
2024/Fan et al. - 2024 - Conditional Mixture Path Guiding for Differentiable Rendering,['NVIDIA GeForce RTX 4080'],['Intel Core i9-13900KF']
2024/Fan et al. - 2024 - Specular Polynomials,['NVIDIA GeForce RTX 4080'],['Intel Core i9-13900KF']
2024/Feng and Crane - 2024 - A Heat Method for Generalized Signed Distance,[],[]
2024/Fischer and Ritschel - 2024 - ZeroGrads Learning Local Surrogates for Non-Differentiable Graphics,[],[]
2024/Gao et al. - 2024 - DiffCAD Weakly-Supervised Probabilistic CAD Model Retrieval and Alignment from an RGB Image,['NVIDIA RTX A6000'],['Intel A100']
2024/Ge et al. - 2024 - Creating LEGO Figurines from Single Images,['NVIDIA A100X'],[]
2024/Gillespie et al. - 2024 - Ray Tracing Harmonic Functions,"['NVIDIA GeForce RTX 3090 Ti', 'NVIDIA GeForce RTX 3090']",[]
2024/Groth et al. - 2024 - Cybersickness Reduction via Gaze-Contingent Image Deformation,['NVIDIA GeForce RTX 4090'],[]
2024/Gu et al. - 2024 - Analogist Out-of-the-box Visual In-Context Learning with Image Diffusion Model,[],[]
2024/Gu et al. - 2024 - Target-Aware Image Denoising for Inverse Monte Carlo Rendering,['NVIDIA GeForce RTX 3090'],[]
2024/Hafner et al. - 2024 - Spin-It Faster Quadrics Solve All Topology Optimization Problems That Depend Only On Mass Moments,[],[]
2024/Han et al. - 2024 - A Neural Network Model for Efficient Musculoskeletal-Driven Skin Deformation,[],['AMD Ryzen Threadripper PRO 3995WX']
2024/He et al. - 2024 - DressCode Autoregressively Sewing and Generating Garments from Text Guidance,[],[]
2024/Heiss-Synak et al. - 2024 - Multi-Material Mesh-Based Surface Tracking with Implicit Topology Changes,[],['Intel Core i7-7820X']
2024/Hirose et al. - 2024 - Solid Knitting,[],[]
2024/Hopkins et al. - 2024 - Interactive Design of Stylized Walking Gaits for Robotic Characters,[],[]
2024/Hsu et al. - 2024 - Real-time Physically Guided Hair Interpolation,"['NVIDIA GeForce RTX 4090', 'NVIDIA GeForce RTX 3080', 'NVIDIA GeForce GTX 1080']",[]
2024/Huang et al. - 2024 - Spatial and Surface Correspondence Field for Interaction Transfer,['NVIDIA TITAN V'],[]
2024/Jain et al. - 2024 - Efficient Debris-flow Simulation for Steep Terrain Erosion,['NVIDIA RTX A6000'],[]
2024/Jin et al. - 2024 - Audio Matters Too! Enhancing Markerless Motion Capture with Audio Signals for String Performance Cap,[],[]
2024/Ju et al. - 2024 - Adaptive grid generation for discretizing implicit complexes,[],['Intel Core i9-10900X']
2024/Kerbl et al. - 2024 - A Hierarchical 3D Gaussian Representation for Real-Time Rendering of Very Large Datasets,"['NVIDIA GeForce RTX 4090', 'NVIDIA GeForce RTX 4080', 'NVIDIA Tesla V100 PCIe 16 GB', 'NVIDIA RTX A6000']",[]
2024/Kim et al. - 2024 - Holographic Parallax Improves 3D Perceptual Realism,[],[]
2024/Kokosza et al. - 2024 - Scintilla Simulating Combustible Vegetation for Wildfires,[],[]
2024/Lee et al. - 2024 - Theory of Human Tetrachromatic Color Experience and Printing,[],[]
2024/Li et al. - 2024 - Differentiable Geodesic Distance for Intrinsic Minimization on Triangle Meshes,[],['AMD Ryzen Threadripper PRO 5995WX']
2024/Li et al. - 2024 - Interactive Invigoration Volumetric Modeling of Trees with Strands,[],['Intel Core i9-10850K']
2024/Li et al. - 2024 - Kinetic Simulation of Turbulent Multifluid Flows,"['NVIDIA GeForce RTX 4090', 'NVIDIA T400']",['AMD Ryzen 9 7900X3D']
2024/Li et al. - 2024 - NICER A New and Improved Consumed Endurance and Recovery Metric to Quantify Muscle Fatigue of Mid-A,[],[]
2024/Li et al. - 2024 - TensoSDF Roughness-aware Tensorial Representation for Robust Geometry and Material Reconstruction,[],[]
2024/Liu et al. - 2024 - Automatic Digital Garment Initialization from Sewing Patterns,['NVIDIA GeForce RTX 4090'],['Intel Core i9-13900K']
2024/Liu et al. - 2024 - Neural Slicer for Multi-Axis 3D Printing,['NVIDIA GeForce RTX 4080'],['Intel Core i5-12600HE']
2024/Liu et al. - 2024 - SketchDream Sketch-based Text-To-3D Generation and Editing,"['NVIDIA RTX A6000', 'NVIDIA A100 PCIe 40 GB']",[]
2024/Liu et al. - 2024 - Smooth Bijective Projection in a High-order Shell,[],['Intel Core i7-4790K']
2024/Liu et al. - 2024 - Split-and-Fit Learning B-Reps via Structure-Aware Voronoi Partitioning,[],[]
2024/Lu et al. - 2024 - Real-Time Path Guiding Using Bounding Voxel Sampling,['NVIDIA GeForce RTX 3070'],[]
2024/Lucas et al. - 2024 - A Fully-correlated Anisotropic Micrograin BSDF Model,['NVIDIA GeForce RTX 2080'],[]
2024/Maesumi et al. - 2024 - One Noise to Rule Them All Learning a Unified Model of Spatially-Varying Noise Patterns,['NVIDIA GeForce RTX 3090'],[]
"2024/Mantiuk et al. - 2024 - ColorVideoVDP A visual difference predictor for image, video and display distortions",[],[]
2024/Miki and Mitchell - 2024 - Alignment conditions for NURBS-based design of mixed tension-compression grid shells,['NVIDIA GeForce RTX 3070'],['Intel Core i9-13900']
2024/Miller et al. - 2024 - WalkinÔÇÖ Robin Walk on Stars with Robin Boundary Conditions,['NVIDIA GeForce RTX 3090'],[]
"2024/Modi et al. - 2024 - Simplicits Mesh-Free, Geometry-Agnostic Elastic Simulation",[],[]
2024/Montes Maestre et al. - 2024 - FlexScale Modeling and Characterization of Flexible Scaled Sheets,[],['AMD Ryzen Threadripper 7960X']
2024/Mujkanovic et al. - 2024 - Neural Gaussian Scale-Space Fields,['NVIDIA A40 PCIe'],[]
2024/Nayar et al. - 2024 - Cricket A Self-Powered Chirping Pixel,[],[]
2024/Ni et al. - 2024 - An Induce-on-Boundary Magnetostatic Solver for Grid-Based Ferrofluids,['NVIDIA GeForce RTX 4090'],"['AMD Ryzen 9 7950X', 'AMD EPYC 9654']"
2024/Noma et al. - 2024 - Surface-Filling Curve Flows via Implicit Medial Axes,[],[]
2024/Numerow et al. - 2024 - Differentiable Voronoi Diagrams for Simulation of Cell-Based Mechanical Systems,[],['AMD Ryzen Threadripper PRO 5995WX']
2024/Pajouheshgar et al. - 2024 - Mesh Neural Cellular Automata,['NVIDIA A100X'],[]
2024/Palma et al. - 2024 - Capacitive Touch Sensing on General 3D Surfaces,[],['Intel Core i9-9980HK']
2024/Palmer et al. - 2024 - Lifting Directional Fields to Minimal Sections,['NVIDIA A100 PCIe 40 GB'],[]
"2024/Pan et al. - 2024 - S3 Speech, Script and Scene driven Head and Eye Animation",[],[]
2024/Peng et al. - 2024 - CharacterGen Efficient 3D Character Generation from Single Images with Multi-View Pose Canonicaliza,['NVIDIA A800 PCIe 40 GB'],[]
2024/Peng et al. - 2024 - X-SLAM Scalable Dense SLAM for Task-aware Optimization using CSFD,"['NVIDIA GeForce RTX 4090', 'NVIDIA GeForce RTX 2070']","['Intel Core i9-13900KF', 'Intel Core i7-10750H']"
2024/Perla et al. - 2024 - EASI-Tex Edge-Aware Mesh Texturing from Single Image,[],[]
2024/Radl et al. - 2024 - StopThePop Sorted Gaussian Splatting for View-Consistent Real-time Rendering,['NVIDIA GeForce RTX 4090'],[]
2024/Reiser et al. - 2024 - Binary Opacity Grids Capturing Fine Geometric Detail for Mesh-Based View Synthesis,['NVIDIA GeForce RTX 3090'],[]
2024/Ren et al. - 2024 - Computational Homogenization for Inverse Design of Surface-based Inflatables,[],[]
2024/Ren et al. - 2024 - LightFormer Light-Oriented Global Neural Rendering in Dynamic Scene,['NVIDIA RTX A6000'],[]
2024/Sassen et al. - 2024 - Repulsive Shells,[],"['AMD EPYC 7601', 'Intel Core i7-1260P']"
2024/Schott et al. - 2024 - Terrain Amplification using Multi Scale Erosion,['NVIDIA GeForce RTX 3080'],[]
2024/Segall et al. - 2024 - Fabric Tessellation Realizing Freeform Surfaces by Smocking,[],[]
2024/Seyb et al. - 2024 - From microfacets to participating media A unified theory of light transport with stochastic geometr,[],[]
2024/Shi et al. - 2024 - Interactive Character Control with Auto-Regressive Motion Diffusion Models,['NVIDIA GeForce RTX 4090'],['Intel Core i9-13900K']
2024/Shi et al. - 2024 - Split-Aperture 2-in-1 Computational Cameras,[],[]
2024/Soliman et al. - 2024 - Going with the Flow,[],['AMD Ryzen 7 5800X']
2024/Spainhour et al. - 2024 - Robust Containment Queries over Collections of Rational Parametric Curves via Generalized Winding Nu,[],[]
2024/Starke et al. - 2024 - Categorical Codebook Matching for Embodied Character Controllers,['NVIDIA GeForce RTX 4090'],[]
2024/Steinberg et al. - 2024 - A Free-Space Diffraction BSDF,[],['AMD Ryzen Threadripper PRO 5975WX']
2024/Su et al. - 2024 - Proxy Tracing Unbiased Reciprocal Estimation for Optimized Sampling in BDPT,[],['Intel Core i9-12900K']
2024/Sun et al. - 2024 - DiffPoseTalk Speech-Driven Stylistic 3D Facial Animation and Head Pose Generation via Diffusion Mod,['NVIDIA GeForce RTX 3090'],[]
2024/Tang et al. - 2024 - RealFill Reference-Driven Generation for Authentic Image Completion,[],[]
2024/Tao et al. - 2024 - A Vortex Particle-on-Mesh Method for Soap Film Simulation,[],['AMD Ryzen 9 7950X']
2024/Tariq and Didyk - 2024 - Towards Motion Metamers for Foveated Rendering,['NVIDIA GeForce RTX 4090'],[]
2024/Tewel et al. - 2024 - Training-Free Consistent Text-to-Image Generation,[],[]
2024/Thiery et al. - 2024 - Biharmonic Coordinates and their Derivatives for Triangular 3D Cages,[],[]
2024/Wang et al. - 2024 - Bilateral Guided Radiance Field Processing,[],[]
2024/Wang et al. - 2024 - Implicit Swept Volume SDF Enabling Continuous Collision-Free Trajectory Generation for Arbitrary Sh,[],[]
2024/West and Mukherjee - 2024 - Stylized Rendering as a Function of Expectation,[],['Intel Core i9-13900KF']
"2024/Williams et al. - 2024 - fVDB  A Deep-Learning Framework for Sparse, Large Scale, and High Performance Spatial Intelligence","['NVIDIA RTX 6000 Ada Generation', 'NVIDIA GeForce RTX 3090 Ti', 'NVIDIA GeForce RTX 4090']","['AMD Ryzen 9 7950X', 'AMD Ryzen Threadripper PRO 3975WX']"
2024/Wolski et al. - 2024 - Learning Images Across Scales Using Adversarial Training,[],['Intel A100']
2024/Wu et al. - 2024 - BlockFusion Expandable 3D Scene Generation using Latent Tri-plane Extrapolation,['NVIDIA Tesla V100 PCIe 16 GB'],[]
2024/Wu et al. - 2024 - Portrait3D Text-Guided High-Quality 3D Portrait Generation Using Pyramid Representation and GANs Pr,"['NVIDIA GeForce RTX 4090', 'NVIDIA GeForce RTX 3080 Ti']",[]
2024/Xu et al. - 2024 - BrepGen A B-rep Generative Diffusion Model with Structured Latent Geometry,['NVIDIA RTX A5000'],[]
2024/Xu et al. - 2024 - CWF Consolidating Weak Features in High-quality Mesh Simplification,[],['AMD Ryzen 9 5950X']
2024/Yan et al. - 2024 - Deep Sketch Vectorization via Implicit Surface Extraction,"['NVIDIA A100X', 'NVIDIA GeForce GT 555M 3 GB']","['AMD EPYC 7543', 'Intel Core i7-7700HQ']"
2024/Yang et al. - 2024 - Learning a Generalized Physical Face Model From Data,['NVIDIA RTX A6000'],[]
2024/Yao et al. - 2024 - MoConVQ Unified Physics-Based Motion Control via Scalable Discrete Representations,['NVIDIA GeForce RTX 3090'],['Intel Xeon E5-2678 v3']
2024/Yi et al. - 2024 - Spin-Weighted Spherical Harmonics for Polarized Light Transport,['NVIDIA GeForce RTX 4090'],['Intel Core i9-12900K']
2024/Yu and Wang - 2024 - Super-Resolution Cloth Animation with Spatial and Temporal Coherence,['NVIDIA GeForce RTX 4090'],['Intel Core i9-13900K']
2024/Yu et al. - 2024 - 3D-Layers Bringing Layer-Based Color Editing to VR Painting,['NVIDIA GeForce RTX 2080'],[]
2024/Zhang and Agrawala - 2024 - Transparent Image Layer Diffusion using Latent Transparency,"['NVIDIA GeForce RTX 3070', 'NVIDIA GeForce RTX 4090']",[]
2024/Zhang et al. - 2024 - Area ReSTIR Resampling for Real-Time Defocus and Antialiasing,['NVIDIA GeForce RTX 4090'],['AMD Ryzen 9 7950X']
2024/Zhang et al. - 2024 - CLAY A Controllable Large-scale Generative Model for Creating High-quality 3D Assets,"['NVIDIA A100X', 'NVIDIA A800 PCIe 40 GB']",[]
2024/Zhang et al. - 2024 - DreamMat High-quality PBR Material Generation with Geometry- and Light-aware Diffusion Models,['NVIDIA GeForce RTX 4090'],[]
2024/Zhang et al. - 2024 - Progressive Dynamics for Cloth and Shell Animation,[],['Intel Core i7-10700K']
2024/Zhang et al. - 2024 - Semantic Gesticulator Semantics-Aware Co-Speech Gesture Synthesis,['NVIDIA GeForce RTX 3090 Ti'],[]
2024/Zhang et al. - 2024 - Text-to-Vector Generation with Neural Path Representation,['NVIDIA GeForce RTX 3090'],[]
2024/Zheng et al. - 2024 - Proxy Asset Generation for Cloth Simulation in Games,['NVIDIA GeForce RTX 3090'],['Intel Core i9-12900HK']
2024/Zhou et al. - 2024 - Eulerian-Lagrangian Fluid Simulation on Particle Flow Maps,"['NVIDIA GeForce RTX 3080', 'NVIDIA RTX A6000']",['AMD Ryzen Threadripper 5990X']
2024/Zhu et al. - 2024 - Computational Illusion Knitting,[],[]
2024/Zhuang et al. - 2024 - TIP-Editor An Accurate 3D Editor Following Both Text-Prompts And Image-Prompts,[],[]
