Name;URL;Codename;Cores;Clock;Socket;Process;L3 Cache;TDP;Released;Vendor
Core Ultra 5 225;/cpu-specs/core-ultra-5-225.c3783;Arrow Lake-S;10 ;3.3 to 4.9 GHz;Socket 1851;3 nm;21 MB;65 W;Jan 2025;Intel
Core Ultra 5 225F;/cpu-specs/core-ultra-5-225f.c3784;Arrow Lake-S;10 ;3.3 to 4.9 GHz;Socket 1851;3 nm;21 MB;65 W;Jan 2025;Intel
Core Ultra 7 265;/cpu-specs/core-ultra-7-265.c3777;Arrow Lake-S;20 ;2.4 to 5.3 GHz;Socket 1851;3 nm;30 MB;65 W;Jan 2025;Intel
Core Ultra 7 265F;/cpu-specs/core-ultra-7-265f.c3779;Arrow Lake-S;20 ;2.4 to 5.3 GHz;Socket 1851;3 nm;30 MB;65 W;Jan 2025;Intel
Core Ultra 7 265T;/cpu-specs/core-ultra-7-265t.c3780;Arrow Lake-S;20 ;1.5 to 5.3 GHz;Socket 1851;3 nm;30 MB;35 W;Jan 2025;Intel
Core Ultra 9 285;/cpu-specs/core-ultra-9-285.c3774;Arrow Lake-S;24 ;2.5 to 5.6 GHz;Socket 1851;3 nm;36 MB;125 W;Jan 2025;Intel
Core Ultra 9 285T;/cpu-specs/core-ultra-9-285t.c3775;Arrow Lake-S;24 ;1.4 to 5.4 GHz;Socket 1851;3 nm;36 MB;35 W;Jan 2025;Intel
EPYC 4124P;/cpu-specs/epyc-4124p.c3610;Raphael;4  / 8;3.8 to 5.1 GHz;Socket AM5;5 nm;32 MB;65 W;May 21st, 2024;AMD
EPYC 4244P;/cpu-specs/epyc-4244p.c3609;Raphael;6  / 12;3.8 to 5.1 GHz;Socket AM5;5 nm;32 MB;65 W;May 21st, 2024;AMD
EPYC 4344P;/cpu-specs/epyc-4344p.c3608;Raphael;8  / 16;3.8 to 5.3 GHz;Socket AM5;5 nm;32 MB;65 W;May 21st, 2024;AMD
EPYC 4364P;/cpu-specs/epyc-4364p.c3611;Raphael;8  / 16;4.5 to 5.4 GHz;Socket AM5;5 nm;32 MB;105 W;May 21st, 2024;AMD
EPYC 4464P;/cpu-specs/epyc-4464p.c3612;Raphael;12  / 24;3.7 to 5.4 GHz;Socket AM5;5 nm;32 MB;105 W;May 21st, 2024;AMD
EPYC 4484PX;/cpu-specs/epyc-4484px.c3606;Raphael;12  / 24;4.4 to 5.6 GHz;Socket AM5;5 nm;128 MB;120 W;May 21st, 2024;AMD
EPYC 4564P;/cpu-specs/epyc-4564p.c3613;Raphael;16  / 32;4.5 to 5.7 GHz;Socket AM5;5 nm;64 MB;170 W;May 21st, 2024;AMD
EPYC 4584PX;/cpu-specs/epyc-4584px.c3607;Raphael;16  / 32;4.2 to 5.7 GHz;Socket AM5;5 nm;128 MB;120 W;May 21st, 2024;AMD
EPYC 9015;/cpu-specs/epyc-9015.c3903;Turin;8  / 16;3.6 to 4.1 GHz;Socket SP5;4 nm;64 MB;125 W;Oct 10th, 2024;AMD
EPYC 9115;/cpu-specs/epyc-9115.c3902;Turin;16  / 32;2.6 to 4.1 GHz;Socket SP5;4 nm;64 MB;125 W;Oct 10th, 2024;AMD
EPYC 9135;/cpu-specs/epyc-9135.c3901;Turin;16  / 32;3.65 to 4.3 GHz;Socket SP5;4 nm;64 MB;200 W;Oct 10th, 2024;AMD
EPYC 9175F;/cpu-specs/epyc-9175f.c3900;Turin;16  / 32;4.2 to 5 GHz;Socket SP5;4 nm;512 MB;320 W;Oct 10th, 2024;AMD
EPYC 9255;/cpu-specs/epyc-9255.c3899;Turin;24  / 48;3.25 to 4.8 GHz;Socket SP5;4 nm;128 MB;200 W;Oct 10th, 2024;AMD
EPYC 9275F;/cpu-specs/epyc-9275f.c3898;Turin;24  / 48;4.1 to 4.8 GHz;Socket SP5;4 nm;256 MB;320 W;Oct 10th, 2024;AMD
EPYC 9335;/cpu-specs/epyc-9335.c3897;Turin;32  / 64;3 to 4.4 GHz;Socket SP5;4 nm;128 MB;210 W;Oct 10th, 2024;AMD
EPYC 9355;/cpu-specs/epyc-9355.c3895;Turin;32  / 64;3.55 to 4.4 GHz;Socket SP5;4 nm;256 MB;280 W;Oct 10th, 2024;AMD
EPYC 9355P;/cpu-specs/epyc-9355p.c3896;Turin;32  / 64;3.55 to 4.4 GHz;Socket SP5;4 nm;256 MB;280 W;Oct 10th, 2024;AMD
EPYC 9365;/cpu-specs/epyc-9365.c3893;Turin;36  / 72;3.4 to 4.3 GHz;Socket SP5;4 nm;192 MB;300 W;Oct 10th, 2024;AMD
EPYC 9375F;/cpu-specs/epyc-9375f.c3894;Turin;32  / 64;3.85 to 4.8 GHz;Socket SP5;4 nm;256 MB;320 W;Oct 10th, 2024;AMD
EPYC 9455;/cpu-specs/epyc-9455.c3890;Turin;48  / 96;3.15 to 4.4 GHz;Socket SP5;4 nm;256 MB;300 W;Oct 10th, 2024;AMD
EPYC 9455P;/cpu-specs/epyc-9455p.c3892;Turin;48  / 96;3.15 to 4.4 GHz;Socket SP5;4 nm;256 MB;300 W;Oct 10th, 2024;AMD
EPYC 9475F;/cpu-specs/epyc-9475f.c3889;Turin;48  / 96;3.65 to 4.8 GHz;Socket SP5;4 nm;256 MB;400 W;Oct 10th, 2024;AMD
EPYC 9535;/cpu-specs/epyc-9535.c3888;Turin;64  / 128;2.4 to 4.3 GHz;Socket SP5;4 nm;256 MB;300 W;Oct 10th, 2024;AMD
EPYC 9555;/cpu-specs/epyc-9555.c3886;Turin;64  / 128;3.2 to 4.4 GHz;Socket SP5;4 nm;256 MB;360 W;Oct 10th, 2024;AMD
EPYC 9555P;/cpu-specs/epyc-9555p.c3887;Turin;64  / 128;3.2 to 4.4 GHz;Socket SP5;4 nm;256 MB;360 W;Oct 10th, 2024;AMD
EPYC 9565;/cpu-specs/epyc-9565.c3884;Turin;72  / 144;3.15 to 4.3 GHz;Socket SP5;4 nm;384 MB;400 W;Oct 10th, 2024;AMD
EPYC 9575F;/cpu-specs/epyc-9575f.c3885;Turin;64  / 128;3.3 to 5 GHz;Socket SP5;4 nm;256 MB;400 W;Oct 10th, 2024;AMD
EPYC 9645;/cpu-specs/epyc-9645.c3908;Turin;96  / 192;2.3 to 3.7 GHz;Socket SP5;3 nm;256 MB;320 W;Oct 10th, 2024;AMD
EPYC 9655;/cpu-specs/epyc-9655.c3882;Turin;96  / 192;2.6 to 4.5 GHz;Socket SP5;4 nm;384 MB;400 W;Oct 10th, 2024;AMD
EPYC 9655P;/cpu-specs/epyc-9655p.c3883;Turin;96  / 192;2.6 to 4.5 GHz;Socket SP5;4 nm;384 MB;400 W;Oct 10th, 2024;AMD
EPYC 9745;/cpu-specs/epyc-9745.c3907;Turin;128  / 256;2.4 to 3.7 GHz;Socket SP5;3 nm;256 MB;400 W;Oct 10th, 2024;AMD
EPYC 9755;/cpu-specs/epyc-9755.c3881;Turin;128  / 256;2.7 to 4.1 GHz;Socket SP5;4 nm;512 MB;500 W;Oct 10th, 2024;AMD
EPYC 9825;/cpu-specs/epyc-9825.c3906;Turin;144  / 288;2.2 to 3.7 GHz;Socket SP5;3 nm;384 MB;390 W;Oct 10th, 2024;AMD
EPYC 9845;/cpu-specs/epyc-9845.c3905;Turin;160  / 320;2.1 to 3.7 GHz;Socket SP5;3 nm;320 MB;390 W;Oct 10th, 2024;AMD
EPYC 9965;/cpu-specs/epyc-9965.c3904;Turin;192  / 384;2.25 to 3.7 GHz;Socket SP5;3 nm;384 MB;500 W;Oct 10th, 2024;AMD
EPYC Embedded 8434P;/cpu-specs/epyc-embedded-8434p.c3910;Siena;48  / 96;2.5 to 3.1 GHz;Socket SP6;5 nm;128 MB;200 W;Oct 1st, 2024;AMD
EPYC Embedded 8534P;/cpu-specs/epyc-embedded-8534p.c3909;Siena;64  / 128;2.3 to 3.1 GHz;Socket SP6;5 nm;128 MB;200 W;Oct 1st, 2024;AMD
Ryzen 3 8300G;/cpu-specs/ryzen-3-8300g.c3459;Phoenix2;4  / 8;3.4 to 4.9 GHz;Socket AM5;4 nm;8 MB;65 W;Jan 8th, 2024;AMD
Ryzen 5 5500GT;/cpu-specs/ryzen-5-5500gt.c3439;Cezanne;6  / 12;3.6 to 4.4 GHz;Socket AM4;7 nm;16 MB;65 W;Jan 8th, 2024;AMD
Ryzen 5 5600GT;/cpu-specs/ryzen-5-5600gt.c3438;Cezanne;6  / 12;3.6 to 4.6 GHz;Socket AM4;7 nm;16 MB;65 W;Jan 8th, 2024;AMD
Ryzen 5 7600X3D;/cpu-specs/ryzen-5-7600x3d.c3792;Raphael;6  / 12;4.1 to 4.7 GHz;Socket AM5;5 nm;96 MB;65 W;Aug 30th, 2024;AMD
Ryzen 5 8400F;/cpu-specs/ryzen-5-8400f.c3568;Phoenix;6  / 12;4.2 to 4.7 GHz;Socket AM5;4 nm;16 MB;65 W;Apr 1st, 2024;AMD
Ryzen 5 8500G;/cpu-specs/ryzen-5-8500g.c3436;Phoenix2;6  / 12;3.5 to 5 GHz;Socket AM5;4 nm;16 MB;65 W;Jan 8th, 2024;AMD
Ryzen 5 8600G;/cpu-specs/ryzen-5-8600g.c3435;Phoenix;6  / 12;4.3 to 5 GHz;Socket AM5;4 nm;16 MB;65 W;Jan 8th, 2024;AMD
Ryzen 5 9600X;/cpu-specs/ryzen-5-9600x.c3652;Granite Ridge;6  / 12;3.9 to 5.4 GHz;Socket AM5;4 nm;32 MB;65 W;Aug 8th, 2024;AMD
Ryzen 5 PRO 8540U;/cpu-specs/ryzen-5-pro-8540u.c3576;Hawk Point;6  / 12;3.2 to 4.9 GHz;Socket FP7;4 nm;16 MB;28 W;Apr 16th, 2024;AMD
Ryzen 5 PRO 8640HS;/cpu-specs/ryzen-5-pro-8640hs.c3575;Hawk Point;6  / 12;3.5 to 4.9 GHz;Socket FP7;4 nm;16 MB;28 W;Apr 16th, 2024;AMD
Ryzen 5 PRO 8640U;/cpu-specs/ryzen-5-pro-8640u.c3574;Hawk Point;6  / 12;3.5 to 4.9 GHz;Socket FP7;4 nm;16 MB;28 W;Apr 16th, 2024;AMD
Ryzen 5 PRO 8645HS;/cpu-specs/ryzen-5-pro-8645hs.c3573;Hawk Point;6  / 12;4.3 to 5 GHz;Socket FP7;4 nm;16 MB;45 W;Apr 16th, 2024;AMD
Ryzen 7 5700X3D;/cpu-specs/ryzen-7-5700x3d.c3437;Vermeer;8  / 16;3 to 4.1 GHz;Socket AM4;7 nm;96 MB;105 W;Jan 8th, 2024;AMD
Ryzen 7 5800XT;/cpu-specs/ryzen-7-5800xt.c3654;Vermeer;8  / 16;3.8 to 4.8 GHz;Socket AM4;7 nm;32 MB;105 W;Jul 31st, 2024;AMD
Ryzen 7 8700F;/cpu-specs/ryzen-7-8700f.c3567;Phoenix;8  / 16;4.1 to 5 GHz;Socket AM5;4 nm;16 MB;65 W;Apr 1st, 2024;AMD
Ryzen 7 8700G;/cpu-specs/ryzen-7-8700g.c3434;Phoenix;8  / 16;4.2 to 5.1 GHz;Socket AM5;4 nm;16 MB;65 W;Jan 8th, 2024;AMD
Ryzen 7 8700GE;/cpu-specs/ryzen-7-8700ge.c3493;Phoenix;8  / 16;3.6 to 4.8 GHz;Socket AM5;4 nm;16 MB;35 W;Unknown;AMD
Ryzen 7 9700X;/cpu-specs/ryzen-7-9700x.c3651;Granite Ridge;8  / 16;3.8 to 5.5 GHz;Socket AM5;4 nm;32 MB;65 W;Aug 8th, 2024;AMD
Ryzen 7 9800X3D;/cpu-specs/ryzen-7-9800x3d.c3891;Granite Ridge;8  / 16;4.7 to 5.2 GHz;Socket AM5;4 nm;96 MB;120 W;Nov 7th, 2024;AMD
Ryzen 7 PRO 8840HS;/cpu-specs/ryzen-7-pro-8840hs.c3571;Hawk Point;8  / 16;3.3 to 5.1 GHz;Socket FP7;4 nm;16 MB;28 W;Apr 16th, 2024;AMD
Ryzen 7 PRO 8840U;/cpu-specs/ryzen-7-pro-8840u.c3572;Hawk Point;8  / 16;3.3 to 5.1 GHz;Socket FP7;4 nm;16 MB;28 W;Apr 16th, 2024;AMD
Ryzen 7 PRO 8845HS;/cpu-specs/ryzen-7-pro-8845hs.c3570;Hawk Point;8  / 16;3.8 to 5.1 GHz;Socket FP7;4 nm;16 MB;45 W;Apr 16th, 2024;AMD
Ryzen 9 5900XT;/cpu-specs/ryzen-9-5900xt.c3653;Vermeer;16  / 32;3.3 to 4.8 GHz;Socket AM4;7 nm;64 MB;105 W;Jul 31st, 2024;AMD
Ryzen 9 9900X;/cpu-specs/ryzen-9-9900x.c3650;Granite Ridge;12  / 24;4.4 to 5.6 GHz;Socket AM5;4 nm;64 MB;120 W;Aug 15th, 2024;AMD
Ryzen 9 9950X;/cpu-specs/ryzen-9-9950x.c3649;Granite Ridge;16  / 32;4.3 to 5.7 GHz;Socket AM5;4 nm;64 MB;170 W;Aug 15th, 2024;AMD
Ryzen 9 PRO 8945HS;/cpu-specs/ryzen-9-pro-8945hs.c3569;Hawk Point;8  / 16;4 to 5.2 GHz;Socket FP7;4 nm;16 MB;45 W;Apr 16th, 2024;AMD
Ryzen AI 9 365;/cpu-specs/ryzen-ai-9-365.c3656;Strix Point;10  / 20;2 to 5 GHz;Socket FP8;4 nm;16 MB;28 W;Jul 2024;AMD
Ryzen AI 9 HX 370;/cpu-specs/ryzen-ai-9-hx-370.c3655;Strix Point;12  / 24;2 to 5.1 GHz;Socket FP8;4 nm;16 MB;28 W;Jul 2024;AMD
Ryzen AI 9 HX 375;/cpu-specs/ryzen-ai-9-hx-375.c3815;Strix Point;12  / 24;2 to 5.1 GHz;Socket FP8;4 nm;16 MB;28 W;Jul 2024;AMD
Ryzen Embedded 8640U;/cpu-specs/ryzen-embedded-8640u.c3581;Hawk Point;6  / 12;3.5 to 4.9 GHz;Socket FP8;4 nm;16 MB;28 W;Apr 2nd, 2024;AMD
Ryzen Embedded 8645HS;/cpu-specs/ryzen-embedded-8645hs.c3580;Hawk Point;6  / 12;4.3 to 5 GHz;Socket FP8;4 nm;16 MB;45 W;Apr 2nd, 2024;AMD
Ryzen Embedded 8840U;/cpu-specs/ryzen-embedded-8840u.c3578;Hawk Point;8  / 16;3.3 to 5.1 GHz;Socket FP8;4 nm;16 MB;28 W;Apr 2nd, 2024;AMD
Ryzen Embedded 8845HS;/cpu-specs/ryzen-embedded-8845hs.c3577;Hawk Point;8  / 16;3.8 to 5.1 GHz;Socket FP8;4 nm;16 MB;45 W;Apr 2nd, 2024;AMD
Atom x7203C;/cpu-specs/atom-x7203c.c3725;Amston Lake;2 ;2 to 3.2 GHz;BGA 1264;10 nm;6 MB;9 W;Apr 8th, 2024;Intel
Atom x7211RE;/cpu-specs/atom-x7211re.c3719;Amston Lake;2 ;1 to 3.2 GHz;BGA 1264;10 nm;6 MB;6 W;Apr 8th, 2024;Intel
Atom x7213RE;/cpu-specs/atom-x7213re.c3720;Amston Lake;2 ;2 to 3.4 GHz;BGA 1264;10 nm;6 MB;9 W;Apr 8th, 2024;Intel
Atom x7405C;/cpu-specs/atom-x7405c.c3724;Amston Lake;4 ;1.7 to 3.4 GHz;BGA 1264;10 nm;6 MB;12 W;Apr 8th, 2024;Intel
Atom x7433RE;/cpu-specs/atom-x7433re.c3721;Amston Lake;4 ;1.5 to 3.4 GHz;BGA 1264;10 nm;6 MB;9 W;Apr 8th, 2024;Intel
Atom x7809C;/cpu-specs/atom-x7809c.c3723;Amston Lake;8 ;2 to 3.6 GHz;BGA 1264;10 nm;6 MB;25 W;Apr 8th, 2024;Intel
Atom x7835RE;/cpu-specs/atom-x7835re.c3722;Amston Lake;8 ;1.3 to 3.6 GHz;BGA 1264;10 nm;6 MB;12 W;Apr 8th, 2024;Intel
Core Ultra 3 105UL;/cpu-specs/core-ultra-3-105ul.c3709;Meteor Lake-PS;8  / 10;1.5 to 4.2 GHz;Socket 1851;7 nm;10 MB;15 W;Apr 8th, 2024;Intel
Core Ultra 5 125HL;/cpu-specs/core-ultra-5-125hl.c3708;Meteor Lake-PS;14  / 18;1.2 to 4.5 GHz;Socket 1851;7 nm;18 MB;45 W;Apr 8th, 2024;Intel
Core Ultra 5 125UL;/cpu-specs/core-ultra-5-125ul.c3710;Meteor Lake-PS;12  / 14;1.3 to 4.3 GHz;Socket 1851;7 nm;12 MB;15 W;Apr 8th, 2024;Intel
Core Ultra 5 135HL;/cpu-specs/core-ultra-5-135hl.c3707;Meteor Lake-PS;14  / 18;1.7 to 4.6 GHz;Socket 1851;7 nm;18 MB;45 W;Apr 8th, 2024;Intel
Core Ultra 5 135UL;/cpu-specs/core-ultra-5-135ul.c3711;Meteor Lake-PS;12  / 14;1.6 to 4.4 GHz;Socket 1851;7 nm;12 MB;15 W;Apr 8th, 2024;Intel
Core Ultra 5 226V;/cpu-specs/core-ultra-5-226v.c3800;Lunar Lake;8 ;2.1 to 4.5 GHz;BGA 2833;3 nm;8 MB;17 W;Sep 24th, 2024;Intel
Core Ultra 5 228V;/cpu-specs/core-ultra-5-228v.c3799;Lunar Lake;8 ;2.1 to 4.5 GHz;BGA 2833;3 nm;8 MB;17 W;Sep 24th, 2024;Intel
Core Ultra 5 236V;/cpu-specs/core-ultra-5-236v.c3798;Lunar Lake;8 ;2.1 to 4.7 GHz;BGA 2833;3 nm;8 MB;17 W;Sep 24th, 2024;Intel
Core Ultra 5 238V;/cpu-specs/core-ultra-5-238v.c3797;Lunar Lake;8 ;2.1 to 4.7 GHz;BGA 2833;3 nm;8 MB;17 W;Sep 24th, 2024;Intel
Core Ultra 5 245K;/cpu-specs/core-ultra-5-245k.c3781;Arrow Lake-S;14 ;4.2 to 5.2 GHz;Socket 1851;3 nm;24 MB;125 W;Oct 24th, 2024;Intel
Core Ultra 5 245KF;/cpu-specs/core-ultra-5-245kf.c3782;Arrow Lake-S;14 ;4.2 to 5.2 GHz;Socket 1851;3 nm;24 MB;125 W;Oct 24th, 2024;Intel
Core Ultra 7 155HL;/cpu-specs/core-ultra-7-155hl.c3706;Meteor Lake-PS;16  / 22;1.4 to 4.8 GHz;Socket 1851;7 nm;24 MB;45 W;Apr 8th, 2024;Intel
Core Ultra 7 155UL;/cpu-specs/core-ultra-7-155ul.c3712;Meteor Lake-PS;12  / 14;1.7 to 4.8 GHz;Socket 1851;7 nm;12 MB;15 W;Apr 8th, 2024;Intel
Core Ultra 7 165HL;/cpu-specs/core-ultra-7-165hl.c3705;Meteor Lake-PS;16  / 22;1.4 to 5 GHz;Socket 1851;7 nm;24 MB;45 W;Apr 8th, 2024;Intel
Core Ultra 7 165UL;/cpu-specs/core-ultra-7-165ul.c3713;Meteor Lake-PS;12  / 14;1.7 to 4.9 GHz;Socket 1851;7 nm;12 MB;15 W;Apr 8th, 2024;Intel
Core Ultra 7 256V;/cpu-specs/core-ultra-7-256v.c3796;Lunar Lake;8 ;2.2 to 4.8 GHz;BGA 2833;3 nm;12 MB;17 W;Sep 24th, 2024;Intel
Core Ultra 7 258V;/cpu-specs/core-ultra-7-258v.c3795;Lunar Lake;8 ;2.2 to 4.8 GHz;BGA 2833;3 nm;12 MB;17 W;Sep 24th, 2024;Intel
Core Ultra 7 265K;/cpu-specs/core-ultra-7-265k.c3776;Arrow Lake-S;20 ;3.9 to 5.5 GHz;Socket 1851;3 nm;30 MB;125 W;Oct 24th, 2024;Intel
Core Ultra 7 265KF;/cpu-specs/core-ultra-7-265kf.c3778;Arrow Lake-S;20 ;3.9 to 5.5 GHz;Socket 1851;3 nm;30 MB;125 W;Oct 24th, 2024;Intel
Core Ultra 7 266V;/cpu-specs/core-ultra-7-266v.c3794;Lunar Lake;8 ;2.2 to 5 GHz;BGA 2833;3 nm;12 MB;17 W;Sep 24th, 2024;Intel
Core Ultra 7 268V;/cpu-specs/core-ultra-7-268v.c3793;Lunar Lake;8 ;2.2 to 5 GHz;BGA 2833;3 nm;12 MB;17 W;Sep 24th, 2024;Intel
Core Ultra 9 285K;/cpu-specs/core-ultra-9-285k.c3773;Arrow Lake-S;24 ;3.7 to 5.7 GHz;Socket 1851;3 nm;36 MB;125 W;Oct 24th, 2024;Intel
Core Ultra 9 288V;/cpu-specs/core-ultra-9-288v.c3755;Lunar Lake;8 ;3.3 to 5.1 GHz;BGA 2833;3 nm;12 MB;30 W;Sep 24th, 2024;Intel
Processor 300;/cpu-specs/processor-300.c3457;Raptor Lake-S;2  / 4;3.9 GHz;Socket 1700;10 nm;6 MB;46 W;Jan 8th, 2024;Intel
Processor 300T;/cpu-specs/processor-300t.c3458;Raptor Lake-S;2  / 4;3.4 GHz;Socket 1700;10 nm;6 MB;35 W;Jan 8th, 2024;Intel
Core 3 100HL;/cpu-specs/core-3-100hl.c3714;Raptor Lake-PS;8  / 12;2.1 to 4.6 GHz;Socket 1700;10 nm;12 MB;45 W;Apr 8th, 2024;Intel
Core 3 100U;/cpu-specs/core-3-100u.c3461;Raptor Lake-U;6  / 8;1.2 to 4.7 GHz;BGA 1744;10 nm;10 MB;15 W;Jan 8th, 2024;Intel
Core 3 100UL;/cpu-specs/core-3-100ul.c3467;Raptor Lake-PS;6  / 8;1.2 to 4.5 GHz;Socket 1700;10 nm;10 MB;15 W;Apr 8th, 2024;Intel
Core 5 120HL;/cpu-specs/core-5-120hl.c3715;Raptor Lake-PS;12  / 16;2.6 to 4.7 GHz;Socket 1700;10 nm;18 MB;45 W;Apr 8th, 2024;Intel
Core 5 120U;/cpu-specs/core-5-120u.c3462;Raptor Lake-U;10  / 12;1.4 to 5 GHz;BGA 1744;10 nm;12 MB;15 W;Jan 8th, 2024;Intel
Core 5 120UL;/cpu-specs/core-5-120ul.c3468;Raptor Lake-PS;10  / 12;1.3 to 4.6 GHz;Socket 1700;10 nm;12 MB;15 W;Apr 8th, 2024;Intel
Core 5 130HL;/cpu-specs/core-5-130hl.c3716;Raptor Lake-PS;12  / 16;2.6 to 4.8 GHz;Socket 1700;10 nm;18 MB;45 W;Apr 8th, 2024;Intel
Core 5 130UL;/cpu-specs/core-5-130ul.c3469;Raptor Lake-PS;10  / 12;1.6 to 4.7 GHz;Socket 1700;10 nm;12 MB;15 W;Apr 8th, 2024;Intel
Core 5 220U;/cpu-specs/core-5-220u.c3470;Raptor Lake-U;10  / 12;1.5 to 5 GHz;BGA 1744;10 nm;12 MB;15 W;Unknown;Intel
Core 7 150HL;/cpu-specs/core-7-150hl.c3717;Raptor Lake-PS;14  / 20;2.4 to 5 GHz;Socket 1700;10 nm;24 MB;45 W;Apr 8th, 2024;Intel
Core 7 150U;/cpu-specs/core-7-150u.c3463;Raptor Lake-U;10  / 12;1.8 to 5.4 GHz;BGA 1744;10 nm;12 MB;15 W;Jan 8th, 2024;Intel
Core 7 150UL;/cpu-specs/core-7-150ul.c3464;Raptor Lake-PS;10  / 12;1.7 to 5 GHz;Socket 1700;10 nm;12 MB;15 W;Apr 8th, 2024;Intel
Core 7 160HL;/cpu-specs/core-7-160hl.c3718;Raptor Lake-PS;14  / 20;2.5 to 5.2 GHz;Socket 1700;10 nm;24 MB;45 W;Apr 8th, 2024;Intel
Core 7 160UL;/cpu-specs/core-7-160ul.c3465;Raptor Lake-PS;10  / 12;1.8 to 5.2 GHz;Socket 1700;10 nm;12 MB;15 W;Apr 8th, 2024;Intel
Core 7 250U;/cpu-specs/core-7-250u.c3466;Raptor Lake-U;10  / 12;1.9 to 5.4 GHz;BGA 1744;10 nm;12 MB;15 W;Unknown;Intel
Core i3-14100;/cpu-specs/core-i3-14100.c3450;Raptor Lake-R;4  / 8;3.5 to 4.7 GHz;Socket 1700;10 nm;12 MB;60 W;Jan 8th, 2024;Intel
Core i3-14100F;/cpu-specs/core-i3-14100f.c3455;Raptor Lake-R;4  / 8;3.5 to 4.7 GHz;Socket 1700;10 nm;12 MB;58 W;Jan 8th, 2024;Intel
Core i3-14100T;/cpu-specs/core-i3-14100t.c3456;Raptor Lake-R;4  / 8;2.7 to 4.4 GHz;Socket 1700;10 nm;12 MB;35 W;Jan 8th, 2024;Intel
Core i5-14400;/cpu-specs/core-i5-14400.c3449;Raptor Lake-R;10  / 16;2.5 to 4.7 GHz;Socket 1700;10 nm;20 MB;65 W;Jan 8th, 2024;Intel
Core i5-14400F;/cpu-specs/core-i5-14400f.c3454;Raptor Lake-R;10  / 16;2.5 to 4.7 GHz;Socket 1700;10 nm;20 MB;65 W;Jan 8th, 2024;Intel
Core i5-14400T;/cpu-specs/core-i5-14400t.c3453;Raptor Lake-R;10  / 16;1.5 to 4.5 GHz;Socket 1700;10 nm;20 MB;35 W;Jan 8th, 2024;Intel
Core i5-14401E;/cpu-specs/core-i5-14401e.c3738;Raptor Lake-R;6  / 12;2.5 to 4.7 GHz;Socket 1700;10 nm;20 MB;65 W;Jul 2024;Intel
Core i5-14401TE;/cpu-specs/core-i5-14401te.c3737;Raptor Lake-R;6  / 12;2 to 4.5 GHz;Socket 1700;10 nm;20 MB;45 W;Jul 2024;Intel
Core i5-14450HX;/cpu-specs/core-i5-14450hx.c3475;Raptor Lake-HX;10  / 16;2.4 to 4.8 GHz;BGA 1964;10 nm;20 MB;55 W;Jan 8th, 2024;Intel
Core i5-14490F;/cpu-specs/core-i5-14490f.c3440;Raptor Lake-R;10  / 16;2.5 to 5 GHz;Socket 1700;10 nm;24 MB;65 W;Jan 2024;Intel
Core i5-14500;/cpu-specs/core-i5-14500.c3448;Raptor Lake-R;14  / 20;2.6 to 5 GHz;Socket 1700;10 nm;24 MB;65 W;Jan 8th, 2024;Intel
Core i5-14500HX;/cpu-specs/core-i5-14500hx.c3474;Raptor Lake-HX;14  / 20;2.6 to 4.9 GHz;BGA 1964;10 nm;24 MB;55 W;Jan 8th, 2024;Intel
Core i5-14500T;/cpu-specs/core-i5-14500t.c3452;Raptor Lake-R;14  / 20;1.7 to 4.8 GHz;Socket 1700;10 nm;24 MB;35 W;Jan 8th, 2024;Intel
Core i5-14501E;/cpu-specs/core-i5-14501e.c3735;Raptor Lake-R;6  / 12;3.3 to 5.2 GHz;Socket 1700;10 nm;24 MB;65 W;Jul 2024;Intel
Core i5-14501TE;/cpu-specs/core-i5-14501te.c3736;Raptor Lake-R;6  / 12;2.2 to 5.1 GHz;Socket 1700;10 nm;24 MB;45 W;Jul 2024;Intel
Core i5-14600;/cpu-specs/core-i5-14600.c3447;Raptor Lake-R;14  / 20;2.7 to 5.2 GHz;Socket 1700;10 nm;24 MB;65 W;Jan 8th, 2024;Intel
Core i5-14600T;/cpu-specs/core-i5-14600t.c3451;Raptor Lake-R;14  / 20;1.8 to 5.1 GHz;Socket 1700;10 nm;24 MB;35 W;Jan 8th, 2024;Intel
Core i7-14650HX;/cpu-specs/core-i7-14650hx.c3473;Raptor Lake-HX;16  / 24;2.2 to 5.2 GHz;BGA 1964;10 nm;30 MB;55 W;Jan 8th, 2024;Intel
Core i7-14700;/cpu-specs/core-i7-14700.c3442;Raptor Lake-R;20  / 28;2.1 to 5.4 GHz;Socket 1700;10 nm;33 MB;65 W;Jan 8th, 2024;Intel
Core i7-14700F;/cpu-specs/core-i7-14700f.c3443;Raptor Lake-R;20  / 28;2.1 to 5.4 GHz;Socket 1700;10 nm;33 MB;65 W;Jan 8th, 2024;Intel
Core i7-14700HX;/cpu-specs/core-i7-14700hx.c3472;Raptor Lake-HX;20  / 28;2.1 to 5.5 GHz;BGA 1964;10 nm;33 MB;55 W;Jan 8th, 2024;Intel
Core i7-14700T;/cpu-specs/core-i7-14700t.c3446;Raptor Lake-R;20  / 28;1.3 to 5.2 GHz;Socket 1700;10 nm;33 MB;35 W;Jan 8th, 2024;Intel
Core i7-14701E;/cpu-specs/core-i7-14701e.c3733;Raptor Lake-R;8  / 16;2.6 to 5.4 GHz;Socket 1700;10 nm;33 MB;65 W;Jul 2024;Intel
Core i7-14701TE;/cpu-specs/core-i7-14701te.c3734;Raptor Lake-R;8  / 16;2.1 to 5.2 GHz;Socket 1700;10 nm;33 MB;45 W;Jul 2024;Intel
Core i9-14900;/cpu-specs/core-i9-14900.c3441;Raptor Lake-R;24  / 32;2 to 5.8 GHz;Socket 1700;10 nm;36 MB;65 W;Jan 8th, 2024;Intel
Core i9-14900F;/cpu-specs/core-i9-14900f.c3445;Raptor Lake-R;24  / 32;2 to 5.8 GHz;Socket 1700;10 nm;36 MB;65 W;Jan 8th, 2024;Intel
Core i9-14900HX;/cpu-specs/core-i9-14900hx.c3471;Raptor Lake-HX;24  / 32;2.2 to 5.8 GHz;BGA 1964;10 nm;36 MB;55 W;Jan 8th, 2024;Intel
Core i9-14900KS;/cpu-specs/core-i9-14900ks.c3522;Raptor Lake-R;24  / 32;3.2 to 6.2 GHz;Socket 1700;10 nm;36 MB;150 W;Mar 14th, 2024;Intel
Core i9-14900T;/cpu-specs/core-i9-14900t.c3444;Raptor Lake-R;24  / 32;1.1 to 5.5 GHz;Socket 1700;10 nm;36 MB;35 W;Jan 8th, 2024;Intel
Core i9-14901E;/cpu-specs/core-i9-14901e.c3739;Raptor Lake-R;8  / 16;2.8 to 5.6 GHz;Socket 1700;10 nm;36 MB;65 W;Jul 2024;Intel
Core i9-14901KE;/cpu-specs/core-i9-14901ke.c3732;Raptor Lake-R;8  / 16;3.8 to 5.8 GHz;Socket 1700;10 nm;36 MB;125 W;Jul 2024;Intel
Core i9-14901TE;/cpu-specs/core-i9-14901te.c3740;Raptor Lake-R;8  / 16;2.3 to 5.5 GHz;Socket 1700;10 nm;36 MB;45 W;Jul 2024;Intel
Xeon w3-2525;/cpu-specs/xeon-w3-2525.c3814;Sapphire Rapids;8  / 16;3.5 to 4.5 GHz;Socket 4677;10 nm;22.5 MB;175 W;Aug 24th, 2024;Intel
Xeon w3-2535;/cpu-specs/xeon-w3-2535.c3813;Sapphire Rapids;10  / 20;3.5 to 4.6 GHz;Socket 4677;10 nm;26.25 MB;185 W;Aug 24th, 2024;Intel
Xeon w5-2545;/cpu-specs/xeon-w5-2545.c3812;Sapphire Rapids;12  / 24;3.5 to 4.7 GHz;Socket 4677;10 nm;30 MB;210 W;Aug 24th, 2024;Intel
Xeon w5-3525;/cpu-specs/xeon-w5-3525.c3807;Sapphire Rapids;16  / 32;3.2 to 4.8 GHz;Socket 4677;10 nm;45 MB;290 W;Aug 24th, 2024;Intel
Xeon w5-3535X;/cpu-specs/xeon-w5-3535x.c3806;Sapphire Rapids;20  / 40;2.9 to 4.8 GHz;Socket 4677;10 nm;52.5 MB;300 W;Aug 24th, 2024;Intel
Xeon w7-2555X;/cpu-specs/xeon-w7-2555x.c3811;Sapphire Rapids;14  / 28;3.3 to 4.8 GHz;Socket 4677;10 nm;33.75 MB;210 W;Aug 24th, 2024;Intel
Xeon w7-2565X;/cpu-specs/xeon-w7-2565x.c3810;Sapphire Rapids;18  / 36;3.2 to 4.8 GHz;Socket 4677;10 nm;37.5 MB;240 W;Aug 24th, 2024;Intel
Xeon w7-2575X;/cpu-specs/xeon-w7-2575x.c3809;Sapphire Rapids;22  / 44;3 to 4.8 GHz;Socket 4677;10 nm;45 MB;250 W;Aug 24th, 2024;Intel
Xeon w7-2595X;/cpu-specs/xeon-w7-2595x.c3808;Sapphire Rapids;26  / 52;2.8 to 4.8 GHz;Socket 4677;10 nm;48.75 MB;250 W;Aug 24th, 2024;Intel
Xeon w7-3555;/cpu-specs/xeon-w7-3555.c3804;Sapphire Rapids;28  / 56;2.7 to 4.8 GHz;Socket 4677;10 nm;75 MB;325 W;Aug 24th, 2024;Intel
Xeon w7-3565X;/cpu-specs/xeon-w7-3565x.c3803;Sapphire Rapids;32  / 64;2.5 to 4.8 GHz;Socket 4677;10 nm;82.5 MB;335 W;Aug 24th, 2024;Intel
Xeon w9-3575X;/cpu-specs/xeon-w9-3575x.c3802;Sapphire Rapids;44  / 88;2.2 to 4.8 GHz;Socket 4677;10 nm;97.5 MB;340 W;Aug 24th, 2024;Intel
Xeon w9-3595X;/cpu-specs/xeon-w9-3595x.c3801;Sapphire Rapids;60  / 120;2 to 4.8 GHz;Socket 4677;10 nm;112.5 MB;385 W;Aug 24th, 2024;Intel
Xeon 6710E;/cpu-specs/xeon-6710e.c3657;Sierra Forest;64 ;2.4 to 3.2 GHz;Socket 4710;5 nm;96 MB;205 W;Jun 3rd, 2024;Intel
Xeon 6731E;/cpu-specs/xeon-6731e.c3659;Sierra Forest;96 ;2.2 to 3.1 GHz;Socket 4710;5 nm;96 MB;250 W;Jun 3rd, 2024;Intel
Xeon 6740E;/cpu-specs/xeon-6740e.c3660;Sierra Forest;96 ;2.4 to 3.2 GHz;Socket 4710;5 nm;96 MB;250 W;Jun 3rd, 2024;Intel
Xeon 6746E;/cpu-specs/xeon-6746e.c3661;Sierra Forest;112 ;2 to 2.7 GHz;Socket 4710;5 nm;96 MB;250 W;Jun 3rd, 2024;Intel
Xeon 6756E;/cpu-specs/xeon-6756e.c3662;Sierra Forest;128 ;1.8 to 2.6 GHz;Socket 4710;5 nm;96 MB;225 W;Jun 3rd, 2024;Intel
Xeon 6766E;/cpu-specs/xeon-6766e.c3663;Sierra Forest;144 ;1.9 to 2.7 GHz;Socket 4710;5 nm;108 MB;250 W;Jun 3rd, 2024;Intel
Xeon 6780E;/cpu-specs/xeon-6780e.c3664;Sierra Forest;144 ;2.2 to 3 GHz;Socket 4710;5 nm;108 MB;330 W;Jun 3rd, 2024;Intel
Xeon 6952P;/cpu-specs/xeon-6952p.c3866;Granite Rapids;96  / 192;2.1 to 3.9 GHz;Socket 7529;5 nm;480 MB;400 W;Sep 24th, 2024;Intel
Xeon 6960P;/cpu-specs/xeon-6960p.c3865;Granite Rapids;72  / 144;2.7 to 3.9 GHz;Socket 7529;5 nm;432 MB;500 W;Sep 24th, 2024;Intel
Xeon 6972P;/cpu-specs/xeon-6972p.c3864;Granite Rapids;96  / 192;2.4 to 3.9 GHz;Socket 7529;5 nm;480 MB;500 W;Sep 24th, 2024;Intel
Xeon 6979P;/cpu-specs/xeon-6979p.c3863;Granite Rapids;120  / 240;2.1 to 3.9 GHz;Socket 7529;5 nm;504 MB;500 W;Sep 24th, 2024;Intel
Xeon 6980P;/cpu-specs/xeon-6980p.c3862;Granite Rapids;128  / 256;2 to 3.9 GHz;Socket 7529;5 nm;504 MB;500 W;Sep 24th, 2024;Intel
Ryzen 3 7330U;/cpu-specs/ryzen-3-7330u.c3035;Barcelo-R;4  / 8;2.3 to 4.3 GHz;Socket FP6;7 nm;8 MB;15 W;Jan 4th, 2023;AMD
Ryzen 3 7335U;/cpu-specs/ryzen-3-7335u.c3038;Rembrandt-R;4  / 8;3 to 4.3 GHz;Socket FP7;6 nm;8 MB;28 W;Jan 4th, 2023;AMD
Ryzen 3 7440U;/cpu-specs/ryzen-3-7440u.c3363;Phoenix2;4  / 8;3 to 4.7 GHz;Socket FP7;4 nm;8 MB;28 W;May 3rd, 2023;AMD
Ryzen 3 8440U;/cpu-specs/ryzen-3-8440u.c3407;Hawk Point;4  / 8;3 to 4.7 GHz;Socket FP7;4 nm;8 MB;28 W;Dec 6th, 2023;AMD
Ryzen 3 PRO 7330U;/cpu-specs/ryzen-3-pro-7330u.c3273;Barcelo-R;4  / 8;2.3 to 4.3 GHz;Socket FP6;7 nm;8 MB;15 W;Jan 4th, 2023;AMD
Ryzen 5 7540U;/cpu-specs/ryzen-5-7540u.c3364;Phoenix;6  / 12;3.2 to 4.9 GHz;Socket FP7;4 nm;16 MB;28 W;May 3rd, 2023;AMD
Ryzen 5 5600X3D;/cpu-specs/ryzen-5-5600x3d.c3252;Vermeer;6  / 12;3.3 to 4.4 GHz;Socket AM4;7 nm;96 MB;105 W;Jul 7th, 2023;AMD
Ryzen 5 7500F;/cpu-specs/ryzen-5-7500f.c3259;Raphael;6  / 12;3.7 to 5 GHz;Socket AM5;5 nm;32 MB;65 W;Jul 22nd, 2023;AMD
Ryzen 5 7530U;/cpu-specs/ryzen-5-7530u.c3036;Barcelo-R;6  / 12;2 to 4.5 GHz;Socket FP6;7 nm;16 MB;15 W;Jan 4th, 2023;AMD
Ryzen 5 7535H;/cpu-specs/ryzen-5-7535h.c3188;Rembrandt-R;6  / 12;3.3 to 4.55 GHz;Socket FP7;6 nm;16 MB;35 W;Jan 4th, 2023;AMD
Ryzen 5 7535HS;/cpu-specs/ryzen-5-7535hs.c3042;Rembrandt-R;6  / 12;3.3 to 4.55 GHz;Socket FP7;6 nm;16 MB;35 W;Jan 4th, 2023;AMD
Ryzen 5 7535U;/cpu-specs/ryzen-5-7535u.c3039;Rembrandt-R;6  / 12;2.9 to 4.55 GHz;Socket FP7;6 nm;16 MB;28 W;Jan 4th, 2023;AMD
Ryzen 5 7545U;/cpu-specs/ryzen-5-7545u.c3365;Phoenix2;6  / 12;3.2 to 4.9 GHz;Socket FP7;4 nm;16 MB;28 W;Nov 2nd, 2023;AMD
Ryzen 5 7600;/cpu-specs/ryzen-5-7600.c2959;Raphael;6  / 12;3.8 to 5.1 GHz;Socket AM5;5 nm;32 MB;65 W;Jan 14th, 2023;AMD
Ryzen 5 7640H;/cpu-specs/ryzen-5-7640h.c3270;Phoenix;6  / 12;4.3 to 5 GHz;Socket FP8;4 nm;16 MB;35 W;Jan 2023;AMD
Ryzen 5 7640HS;/cpu-specs/ryzen-5-7640hs.c3034;Phoenix;6  / 12;4.3 to 5 GHz;Socket FP8;4 nm;16 MB;35 W;Jan 2023;AMD
Ryzen 5 7640U;/cpu-specs/ryzen-5-7640u.c3205;Phoenix;6  / 12;3.5 to 4.9 GHz;Socket FP8;4 nm;16 MB;15 W;May 3rd, 2023;AMD
Ryzen 5 7645HX;/cpu-specs/ryzen-5-7645hx.c3021;Dragon Range;6  / 12;4 to 5 GHz;Socket FL1;5 nm;32 MB;45 W;Jan 4th, 2023;AMD
Ryzen 5 8540U;/cpu-specs/ryzen-5-8540u.c3406;Hawk Point;6  / 12;3.2 to 4.9 GHz;Socket FP7;4 nm;16 MB;28 W;Dec 6th, 2023;AMD
Ryzen 5 8640HS;/cpu-specs/ryzen-5-8640hs.c3404;Hawk Point;6  / 12;3.5 to 4.9 GHz;Socket FP8;4 nm;16 MB;28 W;Dec 6th, 2023;AMD
Ryzen 5 8640U;/cpu-specs/ryzen-5-8640u.c3405;Hawk Point;6  / 12;3.5 to 4.9 GHz;Socket FP8;4 nm;16 MB;28 W;Dec 6th, 2023;AMD
Ryzen 5 8645HS;/cpu-specs/ryzen-5-8645hs.c3403;Hawk Point;6  / 12;4.3 to 5 GHz;Socket FP8;4 nm;16 MB;45 W;Dec 6th, 2023;AMD
Ryzen 5 PRO 7530U;/cpu-specs/ryzen-5-pro-7530u.c3274;Barcelo-R;6  / 12;2 to 4.5 GHz;Socket FP6;7 nm;16 MB;15 W;Jan 4th, 2023;AMD
Ryzen 5 PRO 7645;/cpu-specs/ryzen-5-pro-7645.c3304;Raphael;6  / 12;3.8 to 5.1 GHz;Socket AM5;5 nm;32 MB;65 W;Jun 13th, 2023;AMD
Ryzen 7 7700;/cpu-specs/ryzen-7-7700.c2960;Raphael;8  / 16;3.8 to 5.3 GHz;Socket AM5;5 nm;32 MB;65 W;Jan 14th, 2023;AMD
Ryzen 7 7730U;/cpu-specs/ryzen-7-7730u.c3037;Barcelo-R;8  / 16;2 to 4.5 GHz;Socket FP6;7 nm;16 MB;15 W;Jan 4th, 2023;AMD
Ryzen 7 7735H;/cpu-specs/ryzen-7-7735h.c3187;Rembrandt-R;8  / 16;3.2 to 4.75 GHz;Socket FP7;6 nm;16 MB;35 W;Jan 4th, 2023;AMD
Ryzen 7 7735HS;/cpu-specs/ryzen-7-7735hs.c3041;Rembrandt-R;8  / 16;3.2 to 4.75 GHz;Socket FP7;6 nm;16 MB;35 W;Jan 4th, 2023;AMD
Ryzen 7 7735U;/cpu-specs/ryzen-7-7735u.c3040;Rembrandt-R;8  / 16;2.7 to 4.75 GHz;Socket FP7;6 nm;16 MB;28 W;Jan 4th, 2023;AMD
Ryzen 7 7736U;/cpu-specs/ryzen-7-7736u.c3186;Rembrandt-R;8  / 16;2.7 to 4.7 GHz;Socket FP7;6 nm;16 MB;15 W;Jan 4th, 2023;AMD
Ryzen 7 7745HX;/cpu-specs/ryzen-7-7745hx.c3025;Dragon Range;8  / 16;3.6 to 5.1 GHz;Socket FL1;5 nm;32 MB;55 W;Jan 4th, 2023;AMD
Ryzen 7 7800X3D;/cpu-specs/ryzen-7-7800x3d.c3022;Raphael;8  / 16;4.2 to 5 GHz;Socket AM5;5 nm;96 MB;120 W;Jan 4th, 2023;AMD
Ryzen 7 7840H;/cpu-specs/ryzen-7-7840h.c3271;Phoenix;8  / 16;3.8 to 5.1 GHz;Socket FP8;4 nm;16 MB;35 W;Jan 2023;AMD
Ryzen 7 7840HS;/cpu-specs/ryzen-7-7840hs.c3033;Phoenix;8  / 16;3.8 to 5.1 GHz;Socket FP8;4 nm;16 MB;35 W;Jan 2023;AMD
Ryzen 7 7840U;/cpu-specs/ryzen-7-7840u.c3212;Phoenix;8  / 16;3.3 to 5.1 GHz;Socket FP8;4 nm;16 MB;28 W;May 2023;AMD
Ryzen 7 8840HS;/cpu-specs/ryzen-7-8840hs.c3401;Hawk Point;8  / 16;3.3 to 5.1 GHz;Socket FP8;4 nm;16 MB;28 W;Dec 6th, 2023;AMD
Ryzen 7 8840U;/cpu-specs/ryzen-7-8840u.c3402;Hawk Point;8  / 16;3.3 to 5.1 GHz;Socket FP8;4 nm;16 MB;28 W;Dec 6th, 2023;AMD
Ryzen 7 8845HS;/cpu-specs/ryzen-7-8845hs.c3400;Hawk Point;8  / 16;3.8 to 5.1 GHz;Socket FP8;4 nm;16 MB;45 W;Dec 6th, 2023;AMD
Ryzen 7 PRO 7730U;/cpu-specs/ryzen-7-pro-7730u.c3275;Barcelo-R;8  / 16;2 to 4.5 GHz;Socket FP6;7 nm;16 MB;15 W;Jan 4th, 2023;AMD
Ryzen 7 PRO 7745;/cpu-specs/ryzen-7-pro-7745.c3303;Raphael;8  / 16;3.8 to 5.3 GHz;Socket AM5;5 nm;32 MB;65 W;Jun 13th, 2023;AMD
Ryzen 9 7845HX;/cpu-specs/ryzen-9-7845hx.c3026;Dragon Range;12  / 24;3 to 5.2 GHz;Socket FL1;5 nm;64 MB;55 W;Jan 4th, 2023;AMD
Ryzen 9 7900;/cpu-specs/ryzen-9-7900.c2961;Raphael;12  / 24;3.7 to 5.4 GHz;Socket AM5;5 nm;64 MB;65 W;Jan 14th, 2023;AMD
Ryzen 9 7900X3D;/cpu-specs/ryzen-9-7900x3d.c3023;Raphael;12  / 24;4.4 to 5.6 GHz;Socket AM5;5 nm;128 MB;120 W;Jan 4th, 2023;AMD
Ryzen 9 7940H;/cpu-specs/ryzen-9-7940h.c3272;Phoenix;8  / 16;4 to 5.2 GHz;Socket FP8;4 nm;16 MB;35 W;Jan 2023;AMD
Ryzen 9 7940HS;/cpu-specs/ryzen-9-7940hs.c3020;Phoenix;8  / 16;4 to 5.2 GHz;Socket FP8;4 nm;16 MB;35 W;Jan 2023;AMD
Ryzen 9 7945HX;/cpu-specs/ryzen-9-7945hx.c3027;Dragon Range;16  / 32;2.5 to 5.4 GHz;Socket FL1;5 nm;64 MB;55 W;Jan 4th, 2023;AMD
Ryzen 9 7945HX3D;/cpu-specs/ryzen-9-7945hx3d.c3263;Dragon Range;16  / 32;2.3 to 5.4 GHz;Socket FL1;5 nm;128 MB;55 W;Jul 27th, 2023;AMD
Ryzen 9 7950X3D;/cpu-specs/ryzen-9-7950x3d.c3024;Raphael;16  / 32;4.2 to 5.7 GHz;Socket AM5;5 nm;128 MB;120 W;Jan 4th, 2023;AMD
Ryzen 9 8945HS;/cpu-specs/ryzen-9-8945hs.c3399;Hawk Point;8  / 16;4 to 5.2 GHz;Socket FP8;4 nm;16 MB;45 W;Dec 6th, 2023;AMD
Ryzen 9 PRO 7945;/cpu-specs/ryzen-9-pro-7945.c3302;Raphael;12  / 24;3.7 to 5.4 GHz;Socket AM5;5 nm;64 MB;65 W;Jun 13th, 2023;AMD
4800S;/cpu-specs/4800s.c3327;Ariel;8  / 16;3.6 to 4 GHz;BGA 2963;7 nm;8 MB;65 W;Jan 4th, 2023;AMD
Ryzen Embedded 5600E;/cpu-specs/ryzen-embedded-5600e.c3211;Vermeer;6  / 12;3.3 to 3.6 GHz;Socket AM4;7 nm;32 MB;65 W;Apr 20th, 2023;AMD
Ryzen Embedded 5800E;/cpu-specs/ryzen-embedded-5800e.c3210;Vermeer;8  / 16;3.4 to 3.7 GHz;Socket AM4;7 nm;32 MB;100 W;Apr 20th, 2023;AMD
Ryzen Embedded 5900E;/cpu-specs/ryzen-embedded-5900e.c3209;Vermeer;12  / 24;3.35 to 3.7 GHz;Socket AM4;7 nm;64 MB;105 W;Apr 20th, 2023;AMD
Ryzen Embedded 5950E;/cpu-specs/ryzen-embedded-5950e.c3208;Vermeer;16  / 32;3.05 to 3.4 GHz;Socket AM4;7 nm;64 MB;105 W;Apr 20th, 2023;AMD
Ryzen Embedded V2A46;/cpu-specs/ryzen-embedded-v2a46.c3460;Renoir;6  / 12;3 to 3.2 GHz;Socket FP6;7 nm;8 MB;35 W;Jan 4th, 2023;AMD
Ryzen Z1;/cpu-specs/ryzen-z1.c3287;Phoenix2;6  / 12;3.2 to 4.9 GHz;Socket FP8;4 nm;16 MB;15 W;May 2023;AMD
Ryzen Z1 Extreme;/cpu-specs/ryzen-z1-extreme.c3276;Phoenix;8  / 16;3.3 to 5.1 GHz;Socket FP8;4 nm;16 MB;15 W;May 2023;AMD
Ryzen Threadripper 7960X;/cpu-specs/ryzen-threadripper-7960x.c3359;Storm Peak;24  / 48;4.2 to 5.3 GHz;Socket sTR5;5 nm;128 MB;350 W;Oct 19th, 2023;AMD
Ryzen Threadripper 7970X;/cpu-specs/ryzen-threadripper-7970x.c3358;Storm Peak;32  / 64;4 to 5.3 GHz;Socket sTR5;5 nm;128 MB;350 W;Oct 19th, 2023;AMD
Ryzen Threadripper 7980X;/cpu-specs/ryzen-threadripper-7980x.c3357;Storm Peak;64  / 128;3.2 to 5.1 GHz;Socket sTR5;5 nm;256 MB;350 W;Oct 19th, 2023;AMD
Ryzen Threadripper PRO 7965WX;/cpu-specs/ryzen-threadripper-pro-7965wx.c3361;Storm Peak;24  / 48;4.2 to 5.3 GHz;Socket sTR5;5 nm;128 MB;350 W;Oct 19th, 2023;AMD
Ryzen Threadripper PRO 7975WX;/cpu-specs/ryzen-threadripper-pro-7975wx.c3360;Storm Peak;32  / 64;4 to 5.3 GHz;Socket sTR5;5 nm;128 MB;350 W;Oct 19th, 2023;AMD
Ryzen Threadripper PRO 7985WX;/cpu-specs/ryzen-threadripper-pro-7985wx.c3356;Storm Peak;64  / 128;3.2 to 5.1 GHz;Socket sTR5;5 nm;256 MB;350 W;Oct 19th, 2023;AMD
Ryzen Threadripper PRO 7995WX;/cpu-specs/ryzen-threadripper-pro-7995wx.c3301;Storm Peak;96  / 192;2.5 to 5.1 GHz;Socket sTR5;5 nm;384 MB;350 W;Oct 19th, 2023;AMD
Threadripper PRO 7945WX;/cpu-specs/threadripper-pro-7945wx.c3362;Storm Peak;12  / 24;4.7 to 5.3 GHz;Socket sTR5;5 nm;64 MB;350 W;Oct 19th, 2023;AMD
Threadripper PRO 7955WX;/cpu-specs/threadripper-pro-7955wx.c3300;Storm Peak;16  / 32;4.5 to 5.3 GHz;Socket sTR5;5 nm;64 MB;350 W;Oct 19th, 2023;AMD
Steam Deck CPU (OLED);/cpu-specs/steam-deck-cpu-oled.c3398;Van Gogh;4  / 8;2.4 to 3.5 GHz;BGA ST1;6 nm;4 MB;15 W;Nov 9th, 2023;AMD
EPYC 7203;/cpu-specs/epyc-7203.c3372;Milan;8  / 16;2.8 to 3.4 GHz;Socket SP3;7 nm;64 MB;120 W;Sep 5th, 2023;AMD
EPYC 7203P;/cpu-specs/epyc-7203p.c3373;Milan;8  / 16;2.8 to 3.4 GHz;Socket SP3;7 nm;64 MB;120 W;Sep 5th, 2023;AMD
EPYC 7303;/cpu-specs/epyc-7303.c3371;Milan;16  / 32;2.4 to 3.4 GHz;Socket SP3;7 nm;64 MB;130 W;Sep 5th, 2023;AMD
EPYC 7303P;/cpu-specs/epyc-7303p.c3370;Milan;16  / 32;2.4 to 3.4 GHz;Socket SP3;7 nm;64 MB;130 W;Sep 5th, 2023;AMD
EPYC 7643P;/cpu-specs/epyc-7643p.c3369;Milan;48  / 96;2.3 to 3.6 GHz;Socket SP3;7 nm;256 MB;225 W;Sep 5th, 2023;AMD
EPYC 7663P;/cpu-specs/epyc-7663p.c3368;Milan;56  / 112;2 to 3.5 GHz;Socket SP3;7 nm;256 MB;240 W;Sep 5th, 2023;AMD
EPYC 8024P;/cpu-specs/epyc-8024p.c3294;Siena;8  / 16;2.4 to 3 GHz;Socket SP6;5 nm;32 MB;90 W;Sep 18th, 2023;AMD
EPYC 8024PN;/cpu-specs/epyc-8024pn.c3295;Siena;8  / 16;2.05 to 3 GHz;Socket SP6;5 nm;32 MB;80 W;Sep 18th, 2023;AMD
EPYC 8124P;/cpu-specs/epyc-8124p.c3293;Siena;16  / 32;2.45 to 3 GHz;Socket SP6;5 nm;64 MB;125 W;Sep 18th, 2023;AMD
EPYC 8124PN;/cpu-specs/epyc-8124pn.c3296;Siena;16  / 32;2 to 3 GHz;Socket SP6;5 nm;64 MB;100 W;Sep 18th, 2023;AMD
EPYC 8224P;/cpu-specs/epyc-8224p.c3292;Siena;24  / 48;2.55 to 3 GHz;Socket SP6;5 nm;64 MB;160 W;Sep 18th, 2023;AMD
EPYC 8224PN;/cpu-specs/epyc-8224pn.c3297;Siena;24  / 48;2 to 3 GHz;Socket SP6;5 nm;64 MB;120 W;Sep 18th, 2023;AMD
EPYC 8324P;/cpu-specs/epyc-8324p.c3291;Siena;32  / 64;2.65 to 3 GHz;Socket SP6;5 nm;128 MB;180 W;Sep 18th, 2023;AMD
EPYC 8324PN;/cpu-specs/epyc-8324pn.c3298;Siena;32  / 64;2.05 to 3 GHz;Socket SP6;5 nm;128 MB;130 W;Sep 18th, 2023;AMD
EPYC 8434P;/cpu-specs/epyc-8434p.c3290;Siena;48  / 96;2.5 to 3.1 GHz;Socket SP6;5 nm;128 MB;200 W;Sep 18th, 2023;AMD
EPYC 8434PN;/cpu-specs/epyc-8434pn.c3299;Siena;48  / 96;2 to 3 GHz;Socket SP6;5 nm;128 MB;155 W;Sep 18th, 2023;AMD
EPYC 8534P;/cpu-specs/epyc-8534p.c3288;Siena;64  / 128;2.3 to 3.1 GHz;Socket SP6;5 nm;128 MB;200 W;Sep 18th, 2023;AMD
EPYC 8534PN;/cpu-specs/epyc-8534pn.c3289;Siena;64  / 128;2 to 3.1 GHz;Socket SP6;5 nm;128 MB;175 W;Sep 18th, 2023;AMD
EPYC 9184X;/cpu-specs/epyc-9184x.c3255;Genoa-X;16  / 32;3.55 to 4.2 GHz;Socket SP5;5 nm;768 MB;320 W;Jun 13th, 2023;AMD
EPYC 9384X;/cpu-specs/epyc-9384x.c3254;Genoa-X;32  / 64;3.1 to 3.9 GHz;Socket SP5;5 nm;768 MB;320 W;Jun 13th, 2023;AMD
EPYC 9684X;/cpu-specs/epyc-9684x.c3253;Genoa-X;96  / 192;2.55 to 3.7 GHz;Socket SP5;5 nm;1152 MB;400 W;Jun 13th, 2023;AMD
EPYC 9734;/cpu-specs/epyc-9734.c3258;Bergamo;112  / 224;2.2 to 3 GHz;Socket SP5;5 nm;256 MB;340 W;Jun 13th, 2023;AMD
EPYC 9754;/cpu-specs/epyc-9754.c3257;Bergamo;128  / 256;2.25 to 3.1 GHz;Socket SP5;5 nm;256 MB;360 W;Jun 13th, 2023;AMD
EPYC 9754S;/cpu-specs/epyc-9754s.c3256;Bergamo;128  / 256;2.25 to 3.1 GHz;Socket SP5;5 nm;256 MB;360 W;Jun 13th, 2023;AMD
EPYC Embedded 8124P;/cpu-specs/epyc-embedded-8124p.c3913;Siena;16  / 32;2.45 to 3 GHz;Socket SP6;5 nm;64 MB;125 W;Sep 18th, 2023;AMD
EPYC Embedded 8224P;/cpu-specs/epyc-embedded-8224p.c3912;Siena;24  / 48;2.55 to 3 GHz;Socket SP6;5 nm;64 MB;160 W;Sep 18th, 2023;AMD
EPYC Embedded 8324P;/cpu-specs/epyc-embedded-8324p.c3911;Siena;32  / 64;2.65 to 3 GHz;Socket SP6;5 nm;128 MB;180 W;Sep 18th, 2023;AMD
EPYC Embedded 8C24P;/cpu-specs/epyc-embedded-8c24p.c3914;Siena;12  / 24;2.45 to 3 GHz;Socket SP6;5 nm;32 MB;100 W;Sep 18th, 2023;AMD
EPYC Embedded 9124;/cpu-specs/epyc-embedded-9124.c3194;Genoa;16  / 32;3 to 3.7 GHz;Socket SP5;5 nm;64 MB;200 W;Mar 14th, 2023;AMD
EPYC Embedded 9254;/cpu-specs/epyc-embedded-9254.c3193;Genoa;24  / 48;2.9 to 4.15 GHz;Socket SP5;5 nm;128 MB;200 W;Mar 14th, 2023;AMD
EPYC Embedded 9354;/cpu-specs/epyc-embedded-9354.c3192;Genoa;32  / 64;3.25 to 3.8 GHz;Socket SP5;5 nm;256 MB;280 W;Mar 14th, 2023;AMD
EPYC Embedded 9354P;/cpu-specs/epyc-embedded-9354p.c3195;Genoa;32  / 64;3.25 to 3.8 GHz;Socket SP5;5 nm;256 MB;280 W;Mar 14th, 2023;AMD
EPYC Embedded 9454;/cpu-specs/epyc-embedded-9454.c3191;Genoa;48  / 96;2.75 to 3.8 GHz;Socket SP5;5 nm;256 MB;290 W;Mar 14th, 2023;AMD
EPYC Embedded 9454P;/cpu-specs/epyc-embedded-9454p.c3196;Genoa;48  / 96;2.75 to 3.8 GHz;Socket SP5;5 nm;256 MB;290 W;Mar 14th, 2023;AMD
EPYC Embedded 9554;/cpu-specs/epyc-embedded-9554.c3190;Genoa;64  / 128;3.1 to 3.75 GHz;Socket SP5;5 nm;256 MB;360 W;Mar 14th, 2023;AMD
EPYC Embedded 9554P;/cpu-specs/epyc-embedded-9554p.c3197;Genoa;64  / 128;3.1 to 3.75 GHz;Socket SP5;5 nm;256 MB;360 W;Mar 14th, 2023;AMD
EPYC Embedded 9654;/cpu-specs/epyc-embedded-9654.c3189;Genoa;96  / 192;2.4 to 3.7 GHz;Socket SP5;5 nm;384 MB;360 W;Mar 14th, 2023;AMD
EPYC Embedded 9654P;/cpu-specs/epyc-embedded-9654p.c3198;Genoa;96  / 192;2.4 to 3.7 GHz;Socket SP5;5 nm;384 MB;360 W;Mar 14th, 2023;AMD
Atom x7211E;/cpu-specs/atom-x7211e.c3012;Alder Lake-N;2 ;1 to 3.2 GHz;BGA 1264;10 nm;6 MB;6 W;Jan 3rd, 2023;Intel
Atom x7213E;/cpu-specs/atom-x7213e.c3011;Alder Lake-N;2 ;1.7 to 3.2 GHz;BGA 1264;10 nm;6 MB;10 W;Jan 3rd, 2023;Intel
Atom x7425E;/cpu-specs/atom-x7425e.c3013;Alder Lake-N;4 ;1.5 to 3.4 GHz;BGA 1264;10 nm;6 MB;12 W;Jan 3rd, 2023;Intel
Core Ultra 5 115U;/cpu-specs/core-ultra-5-115u.c3556;Meteor Lake;8  / 10;1.5 to 4.2 GHz;BGA 2049;7 nm;10 MB;15 W;Dec 14th, 2023;Intel
Core Ultra 5 125H;/cpu-specs/core-ultra-5-125h.c3309;Meteor Lake;14  / 18;3.6 to 4.5 GHz;BGA 2049;7 nm;18 MB;28 W;Dec 14th, 2023;Intel
Core Ultra 5 125U;/cpu-specs/core-ultra-5-125u.c3557;Meteor Lake;12  / 14;1.3 to 4.3 GHz;BGA 2049;7 nm;12 MB;15 W;Dec 14th, 2023;Intel
Core Ultra 5 134U;/cpu-specs/core-ultra-5-134u.c3555;Meteor Lake;12  / 14;0.7 to 4.4 GHz;BGA 2551;7 nm;12 MB;9 W;Dec 14th, 2023;Intel
Core Ultra 5 135H;/cpu-specs/core-ultra-5-135h.c3419;Meteor Lake;14  / 18;3.6 to 4.6 GHz;BGA 2049;7 nm;18 MB;28 W;Dec 14th, 2023;Intel
Core Ultra 5 135U;/cpu-specs/core-ultra-5-135u.c3558;Meteor Lake;12  / 14;1.6 to 4.4 GHz;BGA 2049;7 nm;12 MB;15 W;Dec 14th, 2023;Intel
Core Ultra 7 155H;/cpu-specs/core-ultra-7-155h.c3307;Meteor Lake;16  / 22;3.8 to 4.8 GHz;BGA 2049;7 nm;24 MB;28 W;Dec 14th, 2023;Intel
Core Ultra 7 155U;/cpu-specs/core-ultra-7-155u.c3524;Meteor Lake;12  / 14;1.7 to 4.8 GHz;BGA 2049;7 nm;12 MB;15 W;Dec 14th, 2023;Intel
Core Ultra 7 164U;/cpu-specs/core-ultra-7-164u.c3525;Meteor Lake;12  / 14;1.1 to 4.8 GHz;BGA 2551;7 nm;12 MB;9 W;Dec 14th, 2023;Intel
Core Ultra 7 165H;/cpu-specs/core-ultra-7-165h.c3306;Meteor Lake;16  / 22;3.8 to 5 GHz;BGA 2049;7 nm;24 MB;28 W;Dec 14th, 2023;Intel
Core Ultra 7 165U;/cpu-specs/core-ultra-7-165u.c3523;Meteor Lake;12  / 14;1.7 to 4.9 GHz;BGA 2049;7 nm;12 MB;15 W;Dec 14th, 2023;Intel
Core Ultra 9 185H;/cpu-specs/core-ultra-9-185h.c3308;Meteor Lake;16  / 22;3.9 to 5.1 GHz;BGA 2049;7 nm;24 MB;45 W;Dec 14th, 2023;Intel
Processor N100;/cpu-specs/processor-n100.c3007;Gracemont;4 ;0.1 to 3.4 GHz;BGA 1264;10 nm;6 MB;6 W;Jan 3rd, 2023;Intel
Processor N200;/cpu-specs/processor-n200.c3008;Gracemont;4 ;0.1 to 3.7 GHz;BGA 1264;10 nm;6 MB;6 W;Jan 3rd, 2023;Intel
Processor N50;/cpu-specs/processor-n50.c3010;Gracemont;2 ;1 to 3.4 GHz;BGA 1264;10 nm;6 MB;6 W;Jan 3rd, 2023;Intel
Processor N95;/cpu-specs/processor-n95.c3185;Gracemont;4 ;0.1 to 3.4 GHz;BGA 1264;10 nm;6 MB;15 W;Jan 3rd, 2023;Intel
Processor N97;/cpu-specs/processor-n97.c3009;Gracemont;4 ;2 to 3.6 GHz;BGA 1264;10 nm;6 MB;12 W;Jan 3rd, 2023;Intel
Processor U300;/cpu-specs/processor-u300.c3072;Raptor Lake-U;5  / 6;1.2 to 4.4 GHz;BGA 1744;10 nm;8 MB;15 W;Jan 4th, 2023;Intel
Processor U300E;/cpu-specs/processor-u300e.c3074;Raptor Lake-U;5  / 6;1.1 to 4.3 GHz;BGA 1744;10 nm;8 MB;15 W;Jan 4th, 2023;Intel
Core i3-1305U;/cpu-specs/core-i3-1305u.c3062;Raptor Lake-U;5  / 6;1.6 to 4.5 GHz;BGA 1744;10 nm;10 MB;15 W;Jan 4th, 2023;Intel
Core i3-13100;/cpu-specs/core-i3-13100.c2998;Raptor Lake-S;4  / 8;3.4 to 4.5 GHz;Socket 1700;10 nm;12 MB;60 W;Jan 4th, 2023;Intel
Core i3-13100E;/cpu-specs/core-i3-13100e.c3076;Raptor Lake-S;4  / 8;3.3 to 4.4 GHz;Socket 1700;10 nm;12 MB;60 W;Jan 4th, 2023;Intel
Core i3-13100F;/cpu-specs/core-i3-13100f.c2999;Raptor Lake-S;4  / 8;3.4 to 4.5 GHz;Socket 1700;10 nm;12 MB;58 W;Jan 4th, 2023;Intel
Core i3-13100T;/cpu-specs/core-i3-13100t.c3000;Raptor Lake-S;4  / 8;2.5 to 4.2 GHz;Socket 1700;10 nm;12 MB;35 W;Jan 4th, 2023;Intel
Core i3-13100TE;/cpu-specs/core-i3-13100te.c3075;Raptor Lake-S;4  / 8;2.4 to 4.1 GHz;Socket 1700;10 nm;12 MB;35 W;Jan 4th, 2023;Intel
Core i3-1315U;/cpu-specs/core-i3-1315u.c3063;Raptor Lake-U;6  / 8;1.2 to 4.5 GHz;BGA 1744;10 nm;10 MB;15 W;Jan 4th, 2023;Intel
Core i3-1315UE;/cpu-specs/core-i3-1315ue.c3073;Raptor Lake-U;6  / 8;1.2 to 4.5 GHz;BGA 1744;10 nm;10 MB;15 W;Jan 4th, 2023;Intel
Core i3-N300;/cpu-specs/core-i3-n300.c3014;Gracemont;8 ;0.1 to 3.7 GHz;BGA 1264;10 nm;6 MB;7 W;Jan 3rd, 2023;Intel
Core i3-N305;/cpu-specs/core-i3-n305.c3015;Gracemont;8 ;0.1 to 3.8 GHz;BGA 1264;10 nm;6 MB;15 W;Jan 3rd, 2023;Intel
Core i5-1334U;/cpu-specs/core-i5-1334u.c3064;Raptor Lake-U;10  / 12;1.3 to 4.6 GHz;BGA 1744;10 nm;12 MB;15 W;Jan 4th, 2023;Intel
Core i5-1335U;/cpu-specs/core-i5-1335u.c3065;Raptor Lake-U;10  / 12;1.3 to 4.6 GHz;BGA 1744;10 nm;12 MB;15 W;Jan 4th, 2023;Intel
Core i5-1335UE;/cpu-specs/core-i5-1335ue.c3066;Raptor Lake-U;10  / 12;1.3 to 4.5 GHz;BGA 1744;10 nm;12 MB;15 W;Jan 4th, 2023;Intel
Core i5-13400;/cpu-specs/core-i5-13400.c2994;Raptor Lake-S;10  / 16;2.5 to 4.6 GHz;Socket 1700;10 nm;20 MB;65 W;Jan 4th, 2023;Intel
Core i5-13400E;/cpu-specs/core-i5-13400e.c3079;Raptor Lake-S;10  / 16;2.4 to 4.6 GHz;Socket 1700;10 nm;20 MB;65 W;Jan 4th, 2023;Intel
Core i5-13400F;/cpu-specs/core-i5-13400f.c2995;Raptor Lake-S;10  / 16;2.5 to 4.6 GHz;Socket 1700;10 nm;20 MB;65 W;Jan 4th, 2023;Intel
Core i5-13400T;/cpu-specs/core-i5-13400t.c3006;Raptor Lake-S;10  / 16;1.3 to 4.4 GHz;Socket 1700;10 nm;20 MB;35 W;Jan 4th, 2023;Intel
Core i5-1340P;/cpu-specs/core-i5-1340p.c3061;Raptor Lake-P;12  / 16;1.9 to 4.6 GHz;BGA 1744;10 nm;12 MB;28 W;Jan 4th, 2023;Intel
Core i5-13420H;/cpu-specs/core-i5-13420h.c3058;Raptor Lake-H;8  / 12;2.1 to 4.6 GHz;BGA 1744;10 nm;12 MB;45 W;Jan 4th, 2023;Intel
Core i5-13450HX;/cpu-specs/core-i5-13450hx.c3032;Raptor Lake-HX;10  / 16;2.4 to 4.6 GHz;BGA 1964;10 nm;20 MB;55 W;Jan 4th, 2023;Intel
Core i5-1345U;/cpu-specs/core-i5-1345u.c3067;Raptor Lake-U;10  / 12;1.6 to 4.7 GHz;BGA 1744;10 nm;12 MB;15 W;Jan 4th, 2023;Intel
Core i5-1345UE;/cpu-specs/core-i5-1345ue.c3068;Raptor Lake-U;10  / 12;1.4 to 4.6 GHz;BGA 1744;10 nm;12 MB;15 W;Jan 4th, 2023;Intel
Core i5-13490F;/cpu-specs/core-i5-13490f.c3097;Raptor Lake-S;10  / 16;2.5 to 4.8 GHz;Socket 1700;10 nm;24 MB;65 W;Feb 10th, 2023;Intel
Core i5-13500;/cpu-specs/core-i5-13500.c2851;Raptor Lake-S;14  / 20;2.5 to 4.8 GHz;Socket 1700;10 nm;24 MB;65 W;Jan 4th, 2023;Intel
Core i5-13500E;/cpu-specs/core-i5-13500e.c3078;Raptor Lake-S;14  / 20;2.4 to 4.6 GHz;Socket 1700;10 nm;24 MB;65 W;Jan 4th, 2023;Intel
Core i5-13500H;/cpu-specs/core-i5-13500h.c3057;Raptor Lake-H;12  / 16;2.6 to 4.7 GHz;BGA 1744;10 nm;18 MB;45 W;Jan 4th, 2023;Intel
Core i5-13500HX;/cpu-specs/core-i5-13500hx.c3031;Raptor Lake-HX;14  / 20;2.5 to 4.7 GHz;BGA 1964;10 nm;24 MB;55 W;Jan 4th, 2023;Intel
Core i5-13500T;/cpu-specs/core-i5-13500t.c3005;Raptor Lake-S;14  / 20;1.6 to 4.6 GHz;Socket 1700;10 nm;24 MB;35 W;Jan 4th, 2023;Intel
Core i5-13500TE;/cpu-specs/core-i5-13500te.c3077;Raptor Lake-S;14  / 20;1.3 to 4.5 GHz;Socket 1700;10 nm;24 MB;35 W;Jan 4th, 2023;Intel
Core i5-13505H;/cpu-specs/core-i5-13505h.c3056;Raptor Lake-H;12  / 16;2.6 to 4.7 GHz;BGA 1744;10 nm;18 MB;45 W;Jan 4th, 2023;Intel
Core i5-1350P;/cpu-specs/core-i5-1350p.c3060;Raptor Lake-P;12  / 16;1.9 to 4.7 GHz;BGA 1744;10 nm;12 MB;28 W;Jan 4th, 2023;Intel
Core i5-13600;/cpu-specs/core-i5-13600.c3003;Raptor Lake-S;14  / 20;2.7 to 5 GHz;Socket 1700;10 nm;24 MB;65 W;Jan 4th, 2023;Intel
Core i5-13600H;/cpu-specs/core-i5-13600h.c3054;Raptor Lake-H;12  / 16;2.8 to 4.8 GHz;BGA 1744;10 nm;18 MB;45 W;Jan 4th, 2023;Intel
Core i5-13600HX;/cpu-specs/core-i5-13600hx.c3030;Raptor Lake-HX;14  / 20;2.6 to 4.8 GHz;BGA 1964;10 nm;24 MB;55 W;Jan 4th, 2023;Intel
Core i5-13600T;/cpu-specs/core-i5-13600t.c3521;Raptor Lake-S;14  / 20;1.8 to 4.8 GHz;Socket 1700;10 nm;24 MB;35 W;Jan 4th, 2023;Intel
Core i5-14600K;/cpu-specs/core-i5-14600k.c3266;Raptor Lake-R;14  / 20;3.5 to 5.3 GHz;Socket 1700;10 nm;24 MB;125 W;Oct 17th, 2023;Intel
Core i5-14600KF;/cpu-specs/core-i5-14600kf.c3267;Raptor Lake-R;14  / 20;3.5 to 5.3 GHz;Socket 1700;10 nm;24 MB;125 W;Oct 17th, 2023;Intel
Core i7-1355U;/cpu-specs/core-i7-1355u.c3069;Raptor Lake-U;10  / 12;1.7 to 5 GHz;BGA 1744;10 nm;12 MB;15 W;Jan 4th, 2023;Intel
Core i7-1360P;/cpu-specs/core-i7-1360p.c3059;Raptor Lake-P;12  / 16;2.2 to 5 GHz;BGA 1744;10 nm;18 MB;28 W;Jan 4th, 2023;Intel
Core i7-13620H;/cpu-specs/core-i7-13620h.c3053;Raptor Lake-H;10  / 16;2.4 to 4.9 GHz;BGA 1744;10 nm;24 MB;45 W;Jan 4th, 2023;Intel
Core i7-13650HX;/cpu-specs/core-i7-13650hx.c3029;Raptor Lake-HX;14  / 20;2.6 to 4.9 GHz;BGA 1964;10 nm;24 MB;55 W;Jan 4th, 2023;Intel
Core i7-1365U;/cpu-specs/core-i7-1365u.c3070;Raptor Lake-U;10  / 12;1.8 to 5.2 GHz;BGA 1744;10 nm;12 MB;15 W;Jan 4th, 2023;Intel
Core i7-1365UE;/cpu-specs/core-i7-1365ue.c3071;Raptor Lake-U;10  / 12;1.7 to 4.9 GHz;BGA 1744;10 nm;12 MB;15 W;Jan 4th, 2023;Intel
Core i7-1366URE;/cpu-specs/core-i7-1366ure.c3595;Raptor Lake-U;10  / 12;1.7 to 4.9 GHz;BGA 1744;10 nm;12 MB;15 W;Jan 4th, 2023;Intel
Core i7-13700;/cpu-specs/core-i7-13700.c2957;Raptor Lake-S;16  / 24;2.1 to 5.2 GHz;Socket 1700;10 nm;30 MB;65 W;Jan 4th, 2023;Intel
Core i7-13700E;/cpu-specs/core-i7-13700e.c3081;Raptor Lake-S;16  / 24;1.9 to 5.1 GHz;Socket 1700;10 nm;30 MB;65 W;Jan 4th, 2023;Intel
Core i7-13700F;/cpu-specs/core-i7-13700f.c2996;Raptor Lake-S;16  / 24;2.1 to 5.2 GHz;Socket 1700;10 nm;30 MB;65 W;Jan 4th, 2023;Intel
Core i7-13700H;/cpu-specs/core-i7-13700h.c3052;Raptor Lake-H;14  / 20;2.4 to 5 GHz;BGA 1744;10 nm;24 MB;45 W;Jan 4th, 2023;Intel
Core i7-13700HX;/cpu-specs/core-i7-13700hx.c3028;Raptor Lake-HX;16  / 24;2.1 to 5 GHz;BGA 1964;10 nm;30 MB;55 W;Jan 4th, 2023;Intel
Core i7-13700T;/cpu-specs/core-i7-13700t.c3002;Raptor Lake-S;16  / 24;1.4 to 4.9 GHz;Socket 1700;10 nm;30 MB;35 W;Jan 4th, 2023;Intel
Core i7-13700TE;/cpu-specs/core-i7-13700te.c3080;Raptor Lake-S;16  / 24;1.1 to 4.8 GHz;Socket 1700;10 nm;30 MB;35 W;Jan 4th, 2023;Intel
Core i7-13705H;/cpu-specs/core-i7-13705h.c3051;Raptor Lake-H;14  / 20;2.4 to 5 GHz;BGA 1744;10 nm;24 MB;45 W;Jan 4th, 2023;Intel
Core i7-1370P;/cpu-specs/core-i7-1370p.c3055;Raptor Lake-P;14  / 20;1.9 to 5.2 GHz;BGA 1744;10 nm;24 MB;28 W;Jan 4th, 2023;Intel
Core i7-1375PRE;/cpu-specs/core-i7-1375pre.c3594;Raptor Lake-P;14  / 20;1.9 to 4.8 GHz;BGA 1744;10 nm;24 MB;28 W;Jan 4th, 2023;Intel
Core i7-13790F;/cpu-specs/core-i7-13790f.c3096;Raptor Lake-S;16  / 24;2.1 to 5.2 GHz;Socket 1700;10 nm;33 MB;65 W;Feb 10th, 2023;Intel
Core i7-13800H;/cpu-specs/core-i7-13800h.c3050;Raptor Lake-H;14  / 20;2.5 to 5.2 GHz;BGA 1744;10 nm;24 MB;45 W;Jan 4th, 2023;Intel
Core i7-13850HX;/cpu-specs/core-i7-13850hx.c3019;Raptor Lake-HX;20  / 28;2.1 to 5.3 GHz;BGA 1964;10 nm;30 MB;55 W;Jan 4th, 2023;Intel
Core i7-14700K;/cpu-specs/core-i7-14700k.c3268;Raptor Lake-R;20  / 28;3.4 to 5.6 GHz;Socket 1700;10 nm;33 MB;125 W;Oct 17th, 2023;Intel
Core i7-14700KF;/cpu-specs/core-i7-14700kf.c3311;Raptor Lake-R;20  / 28;3.4 to 5.6 GHz;Socket 1700;10 nm;33 MB;125 W;Oct 17th, 2023;Intel
Core i9-13900;/cpu-specs/core-i9-13900.c2854;Raptor Lake-S;24  / 32;2 to 5.6 GHz;Socket 1700;10 nm;36 MB;65 W;Jan 4th, 2023;Intel
Core i9-13900E;/cpu-specs/core-i9-13900e.c3082;Raptor Lake-S;24  / 32;1.8 to 5.2 GHz;Socket 1700;10 nm;36 MB;65 W;Jan 4th, 2023;Intel
Core i9-13900F;/cpu-specs/core-i9-13900f.c2997;Raptor Lake-S;24  / 32;2 to 5.6 GHz;Socket 1700;10 nm;36 MB;65 W;Jan 4th, 2023;Intel
Core i9-13900H;/cpu-specs/core-i9-13900h.c3048;Raptor Lake-H;14  / 20;2.6 to 5.4 GHz;BGA 1744;10 nm;24 MB;45 W;Jan 4th, 2023;Intel
Core i9-13900HK;/cpu-specs/core-i9-13900hk.c3047;Raptor Lake-H;14  / 20;2.6 to 5.4 GHz;BGA 1744;10 nm;24 MB;45 W;Jan 4th, 2023;Intel
Core i9-13900HX;/cpu-specs/core-i9-13900hx.c3018;Raptor Lake-HX;24  / 32;2.2 to 5.4 GHz;BGA 1964;10 nm;36 MB;55 W;Jan 4th, 2023;Intel
Core i9-13900KS;/cpu-specs/core-i9-13900ks.c2956;Raptor Lake-S;24  / 32;3.2 to 6 GHz;Socket 1700;10 nm;36 MB;150 W;Jan 12th, 2023;Intel
Core i9-13900T;/cpu-specs/core-i9-13900t.c3001;Raptor Lake-S;24  / 32;1.1 to 5.3 GHz;Socket 1700;10 nm;36 MB;35 W;Jan 4th, 2023;Intel
Core i9-13900TE;/cpu-specs/core-i9-13900te.c3083;Raptor Lake-S;24  / 32;1 to 5 GHz;Socket 1700;10 nm;36 MB;35 W;Jan 4th, 2023;Intel
Core i9-13905H;/cpu-specs/core-i9-13905h.c3049;Raptor Lake-H;14  / 20;2.6 to 5.4 GHz;BGA 1744;10 nm;24 MB;45 W;Jan 4th, 2023;Intel
Core i9-13950HX;/cpu-specs/core-i9-13950hx.c3017;Raptor Lake-HX;24  / 32;2.2 to 5.5 GHz;BGA 1964;10 nm;36 MB;55 W;Jan 4th, 2023;Intel
Core i9-13980HX;/cpu-specs/core-i9-13980hx.c3016;Raptor Lake-HX;24  / 32;2.2 to 5.6 GHz;BGA 1964;10 nm;36 MB;55 W;Jan 4th, 2023;Intel
Core i9-14900K;/cpu-specs/core-i9-14900k.c3269;Raptor Lake-R;24  / 32;3.2 to 6 GHz;Socket 1700;10 nm;36 MB;125 W;Oct 17th, 2023;Intel
Core i9-14900KF;/cpu-specs/core-i9-14900kf.c3310;Raptor Lake-R;24  / 32;3.2 to 6 GHz;Socket 1700;10 nm;36 MB;125 W;Oct 17th, 2023;Intel
Xeon E-2414;/cpu-specs/xeon-e-2414.c3477;Raptor Lake-S;4 ;2.6 to 4.5 GHz;Socket 1700;10 nm;12 MB;55 W;Dec 14th, 2023;Intel
Xeon E-2434;/cpu-specs/xeon-e-2434.c3478;Raptor Lake-S;4  / 8;3.4 to 5 GHz;Socket 1700;10 nm;12 MB;55 W;Dec 14th, 2023;Intel
Xeon E-2436;/cpu-specs/xeon-e-2436.c3479;Raptor Lake-S;6  / 12;2.9 to 5 GHz;Socket 1700;10 nm;18 MB;65 W;Dec 14th, 2023;Intel
Xeon E-2456;/cpu-specs/xeon-e-2456.c3480;Raptor Lake-S;6  / 12;3.3 to 5.1 GHz;Socket 1700;10 nm;18 MB;80 W;Dec 14th, 2023;Intel
Xeon E-2468;/cpu-specs/xeon-e-2468.c3484;Raptor Lake-S;8  / 16;2.6 to 5.2 GHz;Socket 1700;10 nm;24 MB;65 W;Dec 14th, 2023;Intel
Xeon E-2478;/cpu-specs/xeon-e-2478.c3482;Raptor Lake-S;8  / 16;2.8 to 5.2 GHz;Socket 1700;10 nm;24 MB;80 W;Dec 14th, 2023;Intel
Xeon E-2486;/cpu-specs/xeon-e-2486.c3481;Raptor Lake-S;6  / 12;3.5 to 5.6 GHz;Socket 1700;10 nm;18 MB;95 W;Dec 14th, 2023;Intel
Xeon E-2488;/cpu-specs/xeon-e-2488.c3483;Raptor Lake-S;8  / 16;3.2 to 5.6 GHz;Socket 1700;10 nm;24 MB;95 W;Dec 14th, 2023;Intel
Xeon w3-2423;/cpu-specs/xeon-w3-2423.c3120;Sapphire Rapids;6  / 12;2.1 to 4.2 GHz;Socket 4677;10 nm;15 MB;120 W;Feb 15th, 2023;Intel
Xeon w3-2425;/cpu-specs/xeon-w3-2425.c3119;Sapphire Rapids;6  / 12;3 to 4.4 GHz;Socket 4677;10 nm;15 MB;130 W;Feb 15th, 2023;Intel
Xeon w3-2435;/cpu-specs/xeon-w3-2435.c3118;Sapphire Rapids;8  / 16;3.1 to 4.5 GHz;Socket 4677;10 nm;22.5 MB;165 W;Feb 15th, 2023;Intel
Xeon w5-2445;/cpu-specs/xeon-w5-2445.c3117;Sapphire Rapids;10  / 20;3.1 to 4.6 GHz;Socket 4677;10 nm;26.25 MB;175 W;Feb 15th, 2023;Intel
Xeon w5-2455X;/cpu-specs/xeon-w5-2455x.c3116;Sapphire Rapids;12  / 24;3.2 to 4.6 GHz;Socket 4677;10 nm;30 MB;200 W;Feb 15th, 2023;Intel
Xeon w5-2465X;/cpu-specs/xeon-w5-2465x.c3115;Sapphire Rapids;16  / 32;3.1 to 4.7 GHz;Socket 4677;10 nm;33.75 MB;200 W;Feb 15th, 2023;Intel
Xeon w5-3425;/cpu-specs/xeon-w5-3425.c3112;Sapphire Rapids;12  / 24;3.2 to 4.6 GHz;Socket 4677;10 nm;30 MB;270 W;Feb 15th, 2023;Intel
Xeon w5-3435X;/cpu-specs/xeon-w5-3435x.c3111;Sapphire Rapids;16  / 32;3.1 to 4.7 GHz;Socket 4677;10 nm;45 MB;270 W;Feb 15th, 2023;Intel
Xeon w7-2475X;/cpu-specs/xeon-w7-2475x.c3114;Sapphire Rapids;20  / 40;2.6 to 4.8 GHz;Socket 4677;10 nm;37.5 MB;225 W;Feb 15th, 2023;Intel
Xeon w7-2495X;/cpu-specs/xeon-w7-2495x.c3113;Sapphire Rapids;24  / 48;2.5 to 4.8 GHz;Socket 4677;10 nm;45 MB;225 W;Feb 15th, 2023;Intel
Xeon w7-3445;/cpu-specs/xeon-w7-3445.c3110;Sapphire Rapids;20  / 40;2.5 to 4.8 GHz;Socket 4677;10 nm;52.5 MB;270 W;Feb 15th, 2023;Intel
Xeon w7-3455;/cpu-specs/xeon-w7-3455.c3109;Sapphire Rapids;24  / 48;2.5 to 4.8 GHz;Socket 4677;10 nm;67.5 MB;270 W;Feb 15th, 2023;Intel
Xeon w7-3465X;/cpu-specs/xeon-w7-3465x.c3108;Sapphire Rapids;28  / 56;2.5 to 4.8 GHz;Socket 4677;10 nm;75 MB;300 W;Feb 15th, 2023;Intel
Xeon w7-3545;/cpu-specs/xeon-w7-3545.c3805;Sapphire Rapids;24  / 48;2.7 to 4.8 GHz;Socket 4677;10 nm;67.5 MB;310 W;Aug 24th, 2023;Intel
Xeon w9-3475X;/cpu-specs/xeon-w9-3475x.c3107;Sapphire Rapids;36  / 72;2.2 to 4.8 GHz;Socket 4677;10 nm;82.5 MB;300 W;Feb 15th, 2023;Intel
Xeon w9-3495X;/cpu-specs/xeon-w9-3495x.c3106;Sapphire Rapids;56  / 112;1.9 to 4.8 GHz;Socket 4677;10 nm;105 MB;350 W;Feb 15th, 2023;Intel
Xeon D-2899NT;/cpu-specs/xeon-d-2899nt.c3879;Ice Lake-D;22  / 44;2.2 to 3.1 GHz;BGA 2579;10 nm;30 MB;135 W;Dec 14th, 2023;Intel
Xeon Bronze 3408U;/cpu-specs/xeon-bronze-3408u.c3170;Sapphire Rapids;8 ;1800 to 1900 MHz;Socket 4677;10 nm;22.5 MB;125 W;Jan 10th, 2023;Intel
Xeon Silver 3508U;/cpu-specs/xeon-silver-3508u.c3499;Sapphire Rapids;8  / 16;2.1 to 2.2 GHz;Socket 4677;10 nm;22.5 MB;125 W;Dec 14th, 2023;Intel
Xeon Silver 4410T;/cpu-specs/xeon-silver-4410t.c3169;Sapphire Rapids;10  / 20;2.7 to 4 GHz;Socket 4677;10 nm;26.25 MB;150 W;Jan 10th, 2023;Intel
Xeon Silver 4410Y;/cpu-specs/xeon-silver-4410y.c3168;Sapphire Rapids;12  / 24;2 to 3.9 GHz;Socket 4677;10 nm;30 MB;150 W;Jan 10th, 2023;Intel
Xeon Silver 4416+;/cpu-specs/xeon-silver-4416.c3167;Sapphire Rapids;20  / 40;2 to 3.9 GHz;Socket 4677;10 nm;37.5 MB;165 W;Jan 10th, 2023;Intel
Xeon Silver 4509Y;/cpu-specs/xeon-silver-4509y.c3497;Sapphire Rapids;8  / 16;2.6 to 4.1 GHz;Socket 4677;10 nm;22.5 MB;125 W;Dec 14th, 2023;Intel
Xeon Silver 4510;/cpu-specs/xeon-silver-4510.c3496;Sapphire Rapids;12  / 24;2.4 to 4.1 GHz;Socket 4677;10 nm;30 MB;150 W;Dec 14th, 2023;Intel
Xeon Silver 4510T;/cpu-specs/xeon-silver-4510t.c3498;Sapphire Rapids;12  / 24;2 to 3.7 GHz;Socket 4677;10 nm;30 MB;115 W;Dec 14th, 2023;Intel
Xeon Silver 4514Y;/cpu-specs/xeon-silver-4514y.c3495;Emerald Rapids;16  / 32;2 to 3.4 GHz;Socket 4677;10 nm;30 MB;150 W;Dec 14th, 2023;Intel
Xeon Silver 4516Y+;/cpu-specs/xeon-silver-4516y.c3494;Emerald Rapids;24  / 48;2.2 to 3.7 GHz;Socket 4677;10 nm;45 MB;185 W;Dec 14th, 2023;Intel
Xeon Gold 5411N;/cpu-specs/xeon-gold-5411n.c3152;Sapphire Rapids;28  / 56;1.9 to 3.9 GHz;Socket 4677;10 nm;45 MB;165 W;Jan 10th, 2023;Intel
Xeon Gold 5412U;/cpu-specs/xeon-gold-5412u.c3153;Sapphire Rapids;24  / 48;2.1 to 3.9 GHz;Socket 4677;10 nm;45 MB;185 W;Jan 10th, 2023;Intel
Xeon Gold 5415+;/cpu-specs/xeon-gold-5415.c3164;Sapphire Rapids;8  / 16;2.9 to 4.1 GHz;Socket 4677;10 nm;22.5 MB;150 W;Jan 10th, 2023;Intel
Xeon Gold 5416S;/cpu-specs/xeon-gold-5416s.c3161;Sapphire Rapids;16  / 32;2 to 4 GHz;Socket 4677;10 nm;30 MB;150 W;Jan 10th, 2023;Intel
Xeon Gold 5418N;/cpu-specs/xeon-gold-5418n.c3154;Sapphire Rapids;24  / 48;1.8 to 3.8 GHz;Socket 4677;10 nm;45 MB;165 W;Jan 10th, 2023;Intel
Xeon Gold 5418Y;/cpu-specs/xeon-gold-5418y.c3155;Sapphire Rapids;24  / 48;2 to 3.8 GHz;Socket 4677;10 nm;45 MB;185 W;Jan 10th, 2023;Intel
Xeon Gold 5420+;/cpu-specs/xeon-gold-5420.c3151;Sapphire Rapids;28  / 56;2 to 4.1 GHz;Socket 4677;10 nm;52.5 MB;205 W;Jan 10th, 2023;Intel
Xeon Gold 5423N;/cpu-specs/xeon-gold-5423n.c3158;Sapphire Rapids;20  / 40;2.1 to 4 GHz;Socket 4677;10 nm;37.5 MB;145 W;Jan 10th, 2023;Intel
Xeon Gold 5433N;/cpu-specs/xeon-gold-5433n.c3159;Sapphire Rapids;20  / 40;2.3 to 4.1 GHz;Socket 4677;10 nm;37.5 MB;160 W;Jan 10th, 2023;Intel
Xeon Gold 5512U;/cpu-specs/xeon-gold-5512u.c3428;Emerald Rapids;28  / 56;2.1 to 3.7 GHz;Socket 4677;10 nm;52.5 MB;185 W;Dec 14th, 2023;Intel
Xeon Gold 5515+;/cpu-specs/xeon-gold-5515.c3427;Emerald Rapids;8  / 16;3.2 to 4.1 GHz;Socket 4677;10 nm;22.5 MB;165 W;Dec 14th, 2023;Intel
Xeon Gold 5520+;/cpu-specs/xeon-gold-5520.c3426;Emerald Rapids;28  / 56;2.2 to 4 GHz;Socket 4677;10 nm;52.5 MB;205 W;Dec 14th, 2023;Intel
Xeon Gold 6414U;/cpu-specs/xeon-gold-6414u.c3140;Sapphire Rapids;32  / 64;2 to 3.4 GHz;Socket 4677;10 nm;60 MB;250 W;Jan 10th, 2023;Intel
Xeon Gold 6416H;/cpu-specs/xeon-gold-6416h.c3160;Sapphire Rapids;18  / 36;2.2 to 4.2 GHz;Socket 4677;10 nm;45 MB;165 W;Jan 10th, 2023;Intel
Xeon Gold 6418H;/cpu-specs/xeon-gold-6418h.c3156;Sapphire Rapids;24  / 48;2.1 to 4 GHz;Socket 4677;10 nm;60 MB;185 W;Jan 10th, 2023;Intel
Xeon Gold 6421N;/cpu-specs/xeon-gold-6421n.c3141;Sapphire Rapids;32  / 64;1.8 to 3.6 GHz;Socket 4677;10 nm;60 MB;185 W;Jan 10th, 2023;Intel
Xeon Gold 6426Y;/cpu-specs/xeon-gold-6426y.c3162;Sapphire Rapids;16  / 32;2.5 to 4.1 GHz;Socket 4677;10 nm;37.5 MB;185 W;Jan 10th, 2023;Intel
Xeon Gold 6428N;/cpu-specs/xeon-gold-6428n.c3142;Sapphire Rapids;32  / 64;1.8 to 3.8 GHz;Socket 4677;10 nm;60 MB;185 W;Jan 10th, 2023;Intel
Xeon Gold 6430;/cpu-specs/xeon-gold-6430.c3143;Sapphire Rapids;32  / 64;2.1 to 3.4 GHz;Socket 4677;10 nm;60 MB;270 W;Jan 10th, 2023;Intel
Xeon Gold 6434;/cpu-specs/xeon-gold-6434.c3165;Sapphire Rapids;8  / 16;3.7 to 4.1 GHz;Socket 4677;10 nm;22.5 MB;195 W;Jan 10th, 2023;Intel
Xeon Gold 6434H;/cpu-specs/xeon-gold-6434h.c3166;Sapphire Rapids;8  / 16;3.7 to 4.1 GHz;Socket 4677;10 nm;22.5 MB;195 W;Jan 10th, 2023;Intel
Xeon Gold 6438M;/cpu-specs/xeon-gold-6438m.c3144;Sapphire Rapids;32  / 64;2.2 to 3.9 GHz;Socket 4677;10 nm;60 MB;205 W;Jan 10th, 2023;Intel
Xeon Gold 6438N;/cpu-specs/xeon-gold-6438n.c3145;Sapphire Rapids;32  / 64;2 to 3.6 GHz;Socket 4677;10 nm;60 MB;205 W;Jan 10th, 2023;Intel
Xeon Gold 6438Y+;/cpu-specs/xeon-gold-6438y.c3146;Sapphire Rapids;32  / 64;2 to 4 GHz;Socket 4677;10 nm;60 MB;205 W;Jan 10th, 2023;Intel
Xeon Gold 6442Y;/cpu-specs/xeon-gold-6442y.c3157;Sapphire Rapids;24  / 48;2.6 to 4 GHz;Socket 4677;10 nm;60 MB;225 W;Jan 10th, 2023;Intel
Xeon Gold 6444Y;/cpu-specs/xeon-gold-6444y.c3163;Sapphire Rapids;16  / 32;3.6 to 4 GHz;Socket 4677;10 nm;45 MB;270 W;Jan 10th, 2023;Intel
Xeon Gold 6448H;/cpu-specs/xeon-gold-6448h.c3147;Sapphire Rapids;32  / 64;2.4 to 4.1 GHz;Socket 4677;10 nm;60 MB;250 W;Jan 10th, 2023;Intel
Xeon Gold 6448Y;/cpu-specs/xeon-gold-6448y.c3148;Sapphire Rapids;32  / 64;2.1 to 4.1 GHz;Socket 4677;10 nm;60 MB;225 W;Jan 10th, 2023;Intel
Xeon Gold 6454S;/cpu-specs/xeon-gold-6454s.c3149;Sapphire Rapids;32  / 64;2.2 to 3.4 GHz;Socket 4677;10 nm;60 MB;270 W;Jan 10th, 2023;Intel
Xeon Gold 6458Q;/cpu-specs/xeon-gold-6458q.c3150;Sapphire Rapids;32  / 64;3.1 to 4 GHz;Socket 4677;10 nm;60 MB;350 W;Jan 10th, 2023;Intel
Xeon Gold 6526Y;/cpu-specs/xeon-gold-6526y.c3423;Emerald Rapids;16  / 32;2.8 to 3.9 GHz;Socket 4677;10 nm;37.5 MB;195 W;Dec 14th, 2023;Intel
Xeon Gold 6530;/cpu-specs/xeon-gold-6530.c3425;Emerald Rapids;32  / 64;2.1 to 4 GHz;Socket 4677;10 nm;160 MB;270 W;Dec 14th, 2023;Intel
Xeon Gold 6534;/cpu-specs/xeon-gold-6534.c3424;Emerald Rapids;8  / 16;3.9 to 4.2 GHz;Socket 4677;10 nm;22.5 MB;195 W;Dec 14th, 2023;Intel
Xeon Gold 6538N;/cpu-specs/xeon-gold-6538n.c3431;Emerald Rapids;32  / 64;2.1 to 4.1 GHz;Socket 4677;10 nm;60 MB;205 W;Dec 14th, 2023;Intel
Xeon Gold 6542Y;/cpu-specs/xeon-gold-6542y.c3421;Emerald Rapids;24  / 48;2.9 to 4.1 GHz;Socket 4677;10 nm;60 MB;250 W;Dec 14th, 2023;Intel
Xeon Gold 6544Y;/cpu-specs/xeon-gold-6544y.c3422;Emerald Rapids;16  / 32;3.6 to 4.1 GHz;Socket 4677;10 nm;45 MB;270 W;Dec 14th, 2023;Intel
Xeon Gold 6548N;/cpu-specs/xeon-gold-6548n.c3430;Emerald Rapids;32  / 64;2.8 to 4.1 GHz;Socket 4677;10 nm;60 MB;270 W;Dec 14th, 2023;Intel
Xeon Gold 6548Y+;/cpu-specs/xeon-gold-6548y.c3420;Emerald Rapids;32  / 64;2.5 to 4.1 GHz;Socket 4677;10 nm;60 MB;250 W;Dec 14th, 2023;Intel
Xeon Gold 6554S;/cpu-specs/xeon-gold-6554s.c3432;Emerald Rapids;36  / 72;2.2 to 4 GHz;Socket 4677;10 nm;180 MB;270 W;Dec 14th, 2023;Intel
Xeon Platinum 8444H;/cpu-specs/xeon-platinum-8444h.c3139;Sapphire Rapids;16  / 32;2.9 to 4 GHz;Socket 4677;10 nm;45 MB;270 W;Jan 10th, 2023;Intel
Xeon Platinum 8450H;/cpu-specs/xeon-platinum-8450h.c3138;Sapphire Rapids;28  / 56;2 to 3.5 GHz;Socket 4677;10 nm;75 MB;250 W;Jan 10th, 2023;Intel
Xeon Platinum 8452Y;/cpu-specs/xeon-platinum-8452y.c3135;Sapphire Rapids;36  / 72;2 to 3.8 GHz;Socket 4677;10 nm;67.5 MB;300 W;Jan 10th, 2023;Intel
Xeon Platinum 8454H;/cpu-specs/xeon-platinum-8454h.c3136;Sapphire Rapids;32  / 64;2.1 to 3.4 GHz;Socket 4677;10 nm;82.5 MB;270 W;Jan 10th, 2023;Intel
Xeon Platinum 8458P;/cpu-specs/xeon-platinum-8458p.c3133;Sapphire Rapids;44  / 88;2.7 to 3.8 GHz;Socket 4677;10 nm;82.5 MB;350 W;Jan 10th, 2023;Intel
Xeon Platinum 8460H;/cpu-specs/xeon-platinum-8460h.c3134;Sapphire Rapids;40  / 80;2.2 to 3.8 GHz;Socket 4677;10 nm;105 MB;330 W;Jan 10th, 2023;Intel
Xeon Platinum 8460Y+;/cpu-specs/xeon-platinum-8460y.c3095;Sapphire Rapids;40  / 80;2 to 3.7 GHz;Socket 4677;10 nm;105 MB;300 W;Jan 10th, 2023;Intel
Xeon Platinum 8461V;/cpu-specs/xeon-platinum-8461v.c3093;Sapphire Rapids;48  / 96;2.2 to 3.7 GHz;Socket 4677;10 nm;97.5 MB;300 W;Jan 10th, 2023;Intel
Xeon Platinum 8462Y+;/cpu-specs/xeon-platinum-8462y.c3137;Sapphire Rapids;32  / 64;2.8 to 4.1 GHz;Socket 4677;10 nm;60 MB;300 W;Jan 10th, 2023;Intel
Xeon Platinum 8468;/cpu-specs/xeon-platinum-8468.c3094;Sapphire Rapids;48  / 96;2.1 to 3.8 GHz;Socket 4677;10 nm;105 MB;350 W;Jan 10th, 2023;Intel
Xeon Platinum 8468H;/cpu-specs/xeon-platinum-8468h.c3131;Sapphire Rapids;48  / 96;2.1 to 3.8 GHz;Socket 4677;10 nm;105 MB;330 W;Jan 10th, 2023;Intel
Xeon Platinum 8468V;/cpu-specs/xeon-platinum-8468v.c3132;Sapphire Rapids;48  / 96;2.4 to 3.8 GHz;Socket 4677;10 nm;97.5 MB;330 W;Jan 10th, 2023;Intel
Xeon Platinum 8470;/cpu-specs/xeon-platinum-8470.c3089;Sapphire Rapids;52  / 104;2 to 3.8 GHz;Socket 4677;10 nm;105 MB;350 W;Jan 10th, 2023;Intel
Xeon Platinum 8470N;/cpu-specs/xeon-platinum-8470n.c3090;Sapphire Rapids;52  / 104;1.7 to 3.6 GHz;Socket 4677;10 nm;97.5 MB;300 W;Jan 10th, 2023;Intel
Xeon Platinum 8470Q;/cpu-specs/xeon-platinum-8470q.c3091;Sapphire Rapids;52  / 104;2.1 to 3.8 GHz;Socket 4677;10 nm;105 MB;350 W;Jan 10th, 2023;Intel
Xeon Platinum 8471N;/cpu-specs/xeon-platinum-8471n.c3092;Sapphire Rapids;52  / 104;1.8 to 3.6 GHz;Socket 4677;10 nm;97.5 MB;300 W;Jan 10th, 2023;Intel
Xeon Platinum 8480+;/cpu-specs/xeon-platinum-8480.c2958;Sapphire Rapids;56  / 112;2 to 3.8 GHz;Socket 4677;10 nm;105 MB;350 W;Jan 10th, 2023;Intel
Xeon Platinum 8490H;/cpu-specs/xeon-platinum-8490h.c2942;Sapphire Rapids;60  / 120;1.9 to 3.5 GHz;Socket 4677;10 nm;112.5 MB;350 W;Jan 10th, 2023;Intel
Xeon Platinum 8558;/cpu-specs/xeon-platinum-8558.c3413;Emerald Rapids;48  / 96;2.1 to 4 GHz;Socket 4677;10 nm;260 MB;330 W;Dec 14th, 2023;Intel
Xeon Platinum 8558P;/cpu-specs/xeon-platinum-8558p.c3414;Emerald Rapids;48  / 96;2.7 to 4 GHz;Socket 4677;10 nm;260 MB;350 W;Dec 14th, 2023;Intel
Xeon Platinum 8558U;/cpu-specs/xeon-platinum-8558u.c3415;Emerald Rapids;48  / 96;2 to 4 GHz;Socket 4677;10 nm;260 MB;300 W;Dec 14th, 2023;Intel
Xeon Platinum 8562Y+;/cpu-specs/xeon-platinum-8562y.c3412;Emerald Rapids;32  / 64;2.8 to 4.1 GHz;Socket 4677;10 nm;60 MB;300 W;Dec 14th, 2023;Intel
Xeon Platinum 8568Y+;/cpu-specs/xeon-platinum-8568y.c3411;Emerald Rapids;48  / 96;2.3 to 4 GHz;Socket 4677;10 nm;300 MB;350 W;Dec 14th, 2023;Intel
Xeon Platinum 8570;/cpu-specs/xeon-platinum-8570.c3410;Emerald Rapids;56  / 112;2.1 to 4 GHz;Socket 4677;10 nm;300 MB;350 W;Dec 14th, 2023;Intel
Xeon Platinum 8571N;/cpu-specs/xeon-platinum-8571n.c3429;Emerald Rapids;52  / 104;2.4 to 4 GHz;Socket 4677;10 nm;300 MB;300 W;Dec 14th, 2023;Intel
Xeon Platinum 8580;/cpu-specs/xeon-platinum-8580.c3409;Emerald Rapids;60  / 120;2 to 4 GHz;Socket 4677;10 nm;300 MB;350 W;Dec 14th, 2023;Intel
Xeon Platinum 8581V;/cpu-specs/xeon-platinum-8581v.c3418;Emerald Rapids;64  / 128;2 to 3.9 GHz;Socket 4677;10 nm;300 MB;270 W;Dec 14th, 2023;Intel
Xeon Platinum 8592+;/cpu-specs/xeon-platinum-8592.c3408;Emerald Rapids;64  / 128;1.9 to 3.9 GHz;Socket 4677;10 nm;320 MB;350 W;Dec 14th, 2023;Intel
Xeon Platinum 8592V;/cpu-specs/xeon-platinum-8592v.c3417;Emerald Rapids;64  / 128;2 to 3.9 GHz;Socket 4677;10 nm;320 MB;330 W;Dec 14th, 2023;Intel
Xeon Platinum 8593Q;/cpu-specs/xeon-platinum-8593q.c3416;Emerald Rapids;64  / 128;2.2 to 3.9 GHz;Socket 4677;10 nm;320 MB;385 W;Dec 14th, 2023;Intel
Xeon Max 9460;/cpu-specs/xeon-max-9460.c3087;Sapphire Rapids HBM;40  / 80;2.2 to 3.5 GHz;Socket 4677;10 nm;97.5 MB;350 W;Jan 10th, 2023;Intel
Xeon Max 9462;/cpu-specs/xeon-max-9462.c3088;Sapphire Rapids HBM;32  / 64;2.7 to 3.5 GHz;Socket 4677;10 nm;75 MB;350 W;Jan 10th, 2023;Intel
Xeon Max 9468;/cpu-specs/xeon-max-9468.c3086;Sapphire Rapids HBM;48  / 96;2.1 to 3.5 GHz;Socket 4677;10 nm;105 MB;350 W;Jan 10th, 2023;Intel
Xeon Max 9470;/cpu-specs/xeon-max-9470.c3085;Sapphire Rapids HBM;52  / 104;2 to 3.5 GHz;Socket 4677;10 nm;105 MB;350 W;Jan 10th, 2023;Intel
Xeon Max 9480;/cpu-specs/xeon-max-9480.c3084;Sapphire Rapids HBM;56  / 112;1.9 to 3.5 GHz;Socket 4677;10 nm;112.5 MB;350 W;Jan 10th, 2023;Intel
Athlon Gold 7220U;/cpu-specs/athlon-gold-7220u.c3044;Mendocino;2  / 4;2.4 to 3.7 GHz;Socket FP6;6 nm;4 MB;15 W;Sep 20th, 2022;AMD
Athlon Silver 7120U;/cpu-specs/athlon-silver-7120u.c3043;Mendocino;2 ;2.4 to 3.5 GHz;Socket FP6;6 nm;2 MB;15 W;Sep 20th, 2022;AMD
EPYC 7373X;/cpu-specs/epyc-7373x.c2762;Milan-X;16  / 32;3.05 to 3.8 GHz;Socket SP3;7 nm;768 MB;240 W;Mar 22nd, 2022;AMD
EPYC 7473X;/cpu-specs/epyc-7473x.c2761;Milan-X;24  / 48;2.8 to 3.7 GHz;Socket SP3;7 nm;768 MB;240 W;Mar 22nd, 2022;AMD
EPYC 7573X;/cpu-specs/epyc-7573x.c2760;Milan-X;32  / 64;2.8 to 3.6 GHz;Socket SP3;7 nm;768 MB;280 W;Mar 22nd, 2022;AMD
EPYC 7773X;/cpu-specs/epyc-7773x.c2759;Milan-X;64  / 128;2.2 to 3.5 GHz;Socket SP3;7 nm;768 MB;280 W;Mar 22nd, 2022;AMD
EPYC 9124;/cpu-specs/epyc-9124.c2917;Genoa;16  / 32;3 to 3.7 GHz;Socket SP5;5 nm;64 MB;200 W;Nov 10th, 2022;AMD
EPYC 9174F;/cpu-specs/epyc-9174f.c2918;Genoa;16  / 32;4.1 to 4.4 GHz;Socket SP5;5 nm;256 MB;320 W;Nov 10th, 2022;AMD
EPYC 9224;/cpu-specs/epyc-9224.c2919;Genoa;24  / 48;2.5 to 3.7 GHz;Socket SP5;5 nm;64 MB;200 W;Nov 10th, 2022;AMD
EPYC 9254;/cpu-specs/epyc-9254.c2920;Genoa;24  / 48;2.9 to 4.15 GHz;Socket SP5;5 nm;128 MB;200 W;Nov 10th, 2022;AMD
EPYC 9274F;/cpu-specs/epyc-9274f.c2921;Genoa;24  / 48;4.05 to 4.3 GHz;Socket SP5;5 nm;256 MB;320 W;Nov 10th, 2022;AMD
EPYC 9334;/cpu-specs/epyc-9334.c2922;Genoa;32  / 64;2.7 to 3.9 GHz;Socket SP5;5 nm;128 MB;210 W;Nov 10th, 2022;AMD
EPYC 9354;/cpu-specs/epyc-9354.c2923;Genoa;32  / 64;3.25 to 3.8 GHz;Socket SP5;5 nm;256 MB;280 W;Nov 10th, 2022;AMD
EPYC 9354P;/cpu-specs/epyc-9354p.c2924;Genoa;32  / 64;3.25 to 3.8 GHz;Socket SP5;5 nm;256 MB;280 W;Nov 10th, 2022;AMD
EPYC 9374F;/cpu-specs/epyc-9374f.c2925;Genoa;32  / 64;3.85 to 4.3 GHz;Socket SP5;5 nm;256 MB;320 W;Nov 10th, 2022;AMD
EPYC 9454;/cpu-specs/epyc-9454.c2926;Genoa;48  / 96;2.75 to 3.8 GHz;Socket SP5;5 nm;256 MB;290 W;Nov 10th, 2022;AMD
EPYC 9454P;/cpu-specs/epyc-9454p.c2927;Genoa;48  / 96;2.75 to 3.8 GHz;Socket SP5;5 nm;256 MB;290 W;Nov 10th, 2022;AMD
EPYC 9474F;/cpu-specs/epyc-9474f.c2928;Genoa;48  / 96;3.6 to 4.1 GHz;Socket SP5;5 nm;256 MB;360 W;Nov 10th, 2022;AMD
EPYC 9534;/cpu-specs/epyc-9534.c2929;Genoa;64  / 128;2.45 to 3.7 GHz;Socket SP5;5 nm;256 MB;280 W;Nov 10th, 2022;AMD
EPYC 9554;/cpu-specs/epyc-9554.c2930;Genoa;64  / 128;3.1 to 3.75 GHz;Socket SP5;5 nm;256 MB;360 W;Nov 10th, 2022;AMD
EPYC 9554P;/cpu-specs/epyc-9554p.c2931;Genoa;64  / 128;3.1 to 3.75 GHz;Socket SP5;5 nm;256 MB;360 W;Nov 10th, 2022;AMD
EPYC 9634;/cpu-specs/epyc-9634.c2932;Genoa;84  / 168;2.25 to 3.7 GHz;Socket SP5;5 nm;384 MB;290 W;Nov 10th, 2022;AMD
EPYC 9654;/cpu-specs/epyc-9654.c2933;Genoa;96  / 192;2.4 to 3.7 GHz;Socket SP5;5 nm;384 MB;360 W;Nov 10th, 2022;AMD
EPYC 9654P;/cpu-specs/epyc-9654p.c2934;Genoa;96  / 192;2.4 to 3.7 GHz;Socket SP5;5 nm;384 MB;360 W;Nov 10th, 2022;AMD
Ryzen 3 4100;/cpu-specs/ryzen-3-4100.c2757;Renoir;4  / 8;3.8 to 4 GHz;Socket AM4;7 nm;8 MB;65 W;Apr 4th, 2022;AMD
Ryzen 3 5125C;/cpu-specs/ryzen-3-5125c.c2785;Cezanne-U;2  / 4;3 GHz;Socket FP6;7 nm;8 MB;15 W;May 5th, 2022;AMD
Ryzen 3 5425C;/cpu-specs/ryzen-3-5425c.c2784;Cezanne-U;4  / 8;2.7 to 4.1 GHz;Socket FP6;7 nm;8 MB;15 W;May 5th, 2022;AMD
Ryzen 3 5425U;/cpu-specs/ryzen-3-5425u.c2519;Barcelo;4  / 8;2.7 to 4.1 GHz;Socket FP6;7 nm;8 MB;15 W;Jan 6th, 2022;AMD
Ryzen 3 7320U;/cpu-specs/ryzen-3-7320u.c3045;Mendocino;4  / 8;2.4 to 4.1 GHz;Socket FP6;6 nm;4 MB;15 W;Sep 20th, 2022;AMD
Ryzen 3 PRO 5475U;/cpu-specs/ryzen-3-pro-5475u.c2775;Cezanne-U;4  / 8;2.7 to 4.1 GHz;Socket FP6;7 nm;8 MB;15 W;Apr 19th, 2022;AMD
Ryzen 5 4500;/cpu-specs/ryzen-5-4500.c2758;Renoir;6  / 12;3.6 to 4.1 GHz;Socket AM4;7 nm;8 MB;65 W;Apr 4th, 2022;AMD
Ryzen 5 5500;/cpu-specs/ryzen-5-5500.c2756;Cezanne;6  / 12;3.6 to 4.2 GHz;Socket AM4;7 nm;16 MB;65 W;Apr 4th, 2022;AMD
Ryzen 5 5600;/cpu-specs/ryzen-5-5600.c2743;Vermeer;6  / 12;3.5 to 4.4 GHz;Socket AM4;7 nm;32 MB;65 W;Apr 20th, 2022;AMD
Ryzen 5 5625C;/cpu-specs/ryzen-5-5625c.c2783;Cezanne-U;6  / 12;2.3 to 4.3 GHz;Socket FP6;7 nm;16 MB;15 W;May 5th, 2022;AMD
Ryzen 5 5625U;/cpu-specs/ryzen-5-5625u.c2520;Barcelo;6  / 12;2.3 to 4.3 GHz;Socket FP6;7 nm;16 MB;15 W;Jan 6th, 2022;AMD
Ryzen 5 6600H;/cpu-specs/ryzen-5-6600h.c2525;Rembrandt;6  / 12;3.3 to 4.5 GHz;Socket FP7;6 nm;16 MB;45 W;Jan 2022;AMD
Ryzen 5 6600HS;/cpu-specs/ryzen-5-6600hs.c2524;Rembrandt;6  / 12;3.3 to 4.5 GHz;Socket FP7;6 nm;16 MB;35 W;Jan 2022;AMD
Ryzen 5 6600U;/cpu-specs/ryzen-5-6600u.c2522;Rembrandt;6  / 12;2.9 to 4.5 GHz;Socket FP7;6 nm;16 MB;15 W;Jan 2022;AMD
Ryzen 5 7520U;/cpu-specs/ryzen-5-7520u.c3046;Mendocino;4  / 8;2.8 to 4.3 GHz;Socket FP6;6 nm;4 MB;15 W;Sep 20th, 2022;AMD
Ryzen 5 7600X;/cpu-specs/ryzen-5-7600x.c2849;Raphael;6  / 12;4.7 to 5.3 GHz;Socket AM5;5 nm;32 MB;105 W;Sep 27th, 2022;AMD
Ryzen 5 PRO 4655G;/cpu-specs/ryzen-5-pro-4655g.c3324;Renoir;6  / 12;3.7 to 4.2 GHz;Socket AM4;7 nm;8 MB;65 W;Nov 11th, 2022;AMD
Ryzen 5 PRO 4655GE;/cpu-specs/ryzen-5-pro-4655ge.c3325;Renoir;6  / 12;3.3 to 4.2 GHz;Socket AM4;7 nm;8 MB;35 W;Nov 11th, 2022;AMD
Ryzen 5 PRO 5675U;/cpu-specs/ryzen-5-pro-5675u.c2776;Cezanne-U;6  / 12;2.3 to 4.3 GHz;Socket FP6;7 nm;16 MB;15 W;Apr 19th, 2022;AMD
Ryzen 5 PRO 6650H;/cpu-specs/ryzen-5-pro-6650h.c2769;Rembrandt;6  / 12;3.3 to 4.5 GHz;Socket FP7;6 nm;16 MB;45 W;Apr 19th, 2022;AMD
Ryzen 5 PRO 6650HS;/cpu-specs/ryzen-5-pro-6650hs.c2770;Rembrandt;6  / 12;3.3 to 4.5 GHz;Socket FP7;6 nm;16 MB;35 W;Apr 19th, 2022;AMD
Ryzen 5 PRO 6650U;/cpu-specs/ryzen-5-pro-6650u.c2771;Rembrandt;6  / 12;2.9 to 4.5 GHz;Socket FP7;6 nm;16 MB;15 W;Apr 19th, 2022;AMD
Ryzen 7 5700;/cpu-specs/ryzen-7-5700.c3305;Cezanne;8  / 16;3.7 to 4.6 GHz;Socket AM4;7 nm;16 MB;65 W;Apr 4th, 2022;AMD
Ryzen 7 5700X;/cpu-specs/ryzen-7-5700x.c2755;Vermeer;8  / 16;3.4 to 4.6 GHz;Socket AM4;7 nm;32 MB;65 W;Apr 4th, 2022;AMD
Ryzen 7 5800X3D;/cpu-specs/ryzen-7-5800x3d.c2532;Vermeer;8  / 16;3.4 to 4.5 GHz;Socket AM4;7 nm;96 MB;105 W;Apr 20th, 2022;AMD
Ryzen 7 5825C;/cpu-specs/ryzen-7-5825c.c2782;Cezanne-U;8  / 16;2 to 4.5 GHz;Socket FP6;7 nm;16 MB;15 W;May 5th, 2022;AMD
Ryzen 7 5825U;/cpu-specs/ryzen-7-5825u.c2521;Barcelo;8  / 16;2 to 4.5 GHz;Socket FP6;7 nm;16 MB;15 W;Jan 6th, 2022;AMD
Ryzen 7 6800H;/cpu-specs/ryzen-7-6800h.c2527;Rembrandt;8  / 16;3.2 to 4.7 GHz;Socket FP7;6 nm;16 MB;45 W;Jan 2022;AMD
Ryzen 7 6800HS;/cpu-specs/ryzen-7-6800hs.c2526;Rembrandt;8  / 16;3.2 to 4.7 GHz;Socket FP7;6 nm;16 MB;35 W;Jan 2022;AMD
Ryzen 7 6800U;/cpu-specs/ryzen-7-6800u.c2523;Rembrandt;8  / 16;2.7 to 4.7 GHz;Socket FP7;6 nm;16 MB;15 W;Jan 2022;AMD
Ryzen 7 7700X;/cpu-specs/ryzen-7-7700x.c2848;Raphael;8  / 16;4.5 to 5.4 GHz;Socket AM5;5 nm;32 MB;105 W;Sep 27th, 2022;AMD
Ryzen 7 PRO 5875U;/cpu-specs/ryzen-7-pro-5875u.c2777;Cezanne-U;8  / 16;2 to 4.5 GHz;Socket FP6;7 nm;16 MB;15 W;Apr 19th, 2022;AMD
Ryzen 7 PRO 6850H;/cpu-specs/ryzen-7-pro-6850h.c2766;Rembrandt;8  / 16;3.2 to 4.7 GHz;Socket FP7;6 nm;16 MB;45 W;Apr 19th, 2022;AMD
Ryzen 7 PRO 6850HS;/cpu-specs/ryzen-7-pro-6850hs.c2767;Rembrandt;8  / 16;3.2 to 4.7 GHz;Socket FP7;6 nm;16 MB;35 W;Apr 19th, 2022;AMD
Ryzen 7 PRO 6850U;/cpu-specs/ryzen-7-pro-6850u.c2768;Rembrandt;8  / 16;2.7 to 4.7 GHz;Socket FP7;6 nm;16 MB;15 W;Apr 19th, 2022;AMD
Ryzen 9 6900HS;/cpu-specs/ryzen-9-6900hs.c2528;Rembrandt;8  / 16;3.3 to 4.9 GHz;Socket FP7;6 nm;16 MB;35 W;Jan 2022;AMD
Ryzen 9 6900HX;/cpu-specs/ryzen-9-6900hx.c2529;Rembrandt;8  / 16;3.3 to 4.9 GHz;Socket FP7;6 nm;16 MB;45 W;Jan 2022;AMD
Ryzen 9 6980HS;/cpu-specs/ryzen-9-6980hs.c2530;Rembrandt;8  / 16;3.3 to 5 GHz;Socket FP7;6 nm;16 MB;45 W;Jan 2022;AMD
Ryzen 9 6980HX;/cpu-specs/ryzen-9-6980hx.c2531;Rembrandt;8  / 16;3.3 to 5 GHz;Socket FP7;6 nm;16 MB;45 W;Jan 2022;AMD
Ryzen 9 7900X;/cpu-specs/ryzen-9-7900x.c2847;Raphael;12  / 24;4.7 to 5.6 GHz;Socket AM5;5 nm;64 MB;170 W;Sep 27th, 2022;AMD
Ryzen 9 7950X;/cpu-specs/ryzen-9-7950x.c2846;Raphael;16  / 32;4.5 to 5.7 GHz;Socket AM5;5 nm;64 MB;170 W;Sep 27th, 2022;AMD
Ryzen 9 PRO 6950H;/cpu-specs/ryzen-9-pro-6950h.c2765;Rembrandt;8  / 16;3.3 to 4.9 GHz;Socket FP7;6 nm;16 MB;45 W;Apr 19th, 2022;AMD
Ryzen 9 PRO 6950HS;/cpu-specs/ryzen-9-pro-6950hs.c2764;Rembrandt;8  / 16;3.3 to 4.9 GHz;Socket FP7;6 nm;16 MB;35 W;Apr 19th, 2022;AMD
Ryzen Embedded R2312;/cpu-specs/ryzen-embedded-r2312.c3320;Picasso;2  / 4;2.7 to 3.5 GHz;Socket FP5;12 nm;4 MB;15 W;Jun 21st, 2022;AMD
Ryzen Embedded R2314;/cpu-specs/ryzen-embedded-r2314.c3321;Picasso;4 ;2.1 to 3.5 GHz;Socket FP5;12 nm;4 MB;15 W;Jun 21st, 2022;AMD
Ryzen Embedded R2514;/cpu-specs/ryzen-embedded-r2514.c3322;Picasso;4  / 8;2.1 to 3.7 GHz;Socket FP5;12 nm;4 MB;15 W;Sep 30th, 2022;AMD
Ryzen Embedded R2544;/cpu-specs/ryzen-embedded-r2544.c3323;Picasso;4  / 8;3.35 to 3.7 GHz;Socket FP5;12 nm;4 MB;45 W;Sep 30th, 2022;AMD
Ryzen Embedded V3C14;/cpu-specs/ryzen-embedded-v3c14.c3315;Rembrandt;4  / 8;2.3 to 3.8 GHz;Socket FP7;6 nm;8 MB;15 W;Sep 27th, 2022;AMD
Ryzen Embedded V3C16;/cpu-specs/ryzen-embedded-v3c16.c3317;Rembrandt;6  / 12;2 to 3.8 GHz;Socket FP7;6 nm;16 MB;15 W;Sep 27th, 2022;AMD
Ryzen Embedded V3C18I;/cpu-specs/ryzen-embedded-v3c18i.c3318;Rembrandt;8  / 16;1.9 to 3.8 GHz;Socket FP7;6 nm;16 MB;15 W;Sep 27th, 2022;AMD
Ryzen Embedded V3C44;/cpu-specs/ryzen-embedded-v3c44.c3316;Rembrandt;4  / 8;3.5 to 3.8 GHz;Socket FP7;6 nm;8 MB;45 W;Sep 27th, 2022;AMD
Ryzen Embedded V3C48;/cpu-specs/ryzen-embedded-v3c48.c3319;Rembrandt;8  / 16;3.3 to 3.8 GHz;Socket FP7;6 nm;16 MB;45 W;Sep 27th, 2022;AMD
Ryzen Threadripper 5990X;/cpu-specs/ryzen-threadripper-5990x.c2915;Chagall;64  / 128;2.5 to 4.45 GHz;Socket TRX4;7 nm;256 MB;280 W;Never Released;AMD
Ryzen Threadripper PRO 5945WX;/cpu-specs/ryzen-threadripper-pro-5945wx.c2723;Chagall PRO;12  / 24;4.1 to 4.5 GHz;Socket WRX8;7 nm;64 MB;280 W;Mar 8th, 2022;AMD
Ryzen Threadripper PRO 5955WX;/cpu-specs/ryzen-threadripper-pro-5955wx.c2722;Chagall PRO;16  / 32;4 to 4.5 GHz;Socket WRX8;7 nm;64 MB;280 W;Mar 8th, 2022;AMD
Ryzen Threadripper PRO 5965WX;/cpu-specs/ryzen-threadripper-pro-5965wx.c2721;Chagall PRO;24  / 48;3.8 to 4.5 GHz;Socket WRX8;7 nm;128 MB;280 W;Mar 8th, 2022;AMD
Ryzen Threadripper PRO 5975WX;/cpu-specs/ryzen-threadripper-pro-5975wx.c2720;Chagall PRO;32  / 64;3.6 to 4.5 GHz;Socket WRX8;7 nm;128 MB;280 W;Mar 8th, 2022;AMD
Ryzen Threadripper PRO 5995WX;/cpu-specs/ryzen-threadripper-pro-5995wx.c2719;Chagall PRO;64  / 128;2.7 to 4.5 GHz;Socket WRX8;7 nm;256 MB;280 W;Mar 8th, 2022;AMD
Steam Deck CPU (LCD);/cpu-specs/steam-deck-cpu-lcd.c3397;Van Gogh;4  / 8;2.4 to 3.5 GHz;BGA ST1;7 nm;4 MB;15 W;Feb 25th, 2022;AMD
Celeron 7300;/cpu-specs/celeron-7300.c2675;Alder Lake-U;5  / 6;1000 MHz;BGA 1781;10 nm;8 MB;9 W;Feb 23rd, 2022;Intel
Celeron 7305;/cpu-specs/celeron-7305.c2674;Alder Lake-U;5  / 6;1100 MHz;BGA 1744;10 nm;8 MB;15 W;Feb 23rd, 2022;Intel
Celeron G6900;/cpu-specs/celeron-g6900.c2570;Alder Lake-S;2 ;3.4 GHz;Socket 1700;10 nm;4 MB;46 W;Jan 4th, 2022;Intel
Celeron G6900E;/cpu-specs/celeron-g6900e.c2571;Alder Lake-S;2 ;3 GHz;Socket 1700;10 nm;4 MB;46 W;Jan 4th, 2022;Intel
Celeron G6900T;/cpu-specs/celeron-g6900t.c2572;Alder Lake-S;2 ;2.8 GHz;Socket 1700;10 nm;4 MB;35 W;Jan 4th, 2022;Intel
Celeron G6900TE;/cpu-specs/celeron-g6900te.c2573;Alder Lake-S;2 ;2.4 GHz;Socket 1700;10 nm;4 MB;35 W;Jan 4th, 2022;Intel
Core i3-12100;/cpu-specs/core-i3-12100.c2541;Alder Lake-S;4  / 8;3.3 to 4.3 GHz;Socket 1700;10 nm;12 MB;60 W;Jan 4th, 2022;Intel
Core i3-12100E;/cpu-specs/core-i3-12100e.c2542;Alder Lake-S;4  / 8;3.2 to 4.2 GHz;Socket 1700;10 nm;12 MB;60 W;Jan 4th, 2022;Intel
Core i3-12100F;/cpu-specs/core-i3-12100f.c2543;Alder Lake-S;4  / 8;3.3 to 4.3 GHz;Socket 1700;10 nm;12 MB;58 W;Jan 2022;Intel
Core i3-12100T;/cpu-specs/core-i3-12100t.c2544;Alder Lake-S;4  / 8;2.2 to 4.1 GHz;Socket 1700;10 nm;12 MB;35 W;Jan 2022;Intel
Core i3-12100TE;/cpu-specs/core-i3-12100te.c2545;Alder Lake-S;4  / 8;2.1 to 4 GHz;Socket 1700;10 nm;12 MB;35 W;Jan 2022;Intel
Core i3-1210U;/cpu-specs/core-i3-1210u.c2586;Alder Lake-U;6  / 8;1 to 4.4 GHz;BGA 1781;10 nm;10 MB;9 W;Feb 23rd, 2022;Intel
Core i3-1215U;/cpu-specs/core-i3-1215u.c2585;Alder Lake-U;6  / 8;1.2 to 4.4 GHz;BGA 1744;10 nm;10 MB;15 W;Feb 23rd, 2022;Intel
Core i3-1215U (IPU);/cpu-specs/core-i3-1215u-ipu.c2698;Alder Lake-U;6  / 8;1.2 to 4.4 GHz;BGA 1744;10 nm;10 MB;15 W;Feb 23rd, 2022;Intel
Core i3-1220P;/cpu-specs/core-i3-1220p.c2584;Alder Lake-P;10  / 12;1.5 to 4.4 GHz;BGA 1744;10 nm;12 MB;28 W;Feb 23rd, 2022;Intel
Core i3-12300;/cpu-specs/core-i3-12300.c2546;Alder Lake-S;4  / 8;3.5 to 4.4 GHz;Socket 1700;10 nm;12 MB;60 W;Jan 2022;Intel
Core i3-12300HE;/cpu-specs/core-i3-12300he.c2547;Alder Lake-H;8  / 12;1.9 to 4.3 GHz;BGA 1744;10 nm;12 MB;45 W;Jan 2022;Intel
Core i3-12300T;/cpu-specs/core-i3-12300t.c2548;Alder Lake-S;4  / 8;2.3 to 4.2 GHz;Socket 1700;10 nm;12 MB;35 W;Jan 2022;Intel
Core i5-1230U;/cpu-specs/core-i5-1230u.c2587;Alder Lake-U;10  / 12;1 to 4.4 GHz;BGA 1781;10 nm;12 MB;9 W;Feb 23rd, 2022;Intel
Core i5-1235U;/cpu-specs/core-i5-1235u.c2591;Alder Lake-U;10  / 12;1.3 to 4.4 GHz;BGA 1744;10 nm;12 MB;15 W;Feb 23rd, 2022;Intel
Core i5-1235U (IPU);/cpu-specs/core-i5-1235u-ipu.c2699;Alder Lake-U;10  / 12;1.3 to 4.4 GHz;BGA 1744;10 nm;12 MB;15 W;Feb 23rd, 2022;Intel
Core i5-12400;/cpu-specs/core-i5-12400.c2549;Alder Lake-S;6  / 12;2.5 to 4.4 GHz;Socket 1700;10 nm;18 MB;65 W;Jan 4th, 2022;Intel
Core i5-12400F;/cpu-specs/core-i5-12400f.c2550;Alder Lake-S;6  / 12;2.5 to 4.4 GHz;Socket 1700;10 nm;18 MB;65 W;Jan 4th, 2022;Intel
Core i5-12400T;/cpu-specs/core-i5-12400t.c2551;Alder Lake-S;6  / 12;1.8 to 4.2 GHz;Socket 1700;10 nm;18 MB;35 W;Jan 2022;Intel
Core i5-1240P;/cpu-specs/core-i5-1240p.c2583;Alder Lake-P;12  / 16;1.7 to 4.4 GHz;BGA 1744;10 nm;12 MB;28 W;Feb 23rd, 2022;Intel
Core i5-1240U;/cpu-specs/core-i5-1240u.c2588;Alder Lake-U;10  / 12;1.1 to 4.4 GHz;BGA 1781;10 nm;12 MB;9 W;Feb 23rd, 2022;Intel
Core i5-12450H;/cpu-specs/core-i5-12450h.c2533;Alder Lake-H;8  / 12;2 to 4.4 GHz;BGA 1744;10 nm;12 MB;45 W;Jan 2022;Intel
Core i5-12450HX;/cpu-specs/core-i5-12450hx.c2792;Alder Lake-HX;8  / 12;2.4 to 4.4 GHz;BGA 1964;10 nm;12 MB;55 W;May 10th, 2022;Intel
Core i5-1245U;/cpu-specs/core-i5-1245u.c2592;Alder Lake-U;10  / 12;1.6 to 4.4 GHz;BGA 1744;10 nm;12 MB;15 W;Feb 23rd, 2022;Intel
Core i5-12490F;/cpu-specs/core-i5-12490f.c2599;Alder Lake-S;6  / 12;3 to 4.6 GHz;Socket 1700;10 nm;20 MB;65 W;2022;Intel
Core i5-12500;/cpu-specs/core-i5-12500.c2552;Alder Lake-S;6  / 12;3 to 4.6 GHz;Socket 1700;10 nm;18 MB;65 W;Jan 4th, 2022;Intel
Core i5-12500E;/cpu-specs/core-i5-12500e.c2553;Alder Lake-S;6  / 12;2.9 to 4.5 GHz;Socket 1700;10 nm;18 MB;65 W;Jan 2022;Intel
Core i5-12500H;/cpu-specs/core-i5-12500h.c2534;Alder Lake-H;12  / 16;2.5 to 4.5 GHz;BGA 1744;10 nm;18 MB;45 W;Jan 2022;Intel
Core i5-12500T;/cpu-specs/core-i5-12500t.c2554;Alder Lake-S;6  / 12;2 to 4.4 GHz;Socket 1700;10 nm;18 MB;35 W;Jan 2022;Intel
Core i5-12500TE;/cpu-specs/core-i5-12500te.c2555;Alder Lake-S;6  / 12;1.9 to 4.3 GHz;Socket 1700;10 nm;18 MB;35 W;Jan 2022;Intel
Core i5-1250P;/cpu-specs/core-i5-1250p.c2582;Alder Lake-P;12  / 16;1.7 to 4.4 GHz;BGA 1744;10 nm;12 MB;28 W;Feb 23rd, 2022;Intel
Core i5-12600;/cpu-specs/core-i5-12600.c2556;Alder Lake-S;6  / 12;3.3 to 4.8 GHz;Socket 1700;10 nm;18 MB;65 W;Jan 2022;Intel
Core i5-12600H;/cpu-specs/core-i5-12600h.c2535;Alder Lake-H;12  / 16;2.7 to 4.5 GHz;BGA 1744;10 nm;18 MB;45 W;Jan 2022;Intel
Core i5-12600HE;/cpu-specs/core-i5-12600he.c2557;Alder Lake-H;12  / 16;2.5 to 4.5 GHz;BGA 1744;10 nm;18 MB;45 W;Jan 2022;Intel
Core i5-12600HX;/cpu-specs/core-i5-12600hx.c2791;Alder Lake-HX;12  / 16;2.5 to 4.6 GHz;BGA 1964;10 nm;18 MB;55 W;May 10th, 2022;Intel
Core i5-12600T;/cpu-specs/core-i5-12600t.c2558;Alder Lake-S;6  / 12;2.1 to 4.6 GHz;Socket 1700;10 nm;18 MB;35 W;Jan 2022;Intel
Core i5-13600K;/cpu-specs/core-i5-13600k.c2829;Raptor Lake-S;14  / 20;3.5 to 5.1 GHz;Socket 1700;10 nm;24 MB;125 W;Sep 27th, 2022;Intel
Core i5-13600KF;/cpu-specs/core-i5-13600kf.c2852;Raptor Lake-S;14  / 20;3.5 to 5.1 GHz;Socket 1700;10 nm;24 MB;125 W;Sep 27th, 2022;Intel
Core i7-1250U;/cpu-specs/core-i7-1250u.c2589;Alder Lake-U;10  / 12;1.1 to 4.7 GHz;BGA 1781;10 nm;12 MB;9 W;Feb 23rd, 2022;Intel
Core i7-1255U;/cpu-specs/core-i7-1255u.c2593;Alder Lake-U;10  / 12;1.7 to 4.7 GHz;BGA 1744;10 nm;12 MB;15 W;Feb 23rd, 2022;Intel
Core i7-1260P;/cpu-specs/core-i7-1260p.c2581;Alder Lake-P;12  / 16;2.1 to 4.7 GHz;BGA 1744;10 nm;18 MB;28 W;Feb 23rd, 2022;Intel
Core i7-1260U;/cpu-specs/core-i7-1260u.c2590;Alder Lake-U;10  / 12;1.1 to 4.7 GHz;BGA 1781;10 nm;12 MB;9 W;Feb 23rd, 2022;Intel
Core i7-12650H;/cpu-specs/core-i7-12650h.c2536;Alder Lake-H;10  / 16;2.3 to 4.7 GHz;BGA 1744;10 nm;24 MB;45 W;Jan 2022;Intel
Core i7-12650HX;/cpu-specs/core-i7-12650hx.c2790;Alder Lake-HX;14  / 20;2 to 4.7 GHz;BGA 1964;10 nm;24 MB;55 W;May 10th, 2022;Intel
Core i7-1265U;/cpu-specs/core-i7-1265u.c2594;Alder Lake-U;10  / 12;1.8 to 4.8 GHz;BGA 1744;10 nm;12 MB;15 W;Feb 23rd, 2022;Intel
Core i7-12700;/cpu-specs/core-i7-12700.c2559;Alder Lake-S;12  / 20;2.1 to 4.9 GHz;Socket 1700;10 nm;25 MB;65 W;Jan 2022;Intel
Core i7-12700E;/cpu-specs/core-i7-12700e.c2560;Alder Lake-S;12  / 20;2.1 to 4.8 GHz;Socket 1700;10 nm;25 MB;65 W;Jan 2022;Intel
Core i7-12700F;/cpu-specs/core-i7-12700f.c2561;Alder Lake-S;12  / 20;2.1 to 4.9 GHz;Socket 1700;10 nm;25 MB;65 W;Jan 4th, 2022;Intel
Core i7-12700H;/cpu-specs/core-i7-12700h.c2537;Alder Lake-H;14  / 20;2.3 to 4.7 GHz;BGA 1744;10 nm;24 MB;45 W;Jan 2022;Intel
Core i7-12700T;/cpu-specs/core-i7-12700t.c2562;Alder Lake-S;12  / 20;1.4 to 4.7 GHz;Socket 1700;10 nm;25 MB;35 W;Jan 2022;Intel
Core i7-12700TE;/cpu-specs/core-i7-12700te.c2563;Alder Lake-S;12  / 20;1.4 to 4.6 GHz;Socket 1700;10 nm;25 MB;35 W;Jan 2022;Intel
Core i7-1270P;/cpu-specs/core-i7-1270p.c2580;Alder Lake-P;12  / 16;2.2 to 4.8 GHz;BGA 1744;10 nm;18 MB;28 W;Feb 23rd, 2022;Intel
Core i7-12800H;/cpu-specs/core-i7-12800h.c2538;Alder Lake-H;14  / 20;2.4 to 4.8 GHz;BGA 1744;10 nm;24 MB;45 W;Jan 2022;Intel
Core i7-12800HE;/cpu-specs/core-i7-12800he.c2564;Alder Lake-H;14  / 20;2.4 to 4.6 GHz;BGA 1744;10 nm;24 MB;45 W;Jan 2022;Intel
Core i7-12800HX;/cpu-specs/core-i7-12800hx.c2789;Alder Lake-HX;16  / 24;2 to 4.8 GHz;BGA 1964;10 nm;25 MB;55 W;May 10th, 2022;Intel
Core i7-1280P;/cpu-specs/core-i7-1280p.c2579;Alder Lake-P;14  / 20;1.8 to 4.8 GHz;BGA 1744;10 nm;24 MB;28 W;Feb 23rd, 2022;Intel
Core i7-12850HX;/cpu-specs/core-i7-12850hx.c2788;Alder Lake-HX;16  / 24;2.1 to 4.8 GHz;BGA 1964;10 nm;25 MB;55 W;May 10th, 2022;Intel
Core i7-13700K;/cpu-specs/core-i7-13700k.c2850;Raptor Lake-S;16  / 24;3.4 to 5.4 GHz;Socket 1700;10 nm;30 MB;125 W;Sep 27th, 2022;Intel
Core i7-13700KF;/cpu-specs/core-i7-13700kf.c2853;Raptor Lake-S;16  / 24;3.4 to 5.4 GHz;Socket 1700;10 nm;30 MB;125 W;Sep 27th, 2022;Intel
Core i9-12900;/cpu-specs/core-i9-12900.c2565;Alder Lake-S;16  / 24;2.4 to 5.1 GHz;Socket 1700;10 nm;30 MB;65 W;Jan 4th, 2022;Intel
Core i9-12900E;/cpu-specs/core-i9-12900e.c2567;Alder Lake-S;16  / 24;2.3 to 5 GHz;Socket 1700;10 nm;30 MB;65 W;Jan 4th, 2022;Intel
Core i9-12900F;/cpu-specs/core-i9-12900f.c2566;Alder Lake-S;16  / 24;2.4 to 5.1 GHz;Socket 1700;10 nm;30 MB;65 W;Jan 4th, 2022;Intel
Core i9-12900H;/cpu-specs/core-i9-12900h.c2539;Alder Lake-H;14  / 20;2.5 to 5 GHz;BGA 1744;10 nm;24 MB;45 W;Jan 4th, 2022;Intel
Core i9-12900HK;/cpu-specs/core-i9-12900hk.c2540;Alder Lake-H;14  / 20;2.5 to 5 GHz;BGA 1744;10 nm;24 MB;45 W;Jan 4th, 2022;Intel
Core i9-12900HX;/cpu-specs/core-i9-12900hx.c2787;Alder Lake-HX;16  / 24;2.3 to 5 GHz;BGA 1964;10 nm;30 MB;55 W;May 10th, 2022;Intel
Core i9-12900KS;/cpu-specs/core-i9-12900ks.c2598;Alder Lake-S;16  / 24;3.4 to 5.5 GHz;Socket 1700;10 nm;30 MB;150 W;Apr 5th, 2022;Intel
Core i9-12900T;/cpu-specs/core-i9-12900t.c2568;Alder Lake-S;16  / 24;1.4 to 4.9 GHz;Socket 1700;10 nm;30 MB;35 W;Jan 4th, 2022;Intel
Core i9-12900TE;/cpu-specs/core-i9-12900te.c2569;Alder Lake-S;16  / 24;1.1 to 4.8 GHz;Socket 1700;10 nm;30 MB;35 W;Jan 4th, 2022;Intel
Core i9-12950HX;/cpu-specs/core-i9-12950hx.c2786;Alder Lake-HX;16  / 24;2.3 to 5 GHz;BGA 1964;10 nm;30 MB;55 W;May 10th, 2022;Intel
Core i9-13900K;/cpu-specs/core-i9-13900k.c2817;Raptor Lake-S;24  / 32;3 to 5.8 GHz;Socket 1700;10 nm;36 MB;125 W;Sep 27th, 2022;Intel
Core i9-13900KF;/cpu-specs/core-i9-13900kf.c2916;Raptor Lake-S;24  / 32;3 to 5.8 GHz;Socket 1700;10 nm;36 MB;125 W;Sep 27th, 2022;Intel
Pentium 8500;/cpu-specs/pentium-8500.c2672;Alder Lake-U;5  / 6;1 to 4.4 GHz;BGA 1781;10 nm;8 MB;9 W;Feb 23rd, 2022;Intel
Pentium 8505;/cpu-specs/pentium-8505.c2673;Alder Lake-U;5  / 6;1.2 to 4.4 GHz;BGA 1744;10 nm;8 MB;15 W;Feb 23rd, 2022;Intel
Pentium 8505 (IPU);/cpu-specs/pentium-8505-ipu.c2700;Alder Lake-U;5  / 6;1.2 to 4.4 GHz;BGA 1744;10 nm;8 MB;15 W;Feb 23rd, 2022;Intel
Pentium Gold G7400;/cpu-specs/pentium-gold-g7400.c2574;Alder Lake-S;2  / 4;3.7 GHz;Socket 1700;10 nm;6 MB;46 W;Jan 4th, 2022;Intel
Pentium Gold G7400E;/cpu-specs/pentium-gold-g7400e.c2575;Alder Lake-S;2  / 4;3.6 GHz;Socket 1700;10 nm;6 MB;46 W;Jan 4th, 2022;Intel
Pentium Gold G7400T;/cpu-specs/pentium-gold-g7400t.c2578;Alder Lake-S;2  / 4;3.1 GHz;Socket 1700;10 nm;6 MB;35 W;Jan 4th, 2022;Intel
Pentium Gold G7400TE;/cpu-specs/pentium-gold-g7400te.c2576;Alder Lake-S;2  / 4;3 GHz;Socket 1700;10 nm;6 MB;35 W;Jan 4th, 2022;Intel
Xeon D-1712TR;/cpu-specs/xeon-d-1712tr.c3876;Ice Lake-D;4  / 8;2 to 3.1 GHz;BGA 2227;10 nm;10 MB;40 W;Feb 24th, 2022;Intel
Xeon D-1715TER;/cpu-specs/xeon-d-1715ter.c3875;Ice Lake-D;4  / 8;2.4 to 3.5 GHz;BGA 2227;10 nm;10 MB;50 W;Feb 24th, 2022;Intel
Xeon D-1732TE;/cpu-specs/xeon-d-1732te.c3874;Ice Lake-D;8  / 16;1.9 to 3 GHz;BGA 2227;10 nm;15 MB;52 W;Feb 24th, 2022;Intel
Xeon D-1735TR;/cpu-specs/xeon-d-1735tr.c3873;Ice Lake-D;8  / 16;2.2 to 3.4 GHz;BGA 2227;10 nm;15 MB;59 W;Feb 24th, 2022;Intel
Xeon D-1746TER;/cpu-specs/xeon-d-1746ter.c3872;Ice Lake-D;10  / 20;2 to 3.1 GHz;BGA 2227;10 nm;15 MB;67 W;Feb 24th, 2022;Intel
Xeon D-2712T;/cpu-specs/xeon-d-2712t.c3871;Ice Lake-D;4  / 8;1.9 to 3 GHz;BGA 2579;10 nm;15 MB;65 W;Feb 24th, 2022;Intel
Xeon D-2733NT;/cpu-specs/xeon-d-2733nt.c3870;Ice Lake-D;8  / 16;2.1 to 3.2 GHz;BGA 2579;10 nm;15 MB;80 W;Feb 24th, 2022;Intel
Xeon D-2752TER;/cpu-specs/xeon-d-2752ter.c3869;Ice Lake-D;12  / 24;1.8 to 2.8 GHz;BGA 2579;10 nm;20 MB;77 W;Feb 24th, 2022;Intel
Xeon D-2775TE;/cpu-specs/xeon-d-2775te.c3867;Ice Lake-D;16  / 32;2 to 3.1 GHz;BGA 2579;10 nm;25 MB;100 W;Feb 24th, 2022;Intel
Xeon D-2796TE;/cpu-specs/xeon-d-2796te.c3868;Ice Lake-D;20  / 40;2 to 3.1 GHz;BGA 2579;10 nm;30 MB;118 W;Feb 24th, 2022;Intel
Xeon D-2798NT;/cpu-specs/xeon-d-2798nt.c3878;Ice Lake-D;20  / 40;2.1 to 3.1 GHz;BGA 2579;10 nm;30 MB;125 W;Feb 24th, 2022;Intel
Xeon D-2799;/cpu-specs/xeon-d-2799.c3877;Ice Lake-D;20  / 40;2.4 to 3.4 GHz;BGA 2579;10 nm;30 MB;129 W;Feb 24th, 2022;Intel
EPYC 72F3;/cpu-specs/epyc-72f3.c2391;Milan;8  / 16;3.7 to 4.1 GHz;Socket SP3;7 nm;256 MB;180 W;Mar 15th, 2021;AMD
EPYC 7313;/cpu-specs/epyc-7313.c2389;Milan;16  / 32;3 to 3.7 GHz;Socket SP3;7 nm;128 MB;155 W;Mar 15th, 2021;AMD
EPYC 7313P;/cpu-specs/epyc-7313p.c2390;Milan;16  / 32;3 to 3.7 GHz;Socket SP3;7 nm;128 MB;155 W;Mar 15th, 2021;AMD
EPYC 7343;/cpu-specs/epyc-7343.c2388;Milan;16  / 32;3.2 to 3.9 GHz;Socket SP3;7 nm;128 MB;190 W;Mar 15th, 2021;AMD
EPYC 73F3;/cpu-specs/epyc-73f3.c2387;Milan;16  / 32;3.5 to 4 GHz;Socket SP3;7 nm;256 MB;240 W;Mar 15th, 2021;AMD
EPYC 7413;/cpu-specs/epyc-7413.c2386;Milan;24  / 48;2.65 to 3.6 GHz;Socket SP3;7 nm;128 MB;180 W;Mar 15th, 2021;AMD
EPYC 7443;/cpu-specs/epyc-7443.c2384;Milan;24  / 48;2.85 to 4 GHz;Socket SP3;7 nm;128 MB;200 W;Mar 15th, 2021;AMD
EPYC 7443P;/cpu-specs/epyc-7443p.c2385;Milan;24  / 48;2.85 to 4 GHz;Socket SP3;7 nm;128 MB;200 W;Mar 15th, 2021;AMD
EPYC 7453;/cpu-specs/epyc-7453.c2382;Milan;28  / 56;2.75 to 3.45 GHz;Socket SP3;7 nm;64 MB;225 W;Mar 15th, 2021;AMD
EPYC 74F3;/cpu-specs/epyc-74f3.c2383;Milan;24  / 48;2.8 to 4 GHz;Socket SP3;7 nm;256 MB;240 W;Mar 15th, 2021;AMD
EPYC 7513;/cpu-specs/epyc-7513.c2381;Milan;32  / 64;2.6 to 3.65 GHz;Socket SP3;7 nm;128 MB;200 W;Mar 15th, 2021;AMD
EPYC 7543;/cpu-specs/epyc-7543.c2379;Milan;32  / 64;2.8 to 3.7 GHz;Socket SP3;7 nm;256 MB;225 W;Mar 15th, 2021;AMD
EPYC 7543P;/cpu-specs/epyc-7543p.c2380;Milan;32  / 64;2.8 to 3.7 GHz;Socket SP3;7 nm;256 MB;225 W;Mar 15th, 2021;AMD
EPYC 75F3;/cpu-specs/epyc-75f3.c2378;Milan;32  / 64;2.95 to 4 GHz;Socket SP3;7 nm;256 MB;280 W;Mar 15th, 2021;AMD
EPYC 7643;/cpu-specs/epyc-7643.c2377;Milan;48  / 96;2.3 to 3.6 GHz;Socket SP3;7 nm;256 MB;225 W;Mar 15th, 2021;AMD
EPYC 7663;/cpu-specs/epyc-7663.c2376;Milan;56  / 112;2 to 3.5 GHz;Socket SP3;7 nm;256 MB;240 W;Mar 15th, 2021;AMD
EPYC 7713;/cpu-specs/epyc-7713.c2374;Milan;64  / 128;2 to 3.675 GHz;Socket SP3;7 nm;256 MB;225 W;Mar 15th, 2021;AMD
EPYC 7713P;/cpu-specs/epyc-7713p.c2375;Milan;64  / 128;2 to 3.675 GHz;Socket SP3;7 nm;256 MB;225 W;Mar 15th, 2021;AMD
EPYC 7763;/cpu-specs/epyc-7763.c2373;Milan;64  / 128;2.45 to 3.5 GHz;Socket SP3;7 nm;256 MB;280 W;Mar 15th, 2021;AMD
Ryzen 3 5300G;/cpu-specs/ryzen-3-5300g.c2473;Cezanne;4  / 8;4 to 4.2 GHz;Socket AM4;7 nm;8 MB;65 W;Apr 13th, 2021;AMD
Ryzen 3 5300U;/cpu-specs/ryzen-3-5300u.c2745;Lucienne;4  / 8;2.6 to 3.8 GHz;Socket FP6;7 nm;4 MB;15 W;Jan 12th, 2021;AMD
Ryzen 3 5400U;/cpu-specs/ryzen-3-5400u.c2748;Cezanne-U;4  / 8;2.6 to 4 GHz;Socket FP6;7 nm;8 MB;15 W;Jan 12th, 2021;AMD
Ryzen 3 PRO 5350G;/cpu-specs/ryzen-3-pro-5350g.c2705;Cezanne;4  / 8;4 to 4.2 GHz;Socket AM4;7 nm;8 MB;65 W;Jun 1st, 2021;AMD
Ryzen 3 PRO 5350GE;/cpu-specs/ryzen-3-pro-5350ge.c2706;Cezanne;4  / 8;3.6 to 4.2 GHz;Socket AM4;7 nm;8 MB;35 W;Jun 1st, 2021;AMD
Ryzen 3 PRO 5450U;/cpu-specs/ryzen-3-pro-5450u.c2772;Cezanne-U;4  / 8;2.6 to 4 GHz;Socket FP6;7 nm;8 MB;15 W;Mar 16th, 2021;AMD
Ryzen 4700S;/cpu-specs/ryzen-4700s.c3326;Cardinal;8  / 16;3.6 to 4 GHz;BGA 2197;7 nm;8 MB;65 W;Jun 26th, 2021;AMD
Ryzen 5 5500U;/cpu-specs/ryzen-5-5500u.c2372;Lucienne;6  / 12;2.1 to 4 GHz;Socket FP6;7 nm;8 MB;15 W;Jan 12th, 2021;AMD
Ryzen 5 5560U;/cpu-specs/ryzen-5-5560u.c3265;Cezanne-U;6  / 12;2.3 to 4 GHz;Socket FP6;7 nm;8 MB;15 W;Jan 12th, 2021;AMD
Ryzen 5 5600G;/cpu-specs/ryzen-5-5600g.c2471;Cezanne;6  / 12;3.9 to 4.4 GHz;Socket AM4;7 nm;16 MB;65 W;Apr 13th, 2021;AMD
Ryzen 5 5600HS;/cpu-specs/ryzen-5-5600hs.c3519;Cezanne;6  / 12;3 to 4.2 GHz;Socket FP6;7 nm;16 MB;35 W;Jan 12th, 2021;AMD
Ryzen 5 5600U;/cpu-specs/ryzen-5-5600u.c2747;Cezanne-U;6  / 12;2.3 to 4.2 GHz;Socket FP6;7 nm;16 MB;15 W;Jan 12th, 2021;AMD
Ryzen 5 PRO 5650G;/cpu-specs/ryzen-5-pro-5650g.c2703;Cezanne;6  / 12;3.9 to 4.4 GHz;Socket AM4;7 nm;16 MB;65 W;Jun 1st, 2021;AMD
Ryzen 5 PRO 5650GE;/cpu-specs/ryzen-5-pro-5650ge.c2704;Cezanne;6  / 12;3.4 to 4.4 GHz;Socket AM4;7 nm;16 MB;35 W;Jun 1st, 2021;AMD
Ryzen 5 PRO 5650U;/cpu-specs/ryzen-5-pro-5650u.c2773;Cezanne-U;6  / 12;2.3 to 4.2 GHz;Socket FP6;7 nm;16 MB;15 W;Mar 16th, 2021;AMD
Ryzen 7 5700G;/cpu-specs/ryzen-7-5700g.c2472;Cezanne;8  / 16;3.8 to 4.6 GHz;Socket AM4;7 nm;16 MB;65 W;Apr 13th, 2021;AMD
Ryzen 7 5700U;/cpu-specs/ryzen-7-5700u.c2744;Lucienne;8  / 16;1.8 to 4.3 GHz;Socket FP6;7 nm;8 MB;15 W;Jan 12th, 2021;AMD
Ryzen 7 5800;/cpu-specs/ryzen-7-5800.c2678;Vermeer;8  / 16;3.4 to 4.6 GHz;Socket AM4;7 nm;32 MB;65 W;Jan 12th, 2021;AMD
Ryzen 7 5800G;/cpu-specs/ryzen-7-5800g.c2511;Cezanne;8  / 16;3.8 to 4.8 GHz;Socket AM4;7 nm;16 MB;65 W;Never Released;AMD
Ryzen 7 5800H;/cpu-specs/ryzen-7-5800h.c2368;Cezanne;8  / 16;3.2 to 4.4 GHz;Socket FP6;7 nm;16 MB;45 W;Jan 12th, 2021;AMD
Ryzen 7 5800HS;/cpu-specs/ryzen-7-5800hs.c2369;Cezanne;8  / 16;2.8 to 4.4 GHz;Socket FP6;7 nm;16 MB;35 W;Jan 12th, 2021;AMD
Ryzen 7 5800U;/cpu-specs/ryzen-7-5800u.c2746;Cezanne-U;8  / 16;1.9 to 4.4 GHz;Socket FP6;7 nm;16 MB;15 W;Jan 12th, 2021;AMD
Ryzen 7 PRO 5750G;/cpu-specs/ryzen-7-pro-5750g.c2701;Cezanne;8  / 16;3.8 to 4.6 GHz;Socket AM4;7 nm;16 MB;65 W;Jun 1st, 2021;AMD
Ryzen 7 PRO 5750GE;/cpu-specs/ryzen-7-pro-5750ge.c2702;Cezanne;8  / 16;3.2 to 4.6 GHz;Socket AM4;7 nm;16 MB;35 W;Jun 1st, 2021;AMD
Ryzen 7 PRO 5850U;/cpu-specs/ryzen-7-pro-5850u.c2774;Cezanne-U;8  / 16;1.9 to 4.4 GHz;Socket FP6;7 nm;16 MB;15 W;Mar 16th, 2021;AMD
Ryzen 9 5900;/cpu-specs/ryzen-9-5900.c2677;Vermeer;12  / 24;3 to 4.7 GHz;Socket AM4;7 nm;64 MB;65 W;Jan 12th, 2021;AMD
Ryzen 9 5900HS;/cpu-specs/ryzen-9-5900hs.c3518;Cezanne;8  / 16;3 to 4.6 GHz;Socket FP6;7 nm;16 MB;35 W;Jan 12th, 2021;AMD
Ryzen 9 5900HX;/cpu-specs/ryzen-9-5900hx.c2371;Cezanne;8  / 16;3.3 to 4.6 GHz;Socket FP6;7 nm;16 MB;45 W;Jan 12th, 2021;AMD
Ryzen 9 5980HS;/cpu-specs/ryzen-9-5980hs.c2370;Cezanne;8  / 16;3 to 4.8 GHz;Socket FP6;7 nm;16 MB;35 W;Jan 12th, 2021;AMD
Ryzen 9 5980HX;/cpu-specs/ryzen-9-5980hx.c3517;Cezanne;8  / 16;3.3 to 4.8 GHz;Socket FP6;7 nm;16 MB;45 W;Jan 12th, 2021;AMD
Ryzen Threadripper 3980X;/cpu-specs/ryzen-threadripper-3980x.c2267;Castle Peak;48  / 96;3.5 to 4.7 GHz;Socket TRX4;7 nm;128 MB;280 W;Never Released;AMD
Core i3-10105;/cpu-specs/core-i3-10105.c2414;Comet Lake-R;4  / 8;3.7 to 4.4 GHz;Socket 1200;14 nm;6 MB;65 W;Mar 16th, 2021;Intel
Core i3-10105F;/cpu-specs/core-i3-10105f.c2415;Comet Lake-R;4  / 8;3.7 to 4.4 GHz;Socket 1200;14 nm;6 MB;65 W;Mar 16th, 2021;Intel
Core i3-10105T;/cpu-specs/core-i3-10105t.c2413;Comet Lake-R;4  / 8;3 to 3.9 GHz;Socket 1200;14 nm;6 MB;35 W;Mar 16th, 2021;Intel
Core i3-10305;/cpu-specs/core-i3-10305.c2411;Comet Lake-R;4  / 8;3.8 to 4.5 GHz;Socket 1200;14 nm;8 MB;65 W;Mar 16th, 2021;Intel
Core i3-10305T;/cpu-specs/core-i3-10305t.c2412;Comet Lake-R;4  / 8;3 to 4 GHz;Socket 1200;14 nm;8 MB;35 W;Mar 16th, 2021;Intel
Core i3-10325;/cpu-specs/core-i3-10325.c2410;Comet Lake-R;4  / 8;3.9 to 4.7 GHz;Socket 1200;14 nm;8 MB;65 W;Mar 16th, 2021;Intel
Core i5-11260H;/cpu-specs/core-i5-11260h.c2478;Tiger Lake-H;6  / 12;2.1 to 4.4 GHz;BGA 1787;10 nm;12 MB;35 W;May 11th, 2021;Intel
Core i5-11300H;/cpu-specs/core-i5-11300h.c2831;Tiger Lake-H;4  / 8;2.6 to 4.4 GHz;BGA 1449;10 nm;8 MB;28 W;Jan 11th, 2021;Intel
Core i5-11320H;/cpu-specs/core-i5-11320h.c2832;Tiger Lake-H;4  / 8;2.5 to 4.5 GHz;BGA 1449;10 nm;8 MB;28 W;Jun 21st, 2021;Intel
Core i5-11400;/cpu-specs/core-i5-11400.c2406;Rocket Lake;6  / 12;2.6 to 4.4 GHz;Socket 1200;14 nm;12 MB;65 W;Mar 16th, 2021;Intel
Core i5-11400F;/cpu-specs/core-i5-11400f.c2407;Rocket Lake;6  / 12;2.6 to 4.4 GHz;Socket 1200;14 nm;12 MB;65 W;Mar 16th, 2021;Intel
Core i5-11400H;/cpu-specs/core-i5-11400h.c2477;Tiger Lake-H;6  / 12;2.2 to 4.5 GHz;BGA 1787;10 nm;12 MB;35 W;May 11th, 2021;Intel
Core i5-11400T;/cpu-specs/core-i5-11400t.c2405;Rocket Lake;6  / 12;1.3 to 3.7 GHz;Socket 1200;14 nm;12 MB;35 W;Mar 16th, 2021;Intel
Core i5-11500;/cpu-specs/core-i5-11500.c2408;Rocket Lake;6  / 12;2.7 to 4.6 GHz;Socket 1200;14 nm;12 MB;65 W;Mar 16th, 2021;Intel
Core i5-11500H;/cpu-specs/core-i5-11500h.c2481;Tiger Lake-H;6  / 12;2.4 to 4.6 GHz;BGA 1787;10 nm;12 MB;35 W;May 11th, 2021;Intel
Core i5-11500T;/cpu-specs/core-i5-11500t.c2404;Rocket Lake;6  / 12;1.5 to 3.9 GHz;Socket 1200;14 nm;12 MB;35 W;Mar 16th, 2021;Intel
Core i5-1155G7;/cpu-specs/core-i5-1155g7.c2486;Tiger Lake-U;4  / 8;2.5 to 4.5 GHz;BGA 1449;10 nm;8 MB;28 W;May 31st, 2021;Intel
Core i5-11600;/cpu-specs/core-i5-11600.c2402;Rocket Lake;6  / 12;2.8 to 4.8 GHz;Socket 1200;14 nm;12 MB;65 W;Mar 16th, 2021;Intel
Core i5-11600K;/cpu-specs/core-i5-11600k.c2400;Rocket Lake;6  / 12;3.9 to 4.9 GHz;Socket 1200;14 nm;12 MB;125 W;Mar 16th, 2021;Intel
Core i5-11600KF;/cpu-specs/core-i5-11600kf.c2401;Rocket Lake;6  / 12;3.9 to 4.9 GHz;Socket 1200;14 nm;12 MB;125 W;Mar 16th, 2021;Intel
Core i5-11600T;/cpu-specs/core-i5-11600t.c2403;Rocket Lake;6  / 12;1.7 to 4.1 GHz;Socket 1200;14 nm;12 MB;35 W;Mar 16th, 2021;Intel
Core i5-12600K;/cpu-specs/core-i5-12600k.c2509;Alder Lake-S;10  / 16;3.7 to 4.9 GHz;Socket 1700;10 nm;20 MB;125 W;Nov 4th, 2021;Intel
Core i5-12600KF;/cpu-specs/core-i5-12600kf.c2510;Alder Lake-S;10  / 16;3.7 to 4.9 GHz;Socket 1700;10 nm;20 MB;125 W;Nov 4th, 2021;Intel
Core i7-11370H;/cpu-specs/core-i7-11370h.c2833;Tiger Lake-H;4  / 8;3 to 4.8 GHz;BGA 1449;10 nm;12 MB;28 W;Jan 11th, 2021;Intel
Core i7-11375H;/cpu-specs/core-i7-11375h.c2834;Tiger Lake-H;4  / 8;3 to 5 GHz;BGA 1449;10 nm;12 MB;28 W;Jan 11th, 2021;Intel
Core i7-11390H;/cpu-specs/core-i7-11390h.c2835;Tiger Lake-H;4  / 8;2.9 to 5 GHz;BGA 1449;10 nm;12 MB;28 W;Jun 21st, 2021;Intel
Core i7-11600H;/cpu-specs/core-i7-11600h.c2830;Tiger Lake-H;6  / 12;2.5 to 4.6 GHz;BGA 1787;10 nm;18 MB;35 W;May 11th, 2021;Intel
Core i7-11700;/cpu-specs/core-i7-11700.c2397;Rocket Lake;8  / 16;2.5 to 4.9 GHz;Socket 1200;14 nm;16 MB;65 W;Mar 16th, 2021;Intel
Core i7-11700F;/cpu-specs/core-i7-11700f.c2398;Rocket Lake;8  / 16;2.5 to 4.9 GHz;Socket 1200;14 nm;16 MB;65 W;Mar 16th, 2021;Intel
Core i7-11700K;/cpu-specs/core-i7-11700k.c2367;Rocket Lake;8  / 16;3.6 to 5 GHz;Socket 1200;14 nm;16 MB;125 W;Mar 16th, 2021;Intel
Core i7-11700KF;/cpu-specs/core-i7-11700kf.c2396;Rocket Lake;8  / 16;3.6 to 5 GHz;Socket 1200;14 nm;16 MB;125 W;Mar 16th, 2021;Intel
Core i7-11700T;/cpu-specs/core-i7-11700t.c2399;Rocket Lake;8  / 16;1.4 to 4.6 GHz;Socket 1200;14 nm;16 MB;35 W;Mar 16th, 2021;Intel
Core i7-11800H;/cpu-specs/core-i7-11800h.c2476;Tiger Lake-H;8  / 16;1.9 to 4.6 GHz;BGA 1787;10 nm;24 MB;35 W;May 11th, 2021;Intel
Core i7-11850H;/cpu-specs/core-i7-11850h.c2480;Tiger Lake-H;8  / 16;2.1 to 4.8 GHz;BGA 1787;10 nm;24 MB;35 W;May 11th, 2021;Intel
Core i7-1195G7;/cpu-specs/core-i7-1195g7.c2485;Tiger Lake-U;4  / 8;2.9 to 5 GHz;BGA 1449;10 nm;12 MB;28 W;May 31st, 2021;Intel
Core i7-12700K;/cpu-specs/core-i7-12700k.c2507;Alder Lake-S;12  / 20;3.6 to 5 GHz;Socket 1700;10 nm;25 MB;125 W;Nov 4th, 2021;Intel
Core i7-12700KF;/cpu-specs/core-i7-12700kf.c2508;Alder Lake-S;12  / 20;3.6 to 5 GHz;Socket 1700;10 nm;25 MB;125 W;Nov 4th, 2021;Intel
Core i9-11900;/cpu-specs/core-i9-11900.c2393;Rocket Lake;8  / 16;2.5 to 5.2 GHz;Socket 1200;14 nm;16 MB;65 W;Mar 16th, 2021;Intel
Core i9-11900F;/cpu-specs/core-i9-11900f.c2394;Rocket Lake;8  / 16;2.5 to 5.2 GHz;Socket 1200;14 nm;16 MB;65 W;Mar 16th, 2021;Intel
Core i9-11900H;/cpu-specs/core-i9-11900h.c2475;Tiger Lake-H;8  / 16;2.1 to 4.9 GHz;BGA 1787;10 nm;24 MB;35 W;May 11th, 2021;Intel
Core i9-11900K;/cpu-specs/core-i9-11900k.c2366;Rocket Lake;8  / 16;3.5 to 5.3 GHz;Socket 1200;14 nm;16 MB;125 W;Mar 16th, 2021;Intel
Core i9-11900KB;/cpu-specs/core-i9-11900kb.c2484;Tiger Lake-H;8  / 16;3.3 to 5.3 GHz;BGA 1787;10 nm;24 MB;65 W;May 2021;Intel
Core i9-11900KF;/cpu-specs/core-i9-11900kf.c2392;Rocket Lake;8  / 16;3.5 to 5.3 GHz;Socket 1200;14 nm;16 MB;125 W;Mar 16th, 2021;Intel
Core i9-11900T;/cpu-specs/core-i9-11900t.c2395;Rocket Lake;8  / 16;1.5 to 4.9 GHz;Socket 1200;14 nm;16 MB;35 W;Mar 16th, 2021;Intel
Core i9-11950H;/cpu-specs/core-i9-11950h.c2479;Tiger Lake-H;8  / 16;2.1 to 5 GHz;BGA 1787;10 nm;24 MB;35 W;May 11th, 2021;Intel
Core i9-11980HK;/cpu-specs/core-i9-11980hk.c2474;Tiger Lake-H;8  / 16;2.6 to 5 GHz;BGA 1787;10 nm;24 MB;45 W;May 11th, 2021;Intel
Core i9-12900K;/cpu-specs/core-i9-12900k.c2505;Alder Lake-S;16  / 24;3.2 to 5.2 GHz;Socket 1700;10 nm;30 MB;125 W;Nov 4th, 2021;Intel
Core i9-12900KF;/cpu-specs/core-i9-12900kf.c2506;Alder Lake-S;16  / 24;3.2 to 5.2 GHz;Socket 1700;10 nm;30 MB;125 W;Nov 4th, 2021;Intel
Pentium Gold G6405;/cpu-specs/pentium-gold-g6405.c2418;Comet Lake-R;2  / 4;4.1 GHz;Socket 1200;14 nm;4 MB;58 W;Mar 16th, 2021;Intel
Pentium Gold G6405T;/cpu-specs/pentium-gold-g6405t.c2420;Comet Lake-R;2  / 4;3.5 GHz;Socket 1200;14 nm;4 MB;35 W;Mar 16th, 2021;Intel
Pentium Gold G6505;/cpu-specs/pentium-gold-g6505.c2417;Comet Lake-R;2  / 4;4.2 GHz;Socket 1200;14 nm;4 MB;58 W;Mar 16th, 2021;Intel
Pentium Gold G6505T;/cpu-specs/pentium-gold-g6505t.c2419;Comet Lake-R;2  / 4;3.6 GHz;Socket 1200;14 nm;4 MB;35 W;Mar 16th, 2021;Intel
Pentium Gold G6605;/cpu-specs/pentium-gold-g6605.c2416;Comet Lake-R;2  / 4;4.3 GHz;Socket 1200;14 nm;4 MB;58 W;Mar 16th, 2021;Intel
Xeon W-11855M;/cpu-specs/xeon-w-11855m.c2483;Tiger Lake-H;6  / 12;3.2 to 4.9 GHz;BGA 1787;10 nm;18 MB;35 W;May 11th, 2021;Intel
Xeon W-11955M;/cpu-specs/xeon-w-11955m.c2482;Tiger Lake-H;8  / 16;2.1 to 5 GHz;BGA 1787;10 nm;24 MB;35 W;May 11th, 2021;Intel
Xeon E-2314;/cpu-specs/xeon-e-2314.c2501;Rocket Lake-E;4 ;2.8 to 4.5 GHz;Socket 1200;14 nm;8 MB;65 W;Sep 8th, 2021;Intel
Xeon E-2324G;/cpu-specs/xeon-e-2324g.c2500;Rocket Lake-E;4 ;3.1 to 4.6 GHz;Socket 1200;14 nm;8 MB;65 W;Sep 8th, 2021;Intel
Xeon E-2334;/cpu-specs/xeon-e-2334.c2499;Rocket Lake-E;4  / 8;3.4 to 4.8 GHz;Socket 1200;14 nm;8 MB;65 W;Sep 8th, 2021;Intel
Xeon E-2336;/cpu-specs/xeon-e-2336.c2497;Rocket Lake-E;6  / 12;2.9 to 4.8 GHz;Socket 1200;14 nm;12 MB;65 W;Sep 8th, 2021;Intel
Xeon E-2356G;/cpu-specs/xeon-e-2356g.c2496;Rocket Lake-E;6  / 12;3.2 to 5 GHz;Socket 1200;14 nm;12 MB;80 W;Sep 8th, 2021;Intel
Xeon E-2374G;/cpu-specs/xeon-e-2374g.c2498;Rocket Lake-E;4  / 8;3.7 to 5 GHz;Socket 1200;14 nm;8 MB;80 W;Sep 8th, 2021;Intel
Xeon E-2378;/cpu-specs/xeon-e-2378.c2494;Rocket Lake-E;8  / 16;2.6 to 4.8 GHz;Socket 1200;14 nm;16 MB;65 W;Sep 8th, 2021;Intel
Xeon E-2378G;/cpu-specs/xeon-e-2378g.c2493;Rocket Lake-E;8  / 16;2.8 to 5.1 GHz;Socket 1200;14 nm;16 MB;80 W;Sep 8th, 2021;Intel
Xeon E-2386G;/cpu-specs/xeon-e-2386g.c2495;Rocket Lake-E;6  / 12;3.5 to 5.1 GHz;Socket 1200;14 nm;12 MB;95 W;Sep 8th, 2021;Intel
Xeon E-2388G;/cpu-specs/xeon-e-2388g.c2492;Rocket Lake-E;8  / 16;3.2 to 5.1 GHz;Socket 1200;14 nm;16 MB;95 W;Sep 8th, 2021;Intel
Xeon W-1350;/cpu-specs/xeon-w-1350.c3549;Rocket Lake-S;6  / 12;3.3 to 5 GHz;Socket 1200;14 nm;12 MB;80 W;May 6th, 2021;Intel
Xeon W-1350P;/cpu-specs/xeon-w-1350p.c3552;Rocket Lake-S;6  / 12;4 to 5.1 GHz;Socket 1200;14 nm;12 MB;125 W;May 6th, 2021;Intel
Xeon W-1370;/cpu-specs/xeon-w-1370.c3550;Rocket Lake-S;8  / 16;2.9 to 5.1 GHz;Socket 1200;14 nm;16 MB;80 W;May 6th, 2021;Intel
Xeon W-1370P;/cpu-specs/xeon-w-1370p.c3553;Rocket Lake-S;8  / 16;3.6 to 5.2 GHz;Socket 1200;14 nm;16 MB;125 W;May 6th, 2021;Intel
Xeon W-1390;/cpu-specs/xeon-w-1390.c3551;Rocket Lake-S;8  / 16;2.8 to 5.2 GHz;Socket 1200;14 nm;16 MB;80 W;May 6th, 2021;Intel
Xeon W-1390P;/cpu-specs/xeon-w-1390p.c3554;Rocket Lake-S;8  / 16;3.5 to 5.3 GHz;Socket 1200;14 nm;16 MB;125 W;May 6th, 2021;Intel
Xeon W-3323;/cpu-specs/xeon-w-3323.c2491;Ice Lake-W;12  / 24;3.5 to 4 GHz;Socket 4189;10 nm;18 MB;220 W;Jul 29th, 2021;Intel
Xeon W-3335;/cpu-specs/xeon-w-3335.c2490;Ice Lake-W;16  / 32;3.4 to 4 GHz;Socket 4189;10 nm;24 MB;250 W;Jul 29th, 2021;Intel
Xeon W-3345;/cpu-specs/xeon-w-3345.c2489;Ice Lake-W;24  / 48;3 to 4 GHz;Socket 4189;10 nm;36 MB;250 W;Jul 29th, 2021;Intel
Xeon W-3365;/cpu-specs/xeon-w-3365.c2488;Ice Lake-W;32  / 64;2.7 to 4 GHz;Socket 4189;10 nm;48 MB;270 W;Jul 29th, 2021;Intel
Xeon W-3375;/cpu-specs/xeon-w-3375.c2487;Ice Lake-W;38  / 76;2.5 to 4 GHz;Socket 4189;10 nm;57 MB;270 W;Jul 29th, 2021;Intel
Xeon Silver 4309Y;/cpu-specs/xeon-silver-4309y.c2453;Ice Lake-SP;8  / 16;2.8 to 3.6 GHz;Socket 4189;10 nm;12 MB;105 W;Apr 6th, 2021;Intel
Xeon Silver 4310;/cpu-specs/xeon-silver-4310.c2454;Ice Lake-SP;12  / 24;2.1 to 3.3 GHz;Socket 4189;10 nm;18 MB;120 W;Apr 6th, 2021;Intel
Xeon Silver 4310T;/cpu-specs/xeon-silver-4310t.c2455;Ice Lake-SP;10  / 20;2.3 to 3.4 GHz;Socket 4189;10 nm;15 MB;105 W;Apr 6th, 2021;Intel
Xeon Silver 4314;/cpu-specs/xeon-silver-4314.c2451;Ice Lake-SP;16  / 32;2.4 to 3.4 GHz;Socket 4189;10 nm;24 MB;135 W;Apr 6th, 2021;Intel
Xeon Silver 4316;/cpu-specs/xeon-silver-4316.c2452;Ice Lake-SP;20  / 40;2.3 to 3.4 GHz;Socket 4189;10 nm;30 MB;150 W;Apr 6th, 2021;Intel
Xeon Gold 5315Y;/cpu-specs/xeon-gold-5315y.c2450;Ice Lake-SP;8  / 16;3.2 to 3.6 GHz;Socket 4189;10 nm;12 MB;140 W;Apr 6th, 2021;Intel
Xeon Gold 5317;/cpu-specs/xeon-gold-5317.c2446;Ice Lake-SP;12  / 24;3 to 3.6 GHz;Socket 4189;10 nm;18 MB;150 W;Apr 6th, 2021;Intel
Xeon Gold 5318H;/cpu-specs/xeon-gold-5318h.c2456;Cooper Lake-SP;18  / 36;2.5 to 3.8 GHz;Socket 4189;14 nm;24.75 MB;150 W;Apr 6th, 2021;Intel
Xeon Gold 5318N;/cpu-specs/xeon-gold-5318n.c2447;Ice Lake-SP;24  / 48;2.1 to 3.4 GHz;Socket 4189;10 nm;36 MB;150 W;Apr 6th, 2021;Intel
Xeon Gold 5318S;/cpu-specs/xeon-gold-5318s.c2445;Ice Lake-SP;24  / 48;2.1 to 3.4 GHz;Socket 4189;10 nm;36 MB;165 W;Apr 6th, 2021;Intel
Xeon Gold 5318Y;/cpu-specs/xeon-gold-5318y.c2444;Ice Lake-SP;24  / 48;2.1 to 3.4 GHz;Socket 4189;10 nm;36 MB;165 W;Apr 6th, 2021;Intel
Xeon Gold 5320;/cpu-specs/xeon-gold-5320.c2449;Ice Lake-SP;26  / 52;2.2 to 3.4 GHz;Socket 4189;10 nm;39 MB;185 W;Apr 6th, 2021;Intel
Xeon Gold 5320H;/cpu-specs/xeon-gold-5320h.c2470;Cooper Lake-SP;20  / 40;2.4 to 4.2 GHz;Socket 4189;14 nm;27.5 MB;150 W;Apr 6th, 2021;Intel
Xeon Gold 5320T;/cpu-specs/xeon-gold-5320t.c2448;Ice Lake-SP;20  / 40;2.3 to 3.5 GHz;Socket 4189;10 nm;30 MB;150 W;Apr 6th, 2021;Intel
Xeon Gold 6312U;/cpu-specs/xeon-gold-6312u.c2443;Ice Lake-SP;24  / 48;2.4 to 3.6 GHz;Socket 4189;10 nm;36 MB;185 W;Apr 6th, 2021;Intel
Xeon Gold 6314U;/cpu-specs/xeon-gold-6314u.c2436;Ice Lake-SP;32  / 64;2.3 to 3.4 GHz;Socket 4189;10 nm;48 MB;205 W;Apr 6th, 2021;Intel
Xeon Gold 6326;/cpu-specs/xeon-gold-6326.c2439;Ice Lake-SP;16  / 32;2.9 to 3.5 GHz;Socket 4189;10 nm;24 MB;185 W;Apr 6th, 2021;Intel
Xeon Gold 6328H;/cpu-specs/xeon-gold-6328h.c2457;Cooper Lake-SP;16  / 32;2.8 to 4.3 GHz;Socket 4189;14 nm;22 MB;165 W;Apr 6th, 2021;Intel
Xeon Gold 6328HL;/cpu-specs/xeon-gold-6328hl.c2458;Cooper Lake-SP;16  / 32;2.8 to 4.3 GHz;Socket 4189;14 nm;22 MB;165 W;Apr 6th, 2021;Intel
Xeon Gold 6330;/cpu-specs/xeon-gold-6330.c2434;Ice Lake-SP;28  / 56;2 to 3.1 GHz;Socket 4189;10 nm;42 MB;205 W;Apr 6th, 2021;Intel
Xeon Gold 6330H;/cpu-specs/xeon-gold-6330h.c2469;Cooper Lake-SP;24  / 48;2 to 3.7 GHz;Socket 4189;14 nm;33 MB;150 W;Apr 6th, 2021;Intel
Xeon Gold 6334;/cpu-specs/xeon-gold-6334.c2438;Ice Lake-SP;8  / 16;3.6 to 3.7 GHz;Socket 4189;10 nm;18 MB;165 W;Apr 6th, 2021;Intel
Xeon Gold 6336Y;/cpu-specs/xeon-gold-6336y.c2442;Ice Lake-SP;24  / 48;2.4 to 3.6 GHz;Socket 4189;10 nm;36 MB;185 W;Apr 6th, 2021;Intel
Xeon Gold 6338N;/cpu-specs/xeon-gold-6338n.c2437;Ice Lake-SP;32  / 64;2.2 to 3.5 GHz;Socket 4189;10 nm;48 MB;185 W;Apr 6th, 2021;Intel
Xeon Gold 6338T;/cpu-specs/xeon-gold-6338t.c2441;Ice Lake-SP;24  / 48;2.1 to 3.4 GHz;Socket 4189;10 nm;36 MB;165 W;Apr 6th, 2021;Intel
Xeon Gold 6342;/cpu-specs/xeon-gold-6342.c2440;Ice Lake-SP;24  / 48;2.8 to 3.5 GHz;Socket 4189;10 nm;36 MB;230 W;Apr 6th, 2021;Intel
Xeon Gold 6346;/cpu-specs/xeon-gold-6346.c2433;Ice Lake-SP;16  / 32;3.1 to 3.6 GHz;Socket 4189;10 nm;36 MB;205 W;Apr 6th, 2021;Intel
Xeon Gold 6348;/cpu-specs/xeon-gold-6348.c2432;Ice Lake-SP;28  / 56;2.6 to 3.5 GHz;Socket 4189;10 nm;42 MB;235 W;Apr 6th, 2021;Intel
Xeon Gold 6348H;/cpu-specs/xeon-gold-6348h.c2468;Cooper Lake-SP;24  / 48;2.3 to 4.2 GHz;Socket 4189;14 nm;33 MB;165 W;Apr 6th, 2021;Intel
Xeon Gold 6354;/cpu-specs/xeon-gold-6354.c2435;Ice Lake-SP;18  / 36;3 to 3.6 GHz;Socket 4189;10 nm;39 MB;205 W;Apr 6th, 2021;Intel
Xeon Platinum 8351N;/cpu-specs/xeon-platinum-8351n.c2429;Ice Lake-SP;36  / 72;2.4 to 3.5 GHz;Socket 4189;10 nm;54 MB;225 W;Apr 6th, 2021;Intel
Xeon Platinum 8352M;/cpu-specs/xeon-platinum-8352m.c2431;Ice Lake-SP;32  / 64;2.3 to 3.5 GHz;Socket 4189;10 nm;48 MB;185 W;Apr 6th, 2021;Intel
Xeon Platinum 8352S;/cpu-specs/xeon-platinum-8352s.c2430;Ice Lake-SP;32  / 64;2.2 to 3.4 GHz;Socket 4189;10 nm;48 MB;205 W;Apr 6th, 2021;Intel
Xeon Platinum 8352V;/cpu-specs/xeon-platinum-8352v.c2428;Ice Lake-SP;36  / 72;2.5 to 3.5 GHz;Socket 4189;10 nm;54 MB;195 W;Apr 6th, 2021;Intel
Xeon Platinum 8353H;/cpu-specs/xeon-platinum-8353h.c2459;Cooper Lake-SP;18  / 36;2.5 to 3.8 GHz;Socket 4189;14 nm;24.75 MB;150 W;Apr 6th, 2021;Intel
Xeon Platinum 8354H;/cpu-specs/xeon-platinum-8354h.c2460;Cooper Lake-SP;18  / 36;3.1 to 4.3 GHz;Socket 4189;14 nm;24.75 MB;205 W;Apr 6th, 2021;Intel
Xeon Platinum 8356H;/cpu-specs/xeon-platinum-8356h.c2465;Cooper Lake-SP;8  / 16;3.9 to 4.4 GHz;Socket 4189;14 nm;35.75 MB;190 W;Apr 6th, 2021;Intel
Xeon Platinum 8358;/cpu-specs/xeon-platinum-8358.c2424;Ice Lake-SP;32  / 64;2.6 to 3.4 GHz;Socket 4189;10 nm;48 MB;250 W;Apr 6th, 2021;Intel
Xeon Platinum 8358P;/cpu-specs/xeon-platinum-8358p.c2425;Ice Lake-SP;32  / 64;2.6 to 3.4 GHz;Socket 4189;10 nm;48 MB;240 W;Apr 6th, 2021;Intel
Xeon Platinum 8360H;/cpu-specs/xeon-platinum-8360h.c2466;Cooper Lake-SP;24  / 48;3 to 4.2 GHz;Socket 4189;14 nm;33 MB;225 W;Apr 6th, 2021;Intel
Xeon Platinum 8360HL;/cpu-specs/xeon-platinum-8360hl.c2467;Cooper Lake-SP;24  / 48;3 to 4.2 GHz;Socket 4189;14 nm;33 MB;225 W;Apr 6th, 2021;Intel
Xeon Platinum 8360Y;/cpu-specs/xeon-platinum-8360y.c2423;Ice Lake-SP;36  / 72;2.4 to 3.5 GHz;Socket 4189;10 nm;54 MB;250 W;Apr 6th, 2021;Intel
Xeon Platinum 8362;/cpu-specs/xeon-platinum-8362.c2426;Ice Lake-SP;32  / 64;2.8 to 3.6 GHz;Socket 4189;10 nm;48 MB;265 W;Apr 6th, 2021;Intel
Xeon Platinum 8368;/cpu-specs/xeon-platinum-8368.c2422;Ice Lake-SP;38  / 76;2.4 to 3.4 GHz;Socket 4189;10 nm;57 MB;270 W;Apr 6th, 2021;Intel
Xeon Platinum 8368Q;/cpu-specs/xeon-platinum-8368q.c2427;Ice Lake-SP;38  / 76;2.6 to 3.7 GHz;Socket 4189;10 nm;57 MB;270 W;Apr 6th, 2021;Intel
Xeon Platinum 8376H;/cpu-specs/xeon-platinum-8376h.c2462;Cooper Lake-SP;28  / 56;2.6 to 4.3 GHz;Socket 4189;14 nm;38.5 MB;205 W;Apr 6th, 2021;Intel
Xeon Platinum 8376HL;/cpu-specs/xeon-platinum-8376hl.c2461;Cooper Lake-SP;28  / 56;2.6 to 4.3 GHz;Socket 4189;14 nm;38.5 MB;205 W;Apr 6th, 2021;Intel
Xeon Platinum 8380;/cpu-specs/xeon-platinum-8380.c2421;Ice Lake-SP;40  / 80;2.3 to 3.4 GHz;Socket 4189;10 nm;60 MB;270 W;Apr 6th, 2021;Intel
Xeon Platinum 8380H;/cpu-specs/xeon-platinum-8380h.c2463;Cooper Lake-SP;28  / 56;2.9 to 4.3 GHz;Socket 4189;14 nm;38.5 MB;250 W;Apr 6th, 2021;Intel
Xeon Platinum 8380HL;/cpu-specs/xeon-platinum-8380hl.c2464;Cooper Lake-SP;28  / 56;2.9 to 4.3 GHz;Socket 4189;14 nm;38.5 MB;250 W;Apr 6th, 2021;Intel
Athlon Gold 3150G;/cpu-specs/athlon-gold-3150g.c2330;Dali;4 ;3.5 to 3.9 GHz;Socket AM4;12 nm;4 MB;65 W;Jul 21st, 2020;AMD
Athlon Gold 3150GE;/cpu-specs/athlon-gold-3150ge.c2331;Dali;4 ;3.5 to 3.8 GHz;Socket AM4;12 nm;4 MB;35 W;Jul 21st, 2020;AMD
Athlon Gold PRO 3150G;/cpu-specs/athlon-gold-pro-3150g.c2333;Dali;4 ;3.5 to 3.9 GHz;Socket AM4;12 nm;4 MB;65 W;Jul 21st, 2020;AMD
Athlon Gold PRO 3150GE;/cpu-specs/athlon-gold-pro-3150ge.c2335;Dali;4 ;3.5 to 3.8 GHz;Socket AM4;12 nm;4 MB;35 W;Jul 21st, 2020;AMD
Athlon Silver 3050GE;/cpu-specs/athlon-silver-3050ge.c2332;Dali;2  / 4;3.4 GHz;Socket AM4;12 nm;4 MB;35 W;Jul 21st, 2020;AMD
Athlon Silver PRO 3125GE;/cpu-specs/athlon-silver-pro-3125ge.c2334;Dali;2  / 4;3.4 GHz;Socket AM4;12 nm;4 MB;35 W;Jul 21st, 2020;AMD
EPYC 7F32;/cpu-specs/epyc-7f32.c2300;Rome;8  / 16;3.7 to 3.9 GHz;Socket SP3;7 nm;128 MB;180 W;Apr 14th, 2020;AMD
EPYC 7F52;/cpu-specs/epyc-7f52.c2301;Rome;16  / 32;3.5 to 3.9 GHz;Socket SP3;7 nm;256 MB;155 W;Apr 14th, 2020;AMD
EPYC 7F72;/cpu-specs/epyc-7f72.c2302;Rome;24  / 48;3.2 to 3.7 GHz;Socket SP3;7 nm;192 MB;240 W;Apr 14th, 2020;AMD
Ryzen 3 3100;/cpu-specs/ryzen-3-3100.c2298;Matisse;4  / 8;3.6 to 3.9 GHz;Socket AM4;7 nm;16 MB;65 W;Apr 24th, 2020;AMD
Ryzen 3 3250U;/cpu-specs/ryzen-3-3250u.c2287;Raven Ridge;2  / 4;2.6 to 3.5 GHz;Socket FP5;14 nm;4 MB;15 W;Jan 6th, 2020;AMD
Ryzen 3 3300X;/cpu-specs/ryzen-3-3300x.c2297;Matisse;4  / 8;3.8 to 4.3 GHz;Socket AM4;7 nm;16 MB;65 W;Apr 24th, 2020;AMD
Ryzen 3 4300G;/cpu-specs/ryzen-3-4300g.c2320;Renoir;4  / 8;3.8 to 4 GHz;Socket AM4;7 nm;4 MB;65 W;Jul 21st, 2020;AMD
Ryzen 3 4300GE;/cpu-specs/ryzen-3-4300ge.c2323;Renoir;4  / 8;3.5 to 4 GHz;Socket AM4;7 nm;4 MB;35 W;Jul 21st, 2020;AMD
Ryzen 3 4300U;/cpu-specs/ryzen-3-4300u.c2286;Renoir;4 ;2.7 to 3.7 GHz;Socket FP6;7 nm;4 MB;25 W;Jan 6th, 2020;AMD
Ryzen 3 PRO 4350G;/cpu-specs/ryzen-3-pro-4350g.c2326;Renoir;4  / 8;3.8 to 4 GHz;Socket AM4;7 nm;4 MB;65 W;Jul 21st, 2020;AMD
Ryzen 3 PRO 4350GE;/cpu-specs/ryzen-3-pro-4350ge.c2329;Renoir;4  / 8;3.5 to 4 GHz;Socket AM4;7 nm;4 MB;35 W;Jul 21st, 2020;AMD
Ryzen 3 PRO 4450U;/cpu-specs/ryzen-3-pro-4450u.c2503;Renoir;4  / 8;2.4 to 3.7 GHz;Socket FP6;7 nm;4 MB;15 W;May 7th, 2020;AMD
Ryzen 5 4500U;/cpu-specs/ryzen-5-4500u.c2285;Renoir;6 ;2.3 to 4 GHz;Socket FP6;7 nm;11 MB;25 W;Jan 6th, 2020;AMD
Ryzen 5 4600G;/cpu-specs/ryzen-5-4600g.c2319;Renoir;6  / 12;3.7 to 4.2 GHz;Socket AM4;7 nm;8 MB;65 W;Jul 21st, 2020;AMD
Ryzen 5 4600GE;/cpu-specs/ryzen-5-4600ge.c2322;Renoir;6  / 12;3.3 to 4.2 GHz;Socket AM4;7 nm;8 MB;35 W;Jul 21st, 2020;AMD
Ryzen 5 4600H;/cpu-specs/ryzen-5-4600h.c2283;Renoir;6  / 12;3 to 4 GHz;Socket FP6;7 nm;11 MB;54 W;Jan 6th, 2020;AMD
Ryzen 5 4600HS;/cpu-specs/ryzen-5-4600hs.c2295;Renoir;6  / 12;3 to 4 GHz;Socket FP6;7 nm;11 MB;35 W;Jan 6th, 2020;AMD
Ryzen 5 4600U;/cpu-specs/ryzen-5-4600u.c2284;Renoir;6  / 12;2.1 to 4 GHz;Socket FP6;7 nm;11 MB;25 W;Jan 6th, 2020;AMD
Ryzen 5 5600X;/cpu-specs/ryzen-5-5600x.c2365;Vermeer;6  / 12;3.7 to 4.6 GHz;Socket AM4;7 nm;32 MB;65 W;Nov 5th, 2020;AMD
Ryzen 5 PRO 4650G;/cpu-specs/ryzen-5-pro-4650g.c2325;Renoir;6  / 12;3.7 to 4.2 GHz;Socket AM4;7 nm;8 MB;65 W;Jul 21st, 2020;AMD
Ryzen 5 PRO 4650GE;/cpu-specs/ryzen-5-pro-4650ge.c2328;Renoir;6  / 12;3.3 to 4.2 GHz;Socket AM4;7 nm;8 MB;35 W;Jul 21st, 2020;AMD
Ryzen 5 PRO 4650U;/cpu-specs/ryzen-5-pro-4650u.c2504;Renoir;6  / 12;2.1 to 4 GHz;Socket FP6;7 nm;8 MB;15 W;May 7th, 2020;AMD
Ryzen 7 3800XT;/cpu-specs/ryzen-7-3800xt.c2309;Matisse 2;8  / 16;3.8 to 4.7 GHz;Socket AM4;7 nm;32 MB;105 W;Jul 7th, 2020;AMD
Ryzen 7 4700G;/cpu-specs/ryzen-7-4700g.c2318;Renoir;8  / 16;3.6 to 4.4 GHz;Socket AM4;7 nm;8 MB;65 W;Jul 21st, 2020;AMD
Ryzen 7 4700GE;/cpu-specs/ryzen-7-4700ge.c2321;Renoir;8  / 16;3.1 to 4.3 GHz;Socket AM4;7 nm;8 MB;35 W;Jul 21st, 2020;AMD
Ryzen 7 4700U;/cpu-specs/ryzen-7-4700u.c2282;Renoir;8 ;1.8 to 4.2 GHz;Socket FP6;7 nm;12 MB;25 W;Jan 6th, 2020;AMD
Ryzen 7 4750U;/cpu-specs/ryzen-7-4750u.c2502;Renoir;8  / 16;1.7 to 4.1 GHz;Socket FP6;7 nm;8 MB;15 W;May 7th, 2020;AMD
Ryzen 7 4800H;/cpu-specs/ryzen-7-4800h.c2280;Renoir;8  / 16;2.9 to 4.2 GHz;Socket FP6;7 nm;12 MB;54 W;Jan 6th, 2020;AMD
Ryzen 7 4800HS;/cpu-specs/ryzen-7-4800hs.c2296;Renoir;8  / 16;2.9 to 4.2 GHz;Socket FP6;7 nm;12 MB;35 W;Jan 6th, 2020;AMD
Ryzen 7 4800U;/cpu-specs/ryzen-7-4800u.c2281;Renoir;8  / 16;1.8 to 4.2 GHz;Socket FP6;7 nm;8 MB;25 W;Jan 6th, 2020;AMD
Ryzen 7 5800X;/cpu-specs/ryzen-7-5800x.c2362;Vermeer;8  / 16;3.8 to 4.7 GHz;Socket AM4;7 nm;32 MB;105 W;Nov 5th, 2020;AMD
Ryzen 7 PRO 4750G;/cpu-specs/ryzen-7-pro-4750g.c2324;Renoir;8  / 16;3.6 to 4.4 GHz;Socket AM4;7 nm;8 MB;65 W;Jul 21st, 2020;AMD
Ryzen 7 PRO 4750GE;/cpu-specs/ryzen-7-pro-4750ge.c2327;Renoir;8  / 16;3.1 to 4.3 GHz;Socket AM4;7 nm;8 MB;35 W;Jul 21st, 2020;AMD
Ryzen 9 3900XT;/cpu-specs/ryzen-9-3900xt.c2308;Matisse 2;12  / 24;3.9 to 4.7 GHz;Socket AM4;7 nm;64 MB;105 W;Jul 7th, 2020;AMD
Ryzen 9 4900H;/cpu-specs/ryzen-9-4900h.c2279;Renoir;8  / 16;3.3 to 4.4 GHz;Socket FP6;7 nm;12 MB;54 W;Mar 16th, 2020;AMD
Ryzen 9 4900HS;/cpu-specs/ryzen-9-4900hs.c2278;Renoir;8  / 16;3 to 4.3 GHz;Socket FP6;7 nm;12 MB;35 W;Mar 7th, 2020;AMD
Ryzen 9 5900X;/cpu-specs/ryzen-9-5900x.c2363;Vermeer;12  / 24;3.7 to 4.8 GHz;Socket AM4;7 nm;64 MB;105 W;Nov 5th, 2020;AMD
Ryzen 9 5950X;/cpu-specs/ryzen-9-5950x.c2364;Vermeer;16  / 32;3.4 to 4.9 GHz;Socket AM4;7 nm;64 MB;105 W;Nov 5th, 2020;AMD
Ryzen Embedded R1102G;/cpu-specs/ryzen-embedded-r1102g.c2841;Zen;2  / 4;1.2 to 2.6 GHz;Socket FP5;14 nm;4 MB;6 W;Feb 25th, 2020;AMD
Ryzen Embedded R1305G;/cpu-specs/ryzen-embedded-r1305g.c2842;Zen;2  / 4;1.5 to 2.8 GHz;Socket FP5;14 nm;4 MB;10 W;Feb 25th, 2020;AMD
Ryzen Embedded R1505G;/cpu-specs/ryzen-embedded-r1505g.c2843;Zen;2  / 4;2.4 to 3.3 GHz;Socket FP5;14 nm;4 MB;25 W;Feb 25th, 2020;AMD
Ryzen Embedded R1600;/cpu-specs/ryzen-embedded-r1600.c2845;Zen;2  / 4;2.6 to 3.1 GHz;Socket FP5;14 nm;4 MB;25 W;Feb 25th, 2020;AMD
Ryzen Embedded R1606G;/cpu-specs/ryzen-embedded-r1606g.c2844;Zen;2  / 4;2.6 to 3.5 GHz;Socket FP5;14 nm;4 MB;25 W;Feb 25th, 2020;AMD
Ryzen Embedded V2516;/cpu-specs/ryzen-embedded-v2516.c2807;Renoir;6  / 12;2.1 to 3.95 GHz;Socket FP6;7 nm;8 MB;10 W;Nov 10th, 2020;AMD
Ryzen Embedded V2546;/cpu-specs/ryzen-embedded-v2546.c2806;Renoir;6  / 12;3 to 3.95 GHz;Socket FP6;7 nm;8 MB;35 W;Nov 10th, 2020;AMD
Ryzen Embedded V2718;/cpu-specs/ryzen-embedded-v2718.c2805;Renoir;8  / 16;1.7 to 4.15 GHz;Socket FP6;7 nm;8 MB;10 W;Nov 10th, 2020;AMD
Ryzen Embedded V2748;/cpu-specs/ryzen-embedded-v2748.c2804;Renoir;8  / 16;2.9 to 4.25 GHz;Socket FP6;7 nm;8 MB;35 W;Nov 10th, 2020;AMD
Ryzen Threadripper 3990X;/cpu-specs/ryzen-threadripper-3990x.c2271;Castle Peak;64  / 128;2.9 to 4.3 GHz;Socket TRX4;7 nm;256 MB;280 W;Feb 7th, 2020;AMD
Ryzen Threadripper PRO 3945WX;/cpu-specs/ryzen-threadripper-pro-3945wx.c2317;Castle Peak;12  / 24;4 to 4.3 GHz;Socket WRX8;7 nm;64 MB;280 W;Jul 14th, 2020;AMD
Ryzen Threadripper PRO 3955WX;/cpu-specs/ryzen-threadripper-pro-3955wx.c2316;Castle Peak;16  / 32;3.9 to 4.3 GHz;Socket WRX8;7 nm;64 MB;280 W;Jul 14th, 2020;AMD
Ryzen Threadripper PRO 3975WX;/cpu-specs/ryzen-threadripper-pro-3975wx.c2315;Castle Peak;32  / 64;3.5 to 4.2 GHz;Socket WRX8;7 nm;128 MB;280 W;Jul 14th, 2020;AMD
Ryzen Threadripper PRO 3995WX;/cpu-specs/ryzen-threadripper-pro-3995wx.c2314;Castle Peak;64  / 128;2.7 to 4.2 GHz;Socket WRX8;7 nm;256 MB;280 W;Jul 14th, 2020;AMD
Celeron G5900;/cpu-specs/celeron-g5900.c2307;Comet Lake;2 ;3.4 GHz;Socket 1200;14 nm;2 MB;58 W;Apr 30th, 2020;Intel
Celeron G5920;/cpu-specs/celeron-g5920.c2306;Comet Lake;2 ;3.5 GHz;Socket 1200;14 nm;2 MB;58 W;Apr 30th, 2020;Intel
Core i3-1000NG4;/cpu-specs/core-i3-1000ng4.c3591;Ice Lake-Y;2  / 4;1.1 to 3.2 GHz;BGA 1044;10 nm;4 MB;9 W;Mar 18th, 2020;Intel
Core i3-10100;/cpu-specs/core-i3-10100.c2206;Comet Lake;4  / 8;3.6 to 4.3 GHz;Socket 1200;14 nm;6 MB;65 W;Apr 30th, 2020;Intel
Core i3-10300;/cpu-specs/core-i3-10300.c2207;Comet Lake;4  / 8;3.7 to 4.4 GHz;Socket 1200;14 nm;8 MB;62 W;Apr 30th, 2020;Intel
Core i3-10320;/cpu-specs/core-i3-10320.c2208;Comet Lake;4  / 8;3.8 to 4.6 GHz;Socket 1200;14 nm;8 MB;91 W;Apr 30th, 2020;Intel
Core i3-10350K;/cpu-specs/core-i3-10350k.c2209;Comet Lake;4  / 8;4.1 to 4.8 GHz;Socket 1200;14 nm;8 MB;91 W;Apr 30th, 2020;Intel
Core i3-1110G4;/cpu-specs/core-i3-1110g4.c2351;Tiger Lake-U;2  / 4;1.8 to 3.9 GHz;BGA 1598;10 nm;6 MB;15 W;Sep 2nd, 2020;Intel
Core i3-1115G4;/cpu-specs/core-i3-1115g4.c2348;Tiger Lake-U;2  / 4;3 to 4.1 GHz;BGA 1449;10 nm;6 MB;28 W;Sep 2nd, 2020;Intel
Core i3-1120G4;/cpu-specs/core-i3-1120g4.c2350;Tiger Lake-U;4  / 8;1.1 to 3.5 GHz;BGA 1598;10 nm;8 MB;15 W;Sep 2nd, 2020;Intel
Core i3-1125G4;/cpu-specs/core-i3-1125g4.c2347;Tiger Lake-U;4  / 8;2 to 3.7 GHz;BGA 1449;10 nm;8 MB;28 W;Sep 2nd, 2020;Intel
Core i3-L13G4;/cpu-specs/core-i3-l13g4.c3312;Lakefield;5 ;0.8 to 2.8 GHz;;10 nm;4 MB;7 W;Jun 2020;Intel
Core i5-10200H;/cpu-specs/core-i5-10200h.c2354;Comet Lake-H;4  / 8;2.4 to 4.1 GHz;BGA 1440;14 nm;6 MB;45 W;Sep 17th, 2020;Intel
Core i5-10300H;/cpu-specs/core-i5-10300h.c2355;Comet Lake-H;4  / 8;2.5 to 4.5 GHz;BGA 1440;14 nm;6 MB;45 W;Sep 17th, 2020;Intel
Core i5-1030NG7;/cpu-specs/core-i5-1030ng7.c3592;Ice Lake-Y;4  / 8;1.1 to 3.5 GHz;BGA 1044;10 nm;6 MB;10 W;Mar 18th, 2020;Intel
Core i5-1038NG7;/cpu-specs/core-i5-1038ng7.c2676;Ice Lake-U;4  / 8;2 to 3.8 GHz;BGA 1344;10 nm;6 MB;28 W;May 4th, 2020;Intel
Core i5-10400;/cpu-specs/core-i5-10400.c2210;Comet Lake;6  / 12;2.9 to 4.3 GHz;Socket 1200;14 nm;12 MB;65 W;Apr 30th, 2020;Intel
Core i5-10400F;/cpu-specs/core-i5-10400f.c2270;Comet Lake;6  / 12;2.9 to 4.3 GHz;Socket 1200;14 nm;12 MB;65 W;Apr 30th, 2020;Intel
Core i5-10400H;/cpu-specs/core-i5-10400h.c2361;Comet Lake-H;4  / 8;2.6 to 4.6 GHz;BGA 1440;14 nm;6 MB;45 W;Apr 2nd, 2020;Intel
Core i5-10500;/cpu-specs/core-i5-10500.c2211;Comet Lake;6  / 12;3.1 to 4.5 GHz;Socket 1200;14 nm;12 MB;65 W;Apr 30th, 2020;Intel
Core i5-10600;/cpu-specs/core-i5-10600.c2212;Comet Lake;6  / 12;3.3 to 4.8 GHz;Socket 1200;14 nm;12 MB;65 W;Apr 30th, 2020;Intel
Core i5-10600K;/cpu-specs/core-i5-10600k.c2213;Comet Lake;6  / 12;4.1 to 4.8 GHz;Socket 1200;14 nm;12 MB;125 W;Apr 30th, 2020;Intel
Core i5-10600KF;/cpu-specs/core-i5-10600kf.c2275;Comet Lake;6  / 12;4.1 to 4.8 GHz;Socket 1200;14 nm;12 MB;95 W;Apr 30th, 2020;Intel
Core i5-1060NG7;/cpu-specs/core-i5-1060ng7.c3593;Ice Lake-Y;4  / 8;1.2 to 3.8 GHz;BGA 1044;10 nm;8 MB;10 W;Mar 18th, 2020;Intel
Core i5-1130G7;/cpu-specs/core-i5-1130g7.c2349;Tiger Lake-U;4  / 8;1.1 to 4 GHz;BGA 1598;10 nm;8 MB;15 W;Sep 2nd, 2020;Intel
Core i5-1135G7;/cpu-specs/core-i5-1135g7.c2346;Tiger Lake-U;4  / 8;2.4 to 4.2 GHz;BGA 1449;10 nm;8 MB;28 W;Sep 2nd, 2020;Intel
Core i5-1145G7;/cpu-specs/core-i5-1145g7.c2352;Tiger Lake-U;4  / 8;2.6 to 4.4 GHz;BGA 1449;10 nm;8 MB;28 W;Sep 2nd, 2020;Intel
Core i5-L16G7;/cpu-specs/core-i5-l16g7.c3313;Lakefield;5 ;1.4 to 3 GHz;;10 nm;4 MB;7 W;Jun 2020;Intel
Core i7-10610U;/cpu-specs/core-i7-10610u.c2358;Comet Lake-U;4  / 8;1.8 to 4.9 GHz;BGA 1440;14 nm;8 MB;25 W;Apr 2nd, 2020;Intel
Core i7-10700;/cpu-specs/core-i7-10700.c2214;Comet Lake;8  / 16;2.9 to 4.8 GHz;Socket 1200;14 nm;16 MB;65 W;Apr 30th, 2020;Intel
Core i7-10700F;/cpu-specs/core-i7-10700f.c2274;Comet Lake;8  / 16;2.9 to 4.8 GHz;Socket 1200;14 nm;16 MB;65 W;Apr 30th, 2020;Intel
Core i7-10700K;/cpu-specs/core-i7-10700k.c2215;Comet Lake;8  / 16;3.8 to 5.1 GHz;Socket 1200;14 nm;16 MB;125 W;Apr 30th, 2020;Intel
Core i7-10700KF;/cpu-specs/core-i7-10700kf.c2273;Comet Lake;8  / 16;3.8 to 5.1 GHz;Socket 1200;14 nm;16 MB;125 W;Apr 30th, 2020;Intel
Core i7-10750H;/cpu-specs/core-i7-10750h.c2360;Comet Lake-H;6  / 12;2.6 to 5 GHz;BGA 1440;14 nm;12 MB;45 W;Apr 2nd, 2020;Intel
Core i7-10810U;/cpu-specs/core-i7-10810u.c2357;Comet Lake-U;6  / 12;1.1 to 4.9 GHz;BGA 1440;14 nm;12 MB;25 W;Apr 2nd, 2020;Intel
Core i7-10850H;/cpu-specs/core-i7-10850h.c2359;Comet Lake-H;6  / 12;2.7 to 5.1 GHz;BGA 1440;14 nm;12 MB;45 W;Apr 2nd, 2020;Intel
Core i7-10870H;/cpu-specs/core-i7-10870h.c2353;Comet Lake-H;8  / 16;2.2 to 5 GHz;BGA 1440;14 nm;16 MB;45 W;Sep 17th, 2020;Intel
Core i7-10875H;/cpu-specs/core-i7-10875h.c2277;Comet Lake-H;8  / 16;2.3 to 5.1 GHz;BGA 1440;14 nm;16 MB;45 W;Apr 2nd, 2020;Intel
Core i7-1160G7;/cpu-specs/core-i7-1160g7.c2345;Tiger Lake-U;4  / 8;1.2 to 4.4 GHz;BGA 1598;10 nm;12 MB;15 W;Sep 2nd, 2020;Intel
Core i7-1165G7;/cpu-specs/core-i7-1165g7.c2343;Tiger Lake-U;4  / 8;2.8 to 4.7 GHz;BGA 1449;10 nm;12 MB;28 W;Sep 2nd, 2020;Intel
Core i7-1185G7;/cpu-specs/core-i7-1185g7.c2344;Tiger Lake-U;4  / 8;3 to 4.8 GHz;BGA 1449;10 nm;12 MB;28 W;Sep 2nd, 2020;Intel
Core i9-10800F;/cpu-specs/core-i9-10800f.c2216;Comet Lake;10  / 20;2.7 to 5 GHz;Socket 1200;14 nm;20 MB;65 W;Apr 30th, 2020;Intel
Core i9-10850K;/cpu-specs/core-i9-10850k.c2336;Comet Lake;10  / 20;3.6 to 5.2 GHz;Socket 1200;14 nm;20 MB;125 W;Jul 27th, 2020;Intel
Core i9-10885H;/cpu-specs/core-i9-10885h.c2356;Comet Lake-H;8  / 16;2.4 to 5.3 GHz;BGA 1440;14 nm;16 MB;45 W;Apr 2nd, 2020;Intel
Core i9-10900;/cpu-specs/core-i9-10900.c2265;Comet Lake;10  / 20;2.8 to 5.2 GHz;Socket 1200;14 nm;20 MB;65 W;Apr 30th, 2020;Intel
Core i9-10900E;/cpu-specs/core-i9-10900e.c3741;Comet Lake;10  / 20;2.8 to 4.7 GHz;Socket 1200;14 nm;20 MB;65 W;Apr 30th, 2020;Intel
Core i9-10900F;/cpu-specs/core-i9-10900f.c2217;Comet Lake;10  / 20;2.8 to 5.2 GHz;Socket 1200;14 nm;20 MB;65 W;Apr 30th, 2020;Intel
Core i9-10900K;/cpu-specs/core-i9-10900k.c2266;Comet Lake;10  / 20;3.7 to 5.3 GHz;Socket 1200;14 nm;20 MB;125 W;Apr 30th, 2020;Intel
Core i9-10900KF;/cpu-specs/core-i9-10900kf.c2218;Comet Lake;10  / 20;3.7 to 5.3 GHz;Socket 1200;14 nm;20 MB;125 W;Apr 30th, 2020;Intel
Core i9-10900TE;/cpu-specs/core-i9-10900te.c3742;Comet Lake;10  / 20;1.8 to 4.5 GHz;Socket 1200;14 nm;20 MB;35 W;Apr 30th, 2020;Intel
Core i9-10980HK;/cpu-specs/core-i9-10980hk.c2276;Comet Lake-H;8  / 16;2.4 to 5.3 GHz;BGA 1440;14 nm;16 MB;45 W;Apr 2nd, 2020;Intel
Core i9-10990XE;/cpu-specs/core-i9-10990xe.c2272;Cascade Lake-X;22  / 44;4 to 5 GHz;Socket 2066;14 nm;30.25 MB;380 W;Never Released;Intel
Pentium 6805;/cpu-specs/pentium-6805.c3590;Ice Lake-Y;2  / 4;1.1 to 3 GHz;BGA 1526;10 nm;4 MB;15 W;Oct 1st, 2020;Intel
Pentium Gold G6400;/cpu-specs/pentium-gold-g6400.c2305;Comet Lake;2  / 4;4 GHz;Socket 1200;14 nm;4 MB;58 W;Apr 30th, 2020;Intel
Pentium Gold G6500;/cpu-specs/pentium-gold-g6500.c2304;Comet Lake;2  / 4;4.1 GHz;Socket 1200;14 nm;4 MB;58 W;Apr 30th, 2020;Intel
Pentium Gold G6600;/cpu-specs/pentium-gold-g6600.c2303;Comet Lake;2  / 4;4.2 GHz;Socket 1200;14 nm;4 MB;58 W;Apr 30th, 2020;Intel
Xeon W-1290;/cpu-specs/xeon-w-1290.c2837;Comet Lake;10  / 20;3.2 to 5.2 GHz;Socket 1200;14 nm;20 MB;80 W;May 13th, 2020;Intel
Xeon W-1290P;/cpu-specs/xeon-w-1290p.c2839;Comet Lake;10  / 20;3.7 to 5.3 GHz;Socket 1200;10 nm;20 MB;125 W;May 13th, 2020;Intel
Centaur CHA;/cpu-specs/centaur-cha.c2797;CHA;8 ;1.2 to 2.5 GHz;VIA Socket 2084;16 nm;16 MB;70 W;Never Released;VIA
A4-9120C SoC;/cpu-specs/a4-9120c-soc.c2143;Stoney Ridge;2 ;1.6 to 2.4 GHz;Socket FT4;28 nm;N/A;6 W;Jan 7th, 2019;AMD
A4-9120e SoC;/cpu-specs/a4-9120e-soc.c3701;Stoney Ridge;2 ;1.5 to 2.2 GHz;Socket FT4;28 nm;N/A;6 W;Jan 7th, 2019;AMD
A6-9220C SoC;/cpu-specs/a6-9220c-soc.c2142;Stoney Ridge;2 ;1.8 to 2.7 GHz;Socket FT4;28 nm;N/A;6 W;Jan 7th, 2019;AMD
A6-9220e SoC;/cpu-specs/a6-9220e-soc.c3695;Stoney Ridge;2 ;1.6 to 2.4 GHz;Socket FT4;28 nm;N/A;6 W;Jan 7th, 2019;AMD
A6-9400;/cpu-specs/a6-9400.c2622;Bristol Ridge;2 ;3.4 to 3.7 GHz;Socket AM4;28 nm;N/A;65 W;Mar 16th, 2019;AMD
Athlon 3000G;/cpu-specs/athlon-3000g.c2243;Zen;2  / 4;3.5 GHz;Socket AM4;14 nm;4 MB;35 W;Nov 20th, 2019;AMD
Athlon 300U;/cpu-specs/athlon-300u.c2135;Raven Ridge 2;2  / 4;2.4 to 3.3 GHz;Socket FP5;14 nm;4 MB;15 W;Jan 6th, 2019;AMD
Athlon PRO 300U;/cpu-specs/athlon-pro-300u.c2176;Raven Ridge 2;2  / 4;2.4 to 3.3 GHz;Socket FP5;14 nm;4 MB;15 W;Apr 8th, 2019;AMD
EPYC 7232P;/cpu-specs/epyc-7232p.c2263;Rome;8  / 16;3.1 to 3.2 GHz;Socket SP3;7 nm;32 MB;120 W;Aug 7th, 2019;AMD
EPYC 7252;/cpu-specs/epyc-7252.c2258;Rome;8  / 16;2.8 to 3.2 GHz;Socket SP3;7 nm;64 MB;120 W;Aug 7th, 2019;AMD
EPYC 7262;/cpu-specs/epyc-7262.c2257;Rome;8  / 16;3.2 to 3.4 GHz;Socket SP3;7 nm;128 MB;155 W;Aug 7th, 2019;AMD
EPYC 7272;/cpu-specs/epyc-7272.c2256;Rome;12  / 24;2.9 to 3.2 GHz;Socket SP3;7 nm;64 MB;120 W;Aug 7th, 2019;AMD
EPYC 7282;/cpu-specs/epyc-7282.c2255;Rome;16  / 32;2.8 to 3.2 GHz;Socket SP3;7 nm;64 MB;120 W;Aug 7th, 2019;AMD
EPYC 7302;/cpu-specs/epyc-7302.c2254;Rome;16  / 32;3 to 3.3 GHz;Socket SP3;7 nm;128 MB;155 W;Aug 7th, 2019;AMD
EPYC 7302P;/cpu-specs/epyc-7302p.c2262;Rome;16  / 32;3 to 3.3 GHz;Socket SP3;7 nm;128 MB;155 W;Aug 7th, 2019;AMD
EPYC 7352;/cpu-specs/epyc-7352.c2253;Rome;24  / 48;2.4 to 3.3 GHz;Socket SP3;7 nm;128 MB;155 W;Aug 7th, 2019;AMD
EPYC 7402;/cpu-specs/epyc-7402.c2252;Rome;24  / 48;2.8 to 3.35 GHz;Socket SP3;7 nm;128 MB;180 W;Aug 7th, 2019;AMD
EPYC 7402P;/cpu-specs/epyc-7402p.c2261;Rome;24  / 48;2.8 to 3.35 GHz;Socket SP3;7 nm;128 MB;180 W;Aug 7th, 2019;AMD
EPYC 7452;/cpu-specs/epyc-7452.c2251;Rome;32  / 64;2.2 to 3.35 GHz;Socket SP3;7 nm;128 MB;155 W;Aug 7th, 2019;AMD
EPYC 7502;/cpu-specs/epyc-7502.c2250;Rome;32  / 64;2.5 to 3.35 GHz;Socket SP3;7 nm;128 MB;180 W;Aug 7th, 2019;AMD
EPYC 7502P;/cpu-specs/epyc-7502p.c2260;Rome;32  / 64;2.5 to 3.35 GHz;Socket SP3;7 nm;128 MB;180 W;Aug 7th, 2019;AMD
EPYC 7542;/cpu-specs/epyc-7542.c2249;Rome;32  / 64;2.9 to 3.4 GHz;Socket SP3;7 nm;128 MB;225 W;Aug 7th, 2019;AMD
EPYC 7552;/cpu-specs/epyc-7552.c2248;Rome;48  / 96;2.2 to 3.3 GHz;Socket SP3;7 nm;192 MB;200 W;Aug 7th, 2019;AMD
EPYC 7642;/cpu-specs/epyc-7642.c2247;Rome;48  / 96;2.4 to 3.4 GHz;Socket SP3;7 nm;256 MB;225 W;Aug 7th, 2019;AMD
EPYC 7702;/cpu-specs/epyc-7702.c2246;Rome;64  / 128;2 to 3.35 GHz;Socket SP3;7 nm;256 MB;200 W;Aug 7th, 2019;AMD
EPYC 7702P;/cpu-specs/epyc-7702p.c2259;Rome;64  / 128;2 to 3.35 GHz;Socket SP3;7 nm;256 MB;200 W;Aug 7th, 2019;AMD
EPYC 7742;/cpu-specs/epyc-7742.c2245;Rome;64  / 128;2.25 to 3.4 GHz;Socket SP3;7 nm;256 MB;225 W;Aug 7th, 2019;AMD
EPYC 7H12;/cpu-specs/epyc-7h12.c2244;Rome;64  / 128;2.6 to 3.3 GHz;Socket SP3;7 nm;256 MB;280 W;Sep 18th, 2019;AMD
Ryzen 3 3200G;/cpu-specs/ryzen-3-3200g.c2205;Picasso;4 ;3.6 to 4 GHz;Socket AM4;12 nm;4 MB;65 W;Jul 7th, 2019;AMD
Ryzen 3 3200GE;/cpu-specs/ryzen-3-3200ge.c2793;Picasso;4 ;3.3 to 4 GHz;Socket AM4;12 nm;4 MB;35 W;Jul 7th, 2019;AMD
Ryzen 3 3200U;/cpu-specs/ryzen-3-3200u.c2136;Raven Ridge;2  / 4;2.6 to 3.5 GHz;Socket FP5;14 nm;4 MB;15 W;Jan 6th, 2019;AMD
Ryzen 3 3300U;/cpu-specs/ryzen-3-3300u.c2137;Picasso;4 ;2.1 to 3.5 GHz;Socket FP5;12 nm;4 MB;15 W;Jan 6th, 2019;AMD
Ryzen 3 PRO 2300U;/cpu-specs/ryzen-3-pro-2300u.c2002;Raven Ridge;4 ;2 to 3.4 GHz;Socket FP5;14 nm;4 MB;15 W;Jan 8th, 2019;AMD
Ryzen 3 PRO 3200GE;/cpu-specs/ryzen-3-pro-3200ge.c2939;Picasso;4 ;3.3 to 4 GHz;Socket AM4;12 nm;4 MB;35 W;Sep 30th, 2019;AMD
Ryzen 3 PRO 3300U;/cpu-specs/ryzen-3-pro-3300u.c2175;Picasso;4 ;2.1 to 3.5 GHz;Socket FP5;12 nm;4 MB;15 W;Apr 8th, 2019;AMD
Ryzen 5 1600AF;/cpu-specs/ryzen-5-1600af.c2652;Zen;6  / 12;3.2 to 3.6 GHz;Socket AM4;12 nm;16 MB;65 W;Oct 11th, 2019;AMD
Ryzen 5 3400G;/cpu-specs/ryzen-5-3400g.c2204;Picasso;4  / 8;3.7 to 4.2 GHz;Socket AM4;12 nm;4 MB;65 W;Jul 7th, 2019;AMD
Ryzen 5 3400GE;/cpu-specs/ryzen-5-3400ge.c2941;Picasso;4  / 8;3.3 to 4 GHz;Socket AM4;12 nm;4 MB;35 W;Jul 7th, 2019;AMD
Ryzen 5 3500U;/cpu-specs/ryzen-5-3500u.c2138;Picasso;4  / 8;2.1 to 3.7 GHz;Socket FP5;12 nm;4 MB;15 W;Jan 6th, 2019;AMD
Ryzen 5 3500X;/cpu-specs/ryzen-5-3500x.c2264;Matisse;6 ;3.6 to 4.1 GHz;Socket AM4;7 nm;32 MB;65 W;Sep 24th, 2019;AMD
Ryzen 5 3550H;/cpu-specs/ryzen-5-3550h.c2139;Picasso;4  / 8;2.1 to 3.7 GHz;Socket FP5;12 nm;4 MB;35 W;Jan 6th, 2019;AMD
Ryzen 5 3580U;/cpu-specs/ryzen-5-3580u.c2312;Picasso;4  / 8;2.1 to 3.7 GHz;Socket FP5;12 nm;4 MB;15 W;Oct 22nd, 2019;AMD
Ryzen 5 3600;/cpu-specs/ryzen-5-3600.c2132;Matisse;6  / 12;3.6 to 4.2 GHz;Socket AM4;7 nm;32 MB;65 W;Jul 7th, 2019;AMD
Ryzen 5 3600X;/cpu-specs/ryzen-5-3600x.c2131;Matisse;6  / 12;3.8 to 4.4 GHz;Socket AM4;7 nm;32 MB;95 W;Jul 7th, 2019;AMD
Ryzen 5 3600XT;/cpu-specs/ryzen-5-3600xt.c2313;Matisse 2;6  / 12;3.8 to 4.5 GHz;Socket AM4;7 nm;32 MB;95 W;Jul 7th, 2019;AMD
Ryzen 5 PRO 2500U;/cpu-specs/ryzen-5-pro-2500u.c2001;Raven Ridge;4  / 8;2 to 3.6 GHz;Socket FP5;14 nm;4 MB;15 W;Jan 8th, 2019;AMD
Ryzen 5 PRO 3400GE;/cpu-specs/ryzen-5-pro-3400ge.c2940;Picasso;4  / 8;3.3 to 4 GHz;Socket AM4;12 nm;4 MB;35 W;Sep 30th, 2019;AMD
Ryzen 5 PRO 3500U;/cpu-specs/ryzen-5-pro-3500u.c2174;Picasso;4  / 8;2.1 to 3.7 GHz;Socket FP5;12 nm;4 MB;15 W;Apr 8th, 2019;AMD
Ryzen 7 2700X 50th Anniversary;/cpu-specs/ryzen-7-2700x-50th-anniversary.c2190;Zen;8  / 16;3.7 to 4.35 GHz;Socket AM4;12 nm;16 MB;105 W;Apr 29th, 2019;AMD
Ryzen 7 3700U;/cpu-specs/ryzen-7-3700u.c2140;Picasso;4  / 8;2.3 to 4 GHz;Socket FP5;12 nm;4 MB;15 W;Jan 6th, 2019;AMD
Ryzen 7 3700X;/cpu-specs/ryzen-7-3700x.c2130;Matisse;8  / 16;3.6 to 4.4 GHz;Socket AM4;7 nm;32 MB;65 W;Jul 7th, 2019;AMD
Ryzen 7 3750H;/cpu-specs/ryzen-7-3750h.c2141;Picasso;4  / 8;2.3 to 4 GHz;Socket FP5;12 nm;4 MB;35 W;Jan 6th, 2019;AMD
Ryzen 7 3780U;/cpu-specs/ryzen-7-3780u.c2311;Picasso;4  / 8;2.3 to 4 GHz;Socket FP5;12 nm;4 MB;15 W;Oct 22nd, 2019;AMD
Ryzen 7 3800X;/cpu-specs/ryzen-7-3800x.c2129;Matisse;8  / 16;3.9 to 4.5 GHz;Socket AM4;7 nm;32 MB;105 W;Jul 7th, 2019;AMD
Ryzen 7 PRO 3700;/cpu-specs/ryzen-7-pro-3700.c3703;Matisse;8  / 16;3.6 to 4.4 GHz;Socket AM4;7 nm;32 MB;65 W;Sep 30th, 2019;AMD
Ryzen 7 PRO 3700U;/cpu-specs/ryzen-7-pro-3700u.c2173;Picasso;4  / 8;2.3 to 4 GHz;Socket FP5;12 nm;4 MB;15 W;Apr 8th, 2019;AMD
Ryzen 9 3900;/cpu-specs/ryzen-9-3900.c3704;Matisse;12  / 24;3.1 to 4.3 GHz;Socket AM4;7 nm;64 MB;65 W;Sep 24th, 2019;AMD
Ryzen 9 3900X;/cpu-specs/ryzen-9-3900x.c2128;Matisse;12  / 24;3.8 to 4.6 GHz;Socket AM4;7 nm;64 MB;105 W;Jul 7th, 2019;AMD
Ryzen 9 3950X;/cpu-specs/ryzen-9-3950x.c2203;Matisse;16  / 32;3.5 to 4.7 GHz;Socket AM4;7 nm;64 MB;105 W;Nov 25th, 2019;AMD
Ryzen Threadripper 3960X;/cpu-specs/ryzen-threadripper-3960x.c2268;Castle Peak;24  / 48;3.8 to 4.5 GHz;Socket TRX4;7 nm;128 MB;280 W;Nov 25th, 2019;AMD
Ryzen Threadripper 3970X;/cpu-specs/ryzen-threadripper-3970x.c2269;Castle Peak;32  / 64;3.7 to 4.5 GHz;Socket TRX4;7 nm;128 MB;280 W;Nov 25th, 2019;AMD
Celeron 4205U;/cpu-specs/celeron-4205u.c3603;Whiskey Lake-U;2 ;1800 MHz;BGA 1528;10 nm;2 MB;15 W;Jan 23rd, 2019;Intel
Celeron 4305U;/cpu-specs/celeron-4305u.c3602;Whiskey Lake-U;2 ;2.2 GHz;BGA 1528;10 nm;2 MB;15 W;Apr 16th, 2019;Intel
Celeron J4025;/cpu-specs/celeron-j4025.c3281;Gemini Lake;2 ;2 to 2.9 GHz;BGA 1090;14 nm;N/A;10 W;Nov 4th, 2019;Intel
Celeron J4125;/cpu-specs/celeron-j4125.c3280;Gemini Lake;4 ;2 to 2.7 GHz;BGA 1090;14 nm;N/A;10 W;Nov 4th, 2019;Intel
Core i3-1000G1;/cpu-specs/core-i3-1000g1.c2219;Ice Lake-Y;2  / 4;1.1 to 3.2 GHz;BGA 1377;10 nm;4 MB;9 W;Aug 1st, 2019;Intel
Core i3-1000G4;/cpu-specs/core-i3-1000g4.c2220;Ice Lake-Y;2  / 4;1.1 to 3.2 GHz;BGA 1377;10 nm;4 MB;9 W;Aug 1st, 2019;Intel
Core i3-1005G1;/cpu-specs/core-i3-1005g1.c2224;Ice Lake-U;2  / 4;1.2 to 3.4 GHz;BGA 1526;10 nm;4 MB;15 W;Aug 1st, 2019;Intel
Core i3-10110U;/cpu-specs/core-i3-10110u.c2234;Comet Lake-U;2  / 4;2.1 to 4.1 GHz;BGA 1440;14 nm;4 MB;25 W;Aug 21st, 2019;Intel
Core i3-10110Y;/cpu-specs/core-i3-10110y.c2230;Comet Lake-Y;2  / 4;1 to 4 GHz;BGA 1440;14 nm;4 MB;9 W;Aug 21st, 2019;Intel
Core i3-9100F;/cpu-specs/core-i3-9100f.c2187;Coffee Lake;4 ;3.6 to 4.2 GHz;Socket 1151;14 nm;6 MB;65 W;Apr 23rd, 2019;Intel
Core i3-9100HL;/cpu-specs/core-i3-9100hl.c3130;Coffee Lake;4 ;1.6 to 2.9 GHz;BGA 1440;14 nm;6 MB;25 W;Apr 1st, 2019;Intel
Core i3-9100TE;/cpu-specs/core-i3-9100te.c3129;Coffee Lake;4 ;2.2 to 3.2 GHz;Socket 1151;14 nm;6 MB;35 W;Apr 1st, 2019;Intel
Core i3-9300;/cpu-specs/core-i3-9300.c2188;Coffee Lake;4 ;3.7 to 4.3 GHz;Socket 1151;14 nm;8 MB;62 W;Apr 23rd, 2019;Intel
Core i3-9320;/cpu-specs/core-i3-9320.c2189;Coffee Lake;4 ;3.7 to 4.4 GHz;Socket 1151;14 nm;8 MB;62 W;Apr 23rd, 2019;Intel
Core i3-9350K;/cpu-specs/core-i3-9350k.c2186;Coffee Lake;4 ;4 to 4.6 GHz;Socket 1151;14 nm;8 MB;91 W;Apr 23rd, 2019;Intel
Core i3-9350KF;/cpu-specs/core-i3-9350kf.c2146;Coffee Lake;4 ;4 to 4.6 GHz;Socket 1151;14 nm;8 MB;91 W;Jan 8th, 2019;Intel
Core i5-10210U;/cpu-specs/core-i5-10210u.c2235;Comet Lake-U;4  / 8;1.6 to 4.2 GHz;BGA 1440;14 nm;6 MB;25 W;Aug 21st, 2019;Intel
Core i5-10210Y;/cpu-specs/core-i5-10210y.c2231;Comet Lake-Y;4  / 8;1 to 4 GHz;BGA 1440;14 nm;6 MB;9 W;Aug 21st, 2019;Intel
Core i5-1030G4;/cpu-specs/core-i5-1030g4.c2221;Ice Lake-Y;4  / 8;0.7 to 3.5 GHz;BGA 1440;10 nm;6 MB;9 W;Aug 1st, 2019;Intel
Core i5-1030G7;/cpu-specs/core-i5-1030g7.c2222;Ice Lake-Y;4  / 8;0.8 to 3.5 GHz;BGA 1440;10 nm;6 MB;9 W;Aug 1st, 2019;Intel
Core i5-10310Y;/cpu-specs/core-i5-10310y.c2232;Comet Lake-Y;4  / 8;1.1 to 4.1 GHz;BGA 1440;14 nm;6 MB;9 W;Aug 21st, 2019;Intel
Core i5-1035G1;/cpu-specs/core-i5-1035g1.c2225;Ice Lake-U;4  / 8;1 to 3.6 GHz;BGA 1526;10 nm;6 MB;15 W;Aug 1st, 2019;Intel
Core i5-1035G4;/cpu-specs/core-i5-1035g4.c2226;Ice Lake-U;4  / 8;1.1 to 3.7 GHz;BGA 1526;10 nm;6 MB;15 W;Aug 1st, 2019;Intel
Core i5-1035G7;/cpu-specs/core-i5-1035g7.c2227;Ice Lake-U;4  / 8;1.2 to 3.7 GHz;BGA 1526;10 nm;6 MB;15 W;Aug 1st, 2019;Intel
Core i5-8279U;/cpu-specs/core-i5-8279u.c3264;Coffee Lake-U;4  / 8;2.4 to 4.1 GHz;BGA 1526;14 nm;6 MB;28 W;Apr 3rd, 2019;Intel
Core i5-8365U;/cpu-specs/core-i5-8365u.c3598;Whiskey Lake-U;4  / 8;1.6 to 4.1 GHz;BGA 1528;14 nm;6 MB;15 W;Apr 16th, 2019;Intel
Core i5-8365UE;/cpu-specs/core-i5-8365ue.c3600;Whiskey Lake-U;4  / 8;1.6 to 4.1 GHz;BGA 1528;14 nm;6 MB;15 W;Apr 16th, 2019;Intel
Core i5-9400F;/cpu-specs/core-i5-9400f.c2145;Coffee Lake;6 ;2.9 to 4.1 GHz;Socket 1151;14 nm;9 MB;65 W;Jan 8th, 2019;Intel
Core i5-9500F;/cpu-specs/core-i5-9500f.c2185;Coffee Lake;6 ;3 to 4.4 GHz;Socket 1151;14 nm;9 MB;65 W;Apr 23rd, 2019;Intel
Core i5-9600KF;/cpu-specs/core-i5-9600kf.c2144;Coffee Lake;6 ;3.7 to 4.6 GHz;Socket 1151;14 nm;9 MB;95 W;Jan 8th, 2019;Intel
Core i7-10510U;/cpu-specs/core-i7-10510u.c2236;Comet Lake-U;4  / 8;1.8 to 4.9 GHz;BGA 1440;14 nm;8 MB;25 W;Aug 21st, 2019;Intel
Core i7-10510Y;/cpu-specs/core-i7-10510y.c2233;Comet Lake-Y;4  / 8;1.2 to 4.5 GHz;BGA 1440;14 nm;8 MB;9 W;Aug 21st, 2019;Intel
Core i7-1060G7;/cpu-specs/core-i7-1060g7.c2223;Ice Lake-Y;4  / 8;1 to 3.8 GHz;BGA 1440;10 nm;8 MB;9 W;Aug 1st, 2019;Intel
Core i7-1065G7;/cpu-specs/core-i7-1065g7.c2228;Ice Lake-U;4  / 8;1.3 to 3.9 GHz;BGA 1526;10 nm;8 MB;15 W;Aug 1st, 2019;Intel
Core i7-1068NG7;/cpu-specs/core-i7-1068ng7.c2229;Ice Lake-U;4  / 8;2.3 to 4.1 GHz;BGA 1344;10 nm;8 MB;28 W;Aug 1st, 2019;Intel
Core i7-10710U;/cpu-specs/core-i7-10710u.c2237;Comet Lake-U;6  / 12;1.1 to 4.7 GHz;BGA 1440;14 nm;12 MB;25 W;Aug 21st, 2019;Intel
Core i7-9700;/cpu-specs/core-i7-9700.c2183;Coffee Lake;8 ;3 to 4.7 GHz;Socket 1151;14 nm;12 MB;65 W;Apr 23rd, 2019;Intel
Core i7-9700E;/cpu-specs/core-i7-9700e.c3122;Coffee Lake;8 ;2.6 to 4.4 GHz;Socket 1151;14 nm;12 MB;65 W;Apr 23rd, 2019;Intel
Core i7-9700F;/cpu-specs/core-i7-9700f.c2184;Coffee Lake;8 ;3 to 4.7 GHz;Socket 1151;14 nm;12 MB;65 W;Apr 23rd, 2019;Intel
Core i7-9700KF;/cpu-specs/core-i7-9700kf.c2125;Coffee Lake;8 ;3.6 to 4.9 GHz;Socket 1151;14 nm;12 MB;95 W;Jan 8th, 2019;Intel
Core i7-9700T;/cpu-specs/core-i7-9700t.c3121;Coffee Lake;8 ;2 to 4.3 GHz;Socket 1151;14 nm;12 MB;35 W;Apr 23rd, 2019;Intel
Core i7-9750H;/cpu-specs/core-i7-9750h.c2290;Coffee Lake-HR;6  / 12;2.6 to 4.5 GHz;BGA 1440;14 nm;12 MB;45 W;Apr 23rd, 2019;Intel
Core i7-9750HF;/cpu-specs/core-i7-9750hf.c2291;Coffee Lake-HR;6  / 12;2.6 to 4.5 GHz;BGA 1440;14 nm;12 MB;45 W;Apr 23rd, 2019;Intel
Core i7-9850H;/cpu-specs/core-i7-9850h.c2292;Coffee Lake-HR;6  / 12;2.6 to 4.6 GHz;BGA 1440;14 nm;12 MB;45 W;Apr 23rd, 2019;Intel
Core i7-9850HE;/cpu-specs/core-i7-9850he.c2293;Coffee Lake-HR;6  / 12;2.7 to 4.4 GHz;BGA 1440;14 nm;9 MB;45 W;Jun 2019;Intel
Core i7-9850HL;/cpu-specs/core-i7-9850hl.c2294;Coffee Lake-HR;6  / 12;1.9 to 4.1 GHz;BGA 1440;14 nm;9 MB;25 W;Jun 2019;Intel
Core i9-10900X;/cpu-specs/core-i9-10900x.c2240;Cascade Lake-X;10  / 20;3.7 to 4.7 GHz;Socket 2066;14 nm;19.25 MB;165 W;Oct 19th, 2019;Intel
Core i9-10920X;/cpu-specs/core-i9-10920x.c2241;Cascade Lake-X;12  / 24;3.5 to 4.8 GHz;Socket 2066;14 nm;19.25 MB;165 W;Oct 19th, 2019;Intel
Core i9-10940X;/cpu-specs/core-i9-10940x.c2239;Cascade Lake-X;14  / 28;3.3 to 4.8 GHz;Socket 2066;14 nm;19.25 MB;165 W;Oct 19th, 2019;Intel
Core i9-10980XE;/cpu-specs/core-i9-10980xe.c2238;Cascade Lake-X;18  / 36;3 to 4.8 GHz;Socket 2066;14 nm;24.75 MB;165 W;Oct 19th, 2019;Intel
Core i9-9880H;/cpu-specs/core-i9-9880h.c2289;Coffee Lake-HR;8  / 16;2.3 to 4.8 GHz;BGA 1440;14 nm;16 MB;45 W;Apr 23rd, 2019;Intel
Core i9-9900;/cpu-specs/core-i9-9900.c2182;Coffee Lake-R;8  / 16;3.1 to 5 GHz;Socket 1151;14 nm;16 MB;65 W;Apr 23rd, 2019;Intel
Core i9-9900KF;/cpu-specs/core-i9-9900kf.c2124;Coffee Lake-R;8  / 16;3.6 to 5 GHz;Socket 1151;14 nm;16 MB;95 W;Jan 8th, 2019;Intel
Core i9-9900KS;/cpu-specs/core-i9-9900ks.c2242;Coffee Lake-R;8  / 16;4 to 5 GHz;Socket 1151;14 nm;16 MB;127 W;Oct 28th, 2019;Intel
Core i9-9900T;/cpu-specs/core-i9-9900t.c3123;Coffee Lake-R;8  / 16;2.1 to 4.4 GHz;Socket 1151;14 nm;16 MB;35 W;Apr 23rd, 2019;Intel
Core i9-9980HK;/cpu-specs/core-i9-9980hk.c2288;Coffee Lake-HR;8  / 16;2.4 to 5 GHz;BGA 1440;14 nm;16 MB;45 W;Apr 23rd, 2019;Intel
Pentium Gold 5405U;/cpu-specs/pentium-gold-5405u.c3601;Whiskey Lake-U;2  / 4;2.3 GHz;BGA 1528;10 nm;2 MB;15 W;Jan 23rd, 2019;Intel
Pentium Gold G5620;/cpu-specs/pentium-gold-g5620.c2160;Coffee Lake;2  / 4;4 GHz;Socket 1151;14 nm;4 MB;54 W;Feb 20th, 2019;Intel
Pentium Silver J5040;/cpu-specs/pentium-silver-j5040.c3278;Gemini Lake;4 ;2 to 3.2 GHz;BGA 1090;14 nm;N/A;10 W;Nov 4th, 2019;Intel
Xeon E-2224;/cpu-specs/xeon-e-2224.c3544;Coffee Lake-S WS;4 ;3.4 to 4.6 GHz;Socket 1151;14 nm;8 MB;71 W;May 29th, 2019;Intel
Xeon E-2224G;/cpu-specs/xeon-e-2224g.c3543;Coffee Lake-S WS;4 ;3.5 to 4.7 GHz;Socket 1151;14 nm;8 MB;71 W;May 29th, 2019;Intel
Xeon E-2226G;/cpu-specs/xeon-e-2226g.c3542;Coffee Lake-S WS;6 ;3.4 to 4.7 GHz;Socket 1151;14 nm;12 MB;80 W;May 29th, 2019;Intel
Xeon E-2226GE;/cpu-specs/xeon-e-2226ge.c3485;Coffee Lake-S WS;6 ;3.4 to 4.6 GHz;Socket 1151;14 nm;12 MB;80 W;Jun 11th, 2019;Intel
Xeon E-2234;/cpu-specs/xeon-e-2234.c3541;Coffee Lake-S WS;4  / 8;3.6 to 4.8 GHz;Socket 1151;14 nm;8 MB;71 W;May 29th, 2019;Intel
Xeon E-2236;/cpu-specs/xeon-e-2236.c3540;Coffee Lake-S WS;6  / 12;3.4 to 4.8 GHz;Socket 1151;14 nm;12 MB;80 W;May 29th, 2019;Intel
Xeon E-2244G;/cpu-specs/xeon-e-2244g.c3539;Coffee Lake-S WS;4  / 8;3.8 to 4.8 GHz;Socket 1151;14 nm;8 MB;71 W;May 29th, 2019;Intel
Xeon E-2246G;/cpu-specs/xeon-e-2246g.c3538;Coffee Lake-S WS;6  / 12;3.6 to 4.8 GHz;Socket 1151;14 nm;12 MB;80 W;May 29th, 2019;Intel
Xeon E-2274G;/cpu-specs/xeon-e-2274g.c3536;Coffee Lake-S WS;4  / 8;4 to 4.9 GHz;Socket 1151;14 nm;8 MB;83 W;May 29th, 2019;Intel
Xeon E-2276G;/cpu-specs/xeon-e-2276g.c3535;Coffee Lake-S WS;6  / 12;3.8 to 4.9 GHz;Socket 1151;14 nm;12 MB;80 W;May 29th, 2019;Intel
Xeon E-2276M;/cpu-specs/xeon-e-2276m.c3547;Coffee Lake-H;6  / 12;2.8 to 4.7 GHz;BGA 1440;14 nm;12 MB;45 W;May 29th, 2019;Intel
Xeon E-2278G;/cpu-specs/xeon-e-2278g.c3537;Coffee Lake-S WS;8  / 16;3.4 to 5 GHz;Socket 1151;14 nm;16 MB;95 W;May 29th, 2019;Intel
Xeon E-2278GE;/cpu-specs/xeon-e-2278ge.c3486;Coffee Lake-S WS;8  / 16;3.3 to 4.7 GHz;Socket 1151;14 nm;16 MB;80 W;Jun 11th, 2019;Intel
Xeon E-2278GEL;/cpu-specs/xeon-e-2278gel.c3487;Coffee Lake-S WS;8  / 16;2 to 3.9 GHz;Socket 1151;14 nm;16 MB;35 W;Jun 11th, 2019;Intel
Xeon E-2286G;/cpu-specs/xeon-e-2286g.c3533;Coffee Lake-S WS;6  / 12;4 to 4.9 GHz;Socket 1151;14 nm;12 MB;95 W;May 29th, 2019;Intel
Xeon E-2286M;/cpu-specs/xeon-e-2286m.c3548;Coffee Lake-H;8  / 16;2.4 to 5 GHz;BGA 1440;14 nm;16 MB;45 W;May 29th, 2019;Intel
Xeon E-2288G;/cpu-specs/xeon-e-2288g.c3534;Coffee Lake-S WS;8  / 16;3.7 to 5 GHz;Socket 1151;14 nm;16 MB;95 W;May 29th, 2019;Intel
Xeon Platinum 9221;/cpu-specs/xeon-platinum-9221.c2168;Cascade Lake-AP;32  / 64;2.1 to 3.7 GHz;BGA 5903;14 nm;71.5 MB;250 W;Apr 2nd, 2019;Intel
Xeon Platinum 9222;/cpu-specs/xeon-platinum-9222.c2167;Cascade Lake-AP;32  / 64;2.3 to 3.7 GHz;BGA 5903;14 nm;71.5 MB;250 W;Apr 2nd, 2019;Intel
Xeon Platinum 9242;/cpu-specs/xeon-platinum-9242.c2166;Cascade Lake-AP;48  / 96;2.3 to 3.8 GHz;BGA 5903;14 nm;71.5 MB;350 W;Apr 2nd, 2019;Intel
Xeon Platinum 9282;/cpu-specs/xeon-platinum-9282.c2165;Cascade Lake-AP;56  / 112;2.6 to 3.8 GHz;BGA 5903;14 nm;77 MB;400 W;Apr 2nd, 2019;Intel
Xeon W-3175X;/cpu-specs/xeon-w-3175x.c2116;Skylake-W;28  / 56;3.1 to 4.3 GHz;Socket 3647;14 nm;38.5 MB;255 W;Jan 30th, 2019;Intel
A6-7480;/cpu-specs/a6-7480.c2614;Carrizo;2 ;3.5 to 3.8 GHz;Socket FM2+;28 nm;N/A;45 W;Oct 26th, 2018;AMD
A8-7680;/cpu-specs/a8-7680.c2120;Carrizo;4 ;3.5 to 3.8 GHz;Socket FM2+;28 nm;N/A;45 W;Oct 26th, 2018;AMD
Athlon 200GE;/cpu-specs/athlon-200ge.c2073;Zen;2  / 4;3.2 GHz;Socket AM4;14 nm;4 MB;35 W;Sep 6th, 2018;AMD
Athlon 220GE;/cpu-specs/athlon-220ge.c2122;Zen;2  / 4;3.4 GHz;Socket AM4;14 nm;4 MB;35 W;Dec 21st, 2018;AMD
Athlon 240GE;/cpu-specs/athlon-240ge.c2127;Zen;2  / 4;3.5 GHz;Socket AM4;14 nm;4 MB;35 W;Dec 21st, 2018;AMD
Athlon PRO 200GE;/cpu-specs/athlon-pro-200ge.c2074;Zen;2  / 4;3.2 GHz;Socket AM4;14 nm;4 MB;35 W;Sep 18th, 2018;AMD
EPYC 7261;/cpu-specs/epyc-7261.c2299;Naples;8  / 16;2.5 to 2.9 GHz;Socket SP3;14 nm;32 MB;170 W;Jun 14th, 2018;AMD
EPYC 7371;/cpu-specs/epyc-7371.c2121;Naples;16  / 32;3.1 to 3.8 GHz;Socket SP3;14 nm;64 MB;170 W;Nov 16th, 2018;AMD
EPYC Embedded 3101;/cpu-specs/epyc-embedded-3101.c3199;Zen;4 ;2.1 to 2.9 GHz;BGA SP4r2;14 nm;8 MB;35 W;Feb 21st, 2018;AMD
EPYC Embedded 3151;/cpu-specs/epyc-embedded-3151.c3200;Zen;4  / 8;2.7 to 2.9 GHz;BGA SP4r2;14 nm;16 MB;45 W;Feb 21st, 2018;AMD
EPYC Embedded 3201;/cpu-specs/epyc-embedded-3201.c3201;Zen;8 ;1.5 to 3.1 GHz;BGA SP4r2;14 nm;16 MB;30 W;Feb 21st, 2018;AMD
EPYC Embedded 3251;/cpu-specs/epyc-embedded-3251.c2009;Zen;8  / 16;2.5 to 3.1 GHz;BGA SP4r2;14 nm;16 MB;55 W;Feb 21st, 2018;AMD
EPYC Embedded 3255;/cpu-specs/epyc-embedded-3255.c3202;Zen;8  / 16;2.5 to 3.1 GHz;BGA SP4r2;14 nm;16 MB;55 W;Feb 21st, 2018;AMD
EPYC Embedded 3351;/cpu-specs/epyc-embedded-3351.c3203;Zen;12  / 24;1.9 to 3 GHz;BGA SP4r2;14 nm;32 MB;80 W;Feb 21st, 2018;AMD
EPYC Embedded 3451;/cpu-specs/epyc-embedded-3451.c3204;Zen;16  / 32;2.15 to 3 GHz;BGA SP4r2;14 nm;32 MB;100 W;Feb 21st, 2018;AMD
GX-212JJ;/cpu-specs/gx-212jj.c3672;Prairie Falcon;2 ;1200 to 1600 MHz;Socket FP4;28 nm;N/A;6 W;Jun 2018;AMD
GX-220IJ;/cpu-specs/gx-220ij.c3675;Prairie Falcon;2 ;2 to 2.2 GHz;Socket FP4;28 nm;N/A;10 W;Jun 2018;AMD
PRO A6-8570;/cpu-specs/pro-a6-8570.c2620;Carrizo;2 ;3.5 to 3.8 GHz;Socket AM4;28 nm;N/A;65 W;Oct 2018;AMD
PRO A6-8570E;/cpu-specs/pro-a6-8570e.c2621;Carrizo;2 ;3 to 3.4 GHz;Socket AM4;28 nm;N/A;65 W;Oct 2018;AMD
Ryzen 3 2200G;/cpu-specs/ryzen-3-2200g.c1978;Raven Ridge;4 ;3.5 to 3.7 GHz;Socket AM4;14 nm;4 MB;65 W;Feb 12th, 2018;AMD
Ryzen 3 2200GE;/cpu-specs/ryzen-3-2200ge.c2938;Raven Ridge;4 ;3.2 to 3.6 GHz;Socket AM4;14 nm;4 MB;35 W;Apr 19th, 2018;AMD
Ryzen 3 2200U;/cpu-specs/ryzen-3-2200u.c1983;Raven Ridge;2  / 4;2.5 to 3.4 GHz;Socket FP5;14 nm;4 MB;15 W;Jan 8th, 2018;AMD
Ryzen 3 2300U;/cpu-specs/ryzen-3-2300u.c1977;Raven Ridge;4 ;2 to 3.4 GHz;Socket FP5;14 nm;4 MB;15 W;Jan 8th, 2018;AMD
Ryzen 3 2300X;/cpu-specs/ryzen-3-2300x.c2080;Zen;4 ;3.5 to 4 GHz;Socket AM4;12 nm;4 MB;65 W;Sep 10th, 2018;AMD
Ryzen 3 PRO 2200GE;/cpu-specs/ryzen-3-pro-2200ge.c2937;Raven Ridge;4 ;3.2 to 3.6 GHz;Socket AM4;14 nm;4 MB;35 W;May 10th, 2018;AMD
Ryzen 5 2400G;/cpu-specs/ryzen-5-2400g.c1976;Raven Ridge;4  / 8;3.6 to 3.9 GHz;Socket AM4;14 nm;4 MB;65 W;Feb 12th, 2018;AMD
Ryzen 5 2400GE;/cpu-specs/ryzen-5-2400ge.c2936;Raven Ridge;4  / 8;3.2 to 3.8 GHz;Socket AM4;14 nm;4 MB;35 W;Apr 19th, 2018;AMD
Ryzen 5 2500X;/cpu-specs/ryzen-5-2500x.c2100;Zen;4  / 8;3.6 to 4 GHz;Socket AM4;12 nm;8 MB;65 W;Sep 10th, 2018;AMD
Ryzen 5 2600;/cpu-specs/ryzen-5-2600.c2015;Zen;6  / 12;3.4 to 3.9 GHz;Socket AM4;12 nm;16 MB;65 W;Apr 19th, 2018;AMD
Ryzen 5 2600E;/cpu-specs/ryzen-5-2600e.c2108;Zen;6  / 12;3.1 to 4 GHz;Socket AM4;12 nm;16 MB;65 W;Sep 19th, 2018;AMD
Ryzen 5 2600H;/cpu-specs/ryzen-5-2600h.c2077;Raven Ridge;4  / 8;3.3 to 3.6 GHz;Socket FP5;14 nm;4 MB;15 W;May 30th, 2018;AMD
Ryzen 5 2600X;/cpu-specs/ryzen-5-2600x.c2014;Zen;6  / 12;3.6 to 4.25 GHz;Socket AM4;12 nm;16 MB;95 W;Apr 19th, 2018;AMD
Ryzen 5 PRO 2400G;/cpu-specs/ryzen-5-pro-2400g.c2075;Raven Ridge;4  / 8;3.6 to 3.9 GHz;Socket AM4;14 nm;4 MB;65 W;May 10th, 2018;AMD
Ryzen 5 PRO 2400GE;/cpu-specs/ryzen-5-pro-2400ge.c2935;Raven Ridge;4  / 8;3.2 to 3.8 GHz;Socket AM4;14 nm;4 MB;35 W;May 10th, 2018;AMD
Ryzen 5 PRO 2600;/cpu-specs/ryzen-5-pro-2600.c2106;Zen;6  / 12;3.4 to 3.9 GHz;Socket AM4;12 nm;16 MB;65 W;Sep 19th, 2018;AMD
Ryzen 7 2700;/cpu-specs/ryzen-7-2700.c2013;Zen;8  / 16;3.2 to 4.1 GHz;Socket AM4;12 nm;16 MB;65 W;Apr 19th, 2018;AMD
Ryzen 7 2700E;/cpu-specs/ryzen-7-2700e.c2107;Zen;8  / 16;2.8 to 4 GHz;Socket AM4;12 nm;16 MB;65 W;Sep 19th, 2018;AMD
Ryzen 7 2700X;/cpu-specs/ryzen-7-2700x.c2011;Zen;8  / 16;3.7 to 4.35 GHz;Socket AM4;12 nm;16 MB;105 W;Apr 19th, 2018;AMD
Ryzen 7 2800H;/cpu-specs/ryzen-7-2800h.c2076;Raven Ridge;4  / 8;3.4 to 3.8 GHz;Socket FP5;14 nm;4 MB;15 W;May 30th, 2018;AMD
Ryzen 7 PRO 2700;/cpu-specs/ryzen-7-pro-2700.c2105;Zen;8  / 16;3.2 to 4.1 GHz;Socket AM4;12 nm;16 MB;65 W;Sep 19th, 2018;AMD
Ryzen 7 PRO 2700X;/cpu-specs/ryzen-7-pro-2700x.c2104;Zen;8  / 16;3.6 to 4.1 GHz;Socket AM4;12 nm;16 MB;95 W;Sep 19th, 2018;AMD
Ryzen Embedded V1202B;/cpu-specs/ryzen-embedded-v1202b.c2066;Zen;2  / 4;2.3 to 3.2 GHz;Socket FP5;14 nm;2 MB;15 W;Feb 21st, 2018;AMD
Ryzen Embedded V1605B;/cpu-specs/ryzen-embedded-v1605b.c2064;Zen;4  / 8;2 to 3.6 GHz;Socket FP5;14 nm;2 MB;15 W;Feb 21st, 2018;AMD
Ryzen Embedded V1756B;/cpu-specs/ryzen-embedded-v1756b.c2065;Zen;4  / 8;3.25 to 3.6 GHz;Socket FP5;14 nm;2 MB;45 W;Feb 21st, 2018;AMD
Ryzen Embedded V1807B;/cpu-specs/ryzen-embedded-v1807b.c2010;Zen;4  / 8;3.35 to 3.8 GHz;Socket FP5;14 nm;2 MB;45 W;Feb 21st, 2018;AMD
Ryzen Threadripper 2920X;/cpu-specs/ryzen-threadripper-2920x.c2099;Colfax;12  / 24;3.5 to 4.3 GHz;Socket SP3r2;12 nm;32 MB;180 W;Oct 3rd, 2018;AMD
Ryzen Threadripper 2950X;/cpu-specs/ryzen-threadripper-2950x.c2067;Colfax;16  / 32;3.5 to 4.4 GHz;Socket SP3r2;12 nm;32 MB;180 W;Aug 31st, 2018;AMD
Ryzen Threadripper 2970WX;/cpu-specs/ryzen-threadripper-2970wx.c2068;Colfax;24  / 48;3 to 4.2 GHz;Socket SP3r2;12 nm;64 MB;250 W;Oct 2nd, 2018;AMD
Ryzen Threadripper 2990WX;/cpu-specs/ryzen-threadripper-2990wx.c2069;Colfax;32  / 64;3 to 4.2 GHz;Socket SP3r2;12 nm;64 MB;250 W;Aug 13th, 2018;AMD
Celeron 4305UE;/cpu-specs/celeron-4305ue.c3604;Whiskey Lake-U;2 ;2000 MHz;BGA 1528;10 nm;2 MB;15 W;Oct 1st, 2018;Intel
Celeron G4900;/cpu-specs/celeron-g4900.c1990;Coffee Lake;2 ;3.1 GHz;Socket 1151;14 nm;2 MB;54 W;Apr 3rd, 2018;Intel
Celeron G4900T;/cpu-specs/celeron-g4900t.c3126;Coffee Lake;2 ;2.9 GHz;Socket 1151;14 nm;2 MB;35 W;Apr 3rd, 2018;Intel
Celeron G4920;/cpu-specs/celeron-g4920.c1989;Coffee Lake;2 ;3.2 GHz;Socket 1151;14 nm;6 MB;54 W;Apr 3rd, 2018;Intel
Core i3-8020;/cpu-specs/core-i3-8020.c2088;Coffee Lake;4 ;3.7 GHz;Socket 1151;14 nm;6 MB;51 W;Sep 1st, 2018;Intel
Core i3-8100F;/cpu-specs/core-i3-8100f.c2087;Coffee Lake;4 ;3.6 GHz;Socket 1151;14 nm;6 MB;65 W;Sep 1st, 2018;Intel
Core i3-8100T;/cpu-specs/core-i3-8100t.c2016;Coffee Lake;4 ;3.1 GHz;Socket 1151;14 nm;6 MB;35 W;Apr 2nd, 2018;Intel
Core i3-8109U;/cpu-specs/core-i3-8109u.c2023;Kaby Lake-R;2  / 4;3 to 3.6 GHz;BGA 1356;14 nm;4 MB;28 W;Apr 5th, 2018;Intel
Core i3-8120;/cpu-specs/core-i3-8120.c2089;Coffee Lake;4 ;3.7 GHz;Socket 1151;14 nm;6 MB;65 W;Sep 1st, 2018;Intel
Core i3-8121U;/cpu-specs/core-i3-8121u.c2070;Cannon Lake;2  / 4;2.2 to 3.2 GHz;BGA 1440;10 nm;4 MB;15 W;May 5th, 2018;Intel
Core i3-8130U;/cpu-specs/core-i3-8130u.c1996;Kaby Lake-R;2  / 4;2.4 to 3.4 GHz;BGA 1356;14 nm;4 MB;15 W;Feb 13th, 2018;Intel
Core i3-8145U;/cpu-specs/core-i3-8145u.c2101;Whiskey Lake-U;2  / 4;2.1 to 3.9 GHz;BGA 1528;10 nm;4 MB;15 W;Oct 1st, 2018;Intel
Core i3-8145UE;/cpu-specs/core-i3-8145ue.c3599;Whiskey Lake-U;2  / 4;2.2 to 3.9 GHz;BGA 1528;10 nm;4 MB;15 W;Oct 1st, 2018;Intel
Core i3-8300;/cpu-specs/core-i3-8300.c1965;Coffee Lake;4 ;3.7 GHz;Socket 1151;14 nm;8 MB;62 W;Feb 14th, 2018;Intel
Core i3-8300T;/cpu-specs/core-i3-8300t.c2017;Coffee Lake;4 ;3.2 GHz;Socket 1151;14 nm;8 MB;35 W;Apr 2nd, 2018;Intel
Core i3-9000;/cpu-specs/core-i3-9000.c2095;Coffee Lake;4 ;3.7 GHz;Socket 1151;14 nm;6 MB;65 W;Sep 1st, 2018;Intel
Core i3-9100;/cpu-specs/core-i3-9100.c2096;Coffee Lake;4 ;3.6 to 4.2 GHz;Socket 1151;14 nm;6 MB;65 W;Sep 1st, 2018;Intel
Core i3-9100E;/cpu-specs/core-i3-9100e.c3128;Coffee Lake;4 ;3.1 to 3.7 GHz;Socket 1151;14 nm;6 MB;65 W;Sep 1st, 2018;Intel
Core i3-9100T;/cpu-specs/core-i3-9100t.c3127;Coffee Lake;4 ;3.1 to 3.7 GHz;Socket 1151;14 nm;6 MB;35 W;Sep 1st, 2018;Intel
Core i5-8259U;/cpu-specs/core-i5-8259u.c2024;Coffee Lake-U;4  / 8;2.3 to 3.8 GHz;BGA 1526;14 nm;6 MB;28 W;Apr 5th, 2018;Intel
Core i5-8265U;/cpu-specs/core-i5-8265u.c2102;Whiskey Lake-U;4  / 8;1.6 to 3.9 GHz;BGA 1528;14 nm;6 MB;15 W;Oct 1st, 2018;Intel
Core i5-8269U;/cpu-specs/core-i5-8269u.c2025;Kaby Lake-R;4  / 8;2.6 to 4.2 GHz;BGA 1356;14 nm;6 MB;28 W;Apr 5th, 2018;Intel
Core i5-8300H;/cpu-specs/core-i5-8300h.c1994;Coffee Lake-H;4  / 8;2.3 to 3.9 GHz;BGA 1440;14 nm;12 MB;45 W;Apr 2nd, 2018;Intel
Core i5-8305G;/cpu-specs/core-i5-8305g.c1982;Kaby Lake G;4  / 8;2.8 to 3.8 GHz;BGA 2270;14 nm;6 MB;65 W;Feb 1st, 2018;Intel
Core i5-8400H;/cpu-specs/core-i5-8400h.c1993;Coffee Lake-H;4  / 8;2.5 to 4.1 GHz;BGA 1440;14 nm;12 MB;45 W;Apr 2nd, 2018;Intel
Core i5-8400T;/cpu-specs/core-i5-8400t.c2018;Coffee Lake;6 ;1.7 to 3.3 GHz;Socket 1151;14 nm;9 MB;35 W;Apr 2nd, 2018;Intel
Core i5-8420;/cpu-specs/core-i5-8420.c2083;Coffee Lake;6 ;2.9 to 4.1 GHz;Socket 1151;14 nm;9 MB;65 W;Sep 1st, 2018;Intel
Core i5-8420T;/cpu-specs/core-i5-8420t.c2084;Coffee Lake;6 ;1.8 to 3.4 GHz;Socket 1151;14 nm;9 MB;35 W;Sep 1st, 2018;Intel
Core i5-8500;/cpu-specs/core-i5-8500.c1984;Coffee Lake;6 ;3 to 4.1 GHz;Socket 1151;14 nm;9 MB;65 W;Feb 14th, 2018;Intel
Core i5-8500B;/cpu-specs/core-i5-8500b.c2896;Coffee Lake;6 ;3 to 4.1 GHz;BGA 1440;14 nm;9 MB;65 W;Apr 3rd, 2018;Intel
Core i5-8500T;/cpu-specs/core-i5-8500t.c2019;Coffee Lake;6 ;2.1 to 3.5 GHz;Socket 1151;14 nm;9 MB;35 W;Apr 2nd, 2018;Intel
Core i5-8550;/cpu-specs/core-i5-8550.c2085;Coffee Lake;6 ;3 to 4.3 GHz;Socket 1151;14 nm;9 MB;65 W;Sep 1st, 2018;Intel
Core i5-8600;/cpu-specs/core-i5-8600.c1985;Coffee Lake;6 ;3.1 to 4.3 GHz;Socket 1151;14 nm;9 MB;65 W;Feb 14th, 2018;Intel
Core i5-8600T;/cpu-specs/core-i5-8600t.c2020;Coffee Lake;6 ;2.3 to 3.7 GHz;Socket 1151;14 nm;9 MB;35 W;Apr 2nd, 2018;Intel
Core i5-8650;/cpu-specs/core-i5-8650.c2082;Coffee Lake;6 ;3.1 to 4.5 GHz;Socket 1151;14 nm;9 MB;65 W;Sep 1st, 2018;Intel
Core i5-8650K;/cpu-specs/core-i5-8650k.c2081;Coffee Lake;6 ;3.7 to 4.5 GHz;Socket 1151;14 nm;9 MB;95 W;Sep 1st, 2018;Intel
Core i5-9400;/cpu-specs/core-i5-9400.c2092;Coffee Lake;6 ;2.9 to 4.1 GHz;Socket 1151;14 nm;9 MB;65 W;Oct 19th, 2018;Intel
Core i5-9400T;/cpu-specs/core-i5-9400t.c2093;Coffee Lake;6 ;1.8 to 3.4 GHz;Socket 1151;14 nm;9 MB;35 W;Sep 1st, 2018;Intel
Core i5-9500;/cpu-specs/core-i5-9500.c2094;Coffee Lake;6 ;3 to 4.3 GHz;Socket 1151;14 nm;9 MB;65 W;Oct 19th, 2018;Intel
Core i5-9500T;/cpu-specs/core-i5-9500t.c3251;Coffee Lake;6 ;2.2 to 3.7 GHz;Socket 1151;14 nm;9 MB;35 W;Apr 1st, 2018;Intel
Core i5-9600;/cpu-specs/core-i5-9600.c2091;Coffee Lake;6 ;3.1 to 4.5 GHz;Socket 1151;14 nm;9 MB;65 W;Oct 19th, 2018;Intel
Core i5-9600K;/cpu-specs/core-i5-9600k.c2090;Coffee Lake;6 ;3.7 to 4.6 GHz;Socket 1151;14 nm;9 MB;95 W;Oct 19th, 2018;Intel
Core i7-8086K;/cpu-specs/core-i7-8086k.c2054;Coffee Lake;6  / 12;4 to 5 GHz;Socket 1151;14 nm;12 MB;95 W;Jun 5th, 2018;Intel
Core i7-8559U;/cpu-specs/core-i7-8559u.c2026;Kaby Lake-R;4  / 8;2.7 to 4.5 GHz;BGA 1356;14 nm;8 MB;28 W;Apr 5th, 2018;Intel
Core i7-8560U;/cpu-specs/core-i7-8560u.c3605;Whiskey Lake-U;4  / 8;1.8 to 4.6 GHz;BGA 1528;14 nm;8 MB;15 W;Oct 1st, 2018;Intel
Core i7-8565U;/cpu-specs/core-i7-8565u.c2103;Whiskey Lake-U;4  / 8;1.8 to 4.6 GHz;BGA 1528;14 nm;8 MB;15 W;Oct 1st, 2018;Intel
Core i7-8665U;/cpu-specs/core-i7-8665u.c3596;Whiskey Lake-U;4  / 8;1.9 to 4.8 GHz;BGA 1528;14 nm;8 MB;15 W;Oct 1st, 2018;Intel
Core i7-8665UE;/cpu-specs/core-i7-8665ue.c3597;Whiskey Lake-U;4  / 8;1.7 to 4.4 GHz;BGA 1528;14 nm;8 MB;15 W;Oct 1st, 2018;Intel
Core i7-8670;/cpu-specs/core-i7-8670.c2012;Coffee Lake;6  / 12;3.1 to 4.4 GHz;Socket 1151;14 nm;12 MB;65 W;Jan 1st, 2018;Intel
Core i7-8670T;/cpu-specs/core-i7-8670t.c2086;Coffee Lake;6  / 12;2.3 to 3.7 GHz;Socket 1151;14 nm;12 MB;35 W;Sep 1st, 2018;Intel
Core i7-8700B;/cpu-specs/core-i7-8700b.c2895;Coffee Lake;6  / 12;3.2 to 4.6 GHz;BGA 1440;14 nm;12 MB;65 W;Apr 3rd, 2018;Intel
Core i7-8700T;/cpu-specs/core-i7-8700t.c2021;Coffee Lake;6  / 12;2.4 to 4 GHz;Socket 1151;14 nm;12 MB;35 W;Apr 2nd, 2018;Intel
Core i7-8705G;/cpu-specs/core-i7-8705g.c1981;Kaby Lake G;4  / 8;3.1 to 4.1 GHz;BGA 2270;14 nm;8 MB;65 W;Jan 7th, 2018;Intel
Core i7-8706G;/cpu-specs/core-i7-8706g.c1995;Kaby Lake G;4  / 8;3.1 to 4.1 GHz;BGA 2270;14 nm;8 MB;65 W;Feb 1st, 2018;Intel
Core i7-8709G;/cpu-specs/core-i7-8709g.c1979;Kaby Lake G;4  / 8;3.1 to 4.1 GHz;BGA 2270;14 nm;8 MB;65 W;Feb 1st, 2018;Intel
Core i7-8750H;/cpu-specs/core-i7-8750h.c1992;Coffee Lake-H;6  / 12;2.2 to 4.1 GHz;BGA 1440;14 nm;12 MB;45 W;Apr 2nd, 2018;Intel
Core i7-8809G;/cpu-specs/core-i7-8809g.c1980;Kaby Lake G;4  / 8;3.1 to 4.2 GHz;BGA 2270;14 nm;8 MB;65 W;Feb 1st, 2018;Intel
Core i7-8850H;/cpu-specs/core-i7-8850h.c1991;Coffee Lake-H;6  / 12;2.7 to 4.3 GHz;BGA 1440;14 nm;12 MB;45 W;Apr 2nd, 2018;Intel
Core i7-9700K;/cpu-specs/core-i7-9700k.c2097;Coffee Lake;8 ;3.6 to 4.9 GHz;Socket 1151;14 nm;12 MB;95 W;Oct 19th, 2018;Intel
Core i7-9800X;/cpu-specs/core-i7-9800x.c2115;Skylake-X;8  / 16;3.8 to 4.5 GHz;Socket 2066;14 nm;16.5 MB;165 W;Oct 19th, 2018;Intel
Core i9-8950HK;/cpu-specs/core-i9-8950hk.c1969;Coffee Lake-H;6  / 12;2.9 to 4.7 GHz;BGA 1440;14 nm;12 MB;95 W;Apr 2nd, 2018;Intel
Core i9-9820X;/cpu-specs/core-i9-9820x.c2114;Skylake-X;10  / 20;3.3 to 4.2 GHz;Socket 2066;14 nm;16.5 MB;165 W;Oct 19th, 2018;Intel
Core i9-9900K;/cpu-specs/core-i9-9900k.c2098;Coffee Lake-R;8  / 16;3.6 to 5 GHz;Socket 1151;14 nm;16 MB;95 W;Oct 19th, 2018;Intel
Core i9-9900X;/cpu-specs/core-i9-9900x.c2113;Skylake-X;10  / 20;3.5 to 4.5 GHz;Socket 2066;14 nm;19.25 MB;165 W;Oct 19th, 2018;Intel
Core i9-9920X;/cpu-specs/core-i9-9920x.c2112;Skylake-X;12  / 24;3.5 to 4.5 GHz;Socket 2066;14 nm;19.25 MB;165 W;Oct 19th, 2018;Intel
Core i9-9940X;/cpu-specs/core-i9-9940x.c2111;Skylake-X;14  / 28;3.3 to 4.5 GHz;Socket 2066;14 nm;19.25 MB;165 W;Oct 19th, 2018;Intel
Core i9-9960X;/cpu-specs/core-i9-9960x.c2110;Skylake-X;16  / 32;3.1 to 4.5 GHz;Socket 2066;14 nm;22 MB;165 W;Oct 19th, 2018;Intel
Core i9-9980XE;/cpu-specs/core-i9-9980xe.c2109;Skylake-X;18  / 36;3 to 4.5 GHz;Socket 2066;14 nm;24.75 MB;165 W;Oct 19th, 2018;Intel
Core i9-9990XE;/cpu-specs/core-i9-9990xe.c2149;Skylake-X;14  / 28;4 to 5.1 GHz;Socket 2066;14 nm;19.25 MB;255 W;Oct 19th, 2018;Intel
Core m3-8114Y;/cpu-specs/core-m3-8114y.c2071;Cannon Lake-Y;2  / 4;1.5 to 2.2 GHz;BGA 1440;10 nm;4 MB;5 W;May 5th, 2018;Intel
Pentium Gold G5400;/cpu-specs/pentium-gold-g5400.c1988;Coffee Lake;2  / 4;3.7 GHz;Socket 1151;14 nm;4 MB;58 W;Apr 2nd, 2018;Intel
Pentium Gold G5400T;/cpu-specs/pentium-gold-g5400t.c3124;Coffee Lake;2  / 4;3.1 GHz;Socket 1151;14 nm;4 MB;35 W;Apr 2nd, 2018;Intel
Pentium Gold G5500;/cpu-specs/pentium-gold-g5500.c1987;Coffee Lake;2  / 4;3.8 GHz;Socket 1151;14 nm;4 MB;54 W;Apr 2nd, 2018;Intel
Pentium Gold G5500T;/cpu-specs/pentium-gold-g5500t.c3125;Coffee Lake;2  / 4;3.2 GHz;Socket 1151;14 nm;4 MB;35 W;Apr 2nd, 2018;Intel
Pentium Gold G5600;/cpu-specs/pentium-gold-g5600.c1986;Coffee Lake;2  / 4;3.9 GHz;Socket 1151;14 nm;4 MB;54 W;Apr 2nd, 2018;Intel
Xeon E-2104G;/cpu-specs/xeon-e-2104g.c3488;Coffee Lake-S WS;4 ;3.2 GHz;Socket 1151;14 nm;8 MB;65 W;Jul 12th, 2018;Intel
Xeon E-2124;/cpu-specs/xeon-e-2124.c2078;Coffee Lake-S WS;4 ;3.3 to 4.3 GHz;Socket 1151;14 nm;8 MB;71 W;Jul 12th, 2018;Intel
Xeon E-2124G;/cpu-specs/xeon-e-2124g.c2079;Coffee Lake-S WS;4 ;3.4 to 4.5 GHz;Socket 1151;14 nm;8 MB;71 W;Jul 12th, 2018;Intel
Xeon E-2126G;/cpu-specs/xeon-e-2126g.c3526;Coffee Lake-S WS;6 ;3.3 to 4.5 GHz;Socket 1151;14 nm;12 MB;80 W;Jul 12th, 2018;Intel
Xeon E-2134;/cpu-specs/xeon-e-2134.c3527;Coffee Lake-S WS;4  / 8;3.5 to 4.5 GHz;Socket 1151;14 nm;8 MB;71 W;Jul 12th, 2018;Intel
Xeon E-2136;/cpu-specs/xeon-e-2136.c3528;Coffee Lake-S WS;6  / 12;3.3 to 4.5 GHz;Socket 1151;14 nm;12 MB;80 W;Jul 12th, 2018;Intel
Xeon E-2144G;/cpu-specs/xeon-e-2144g.c3529;Coffee Lake-S WS;4  / 8;3.6 to 4.5 GHz;Socket 1151;14 nm;8 MB;71 W;Jul 12th, 2018;Intel
Xeon E-2146G;/cpu-specs/xeon-e-2146g.c3530;Coffee Lake-S WS;6  / 12;3.5 to 4.5 GHz;Socket 1151;14 nm;12 MB;80 W;Jul 12th, 2018;Intel
Xeon E-2174G;/cpu-specs/xeon-e-2174g.c3531;Coffee Lake-S WS;4  / 8;3.8 to 4.7 GHz;Socket 1151;14 nm;8 MB;71 W;Jul 12th, 2018;Intel
Xeon E-2176G;/cpu-specs/xeon-e-2176g.c3532;Coffee Lake-S WS;6  / 12;3.7 to 4.7 GHz;Socket 1151;14 nm;12 MB;80 W;Jul 12th, 2018;Intel
Xeon E-2176M;/cpu-specs/xeon-e-2176m.c3545;Coffee Lake-H;6  / 12;2.7 to 4.4 GHz;BGA 1440;14 nm;12 MB;45 W;Apr 4th, 2018;Intel
Xeon E-2186G;/cpu-specs/xeon-e-2186g.c3476;Coffee Lake-S WS;6  / 12;3.8 to 4.7 GHz;Socket 1151;14 nm;12 MB;95 W;May 31st, 2018;Intel
Xeon E-2186M;/cpu-specs/xeon-e-2186m.c3546;Coffee Lake-H;6  / 12;2.9 to 4.8 GHz;BGA 1440;14 nm;12 MB;45 W;Apr 4th, 2018;Intel
Xeon Platinum 8253;/cpu-specs/xeon-platinum-8253.c2181;Cascade Lake-SP;16  / 32;2.2 to 3 GHz;Socket 3647;14 nm;22 MB;125 W;Dec 11th, 2018;Intel
Xeon Platinum 8256;/cpu-specs/xeon-platinum-8256.c2180;Cascade Lake-SP;4  / 8;3.8 to 3.9 GHz;Socket 3647;14 nm;16.5 MB;105 W;Dec 11th, 2018;Intel
Xeon Platinum 8260;/cpu-specs/xeon-platinum-8260.c2179;Cascade Lake-SP;24  / 48;2.4 to 3.9 GHz;Socket 3647;14 nm;35.75 MB;165 W;Dec 11th, 2018;Intel
Xeon Platinum 8260M;/cpu-specs/xeon-platinum-8260m.c2178;Cascade Lake-SP;24  / 48;2.4 to 3.9 GHz;Socket 3647;14 nm;35.75 MB;165 W;Dec 11th, 2018;Intel
Xeon Platinum 8268;/cpu-specs/xeon-platinum-8268.c2177;Cascade Lake-SP;24  / 48;2.9 to 3.9 GHz;Socket 3647;14 nm;35.75 MB;205 W;Dec 11th, 2018;Intel
Xeon Platinum 8270;/cpu-specs/xeon-platinum-8270.c2172;Cascade Lake-SP;26  / 52;2.7 to 4 GHz;Socket 3647;14 nm;35.75 MB;205 W;Dec 11th, 2018;Intel
Xeon Platinum 8276;/cpu-specs/xeon-platinum-8276.c2171;Cascade Lake-SP;28  / 56;2.2 to 4 GHz;Socket 3647;14 nm;38.5 MB;165 W;Dec 11th, 2018;Intel
Xeon Platinum 8280;/cpu-specs/xeon-platinum-8280.c2170;Cascade Lake-SP;28  / 56;2.7 to 4 GHz;Socket 3647;14 nm;38.5 MB;205 W;Dec 11th, 2018;Intel
Xeon Platinum 8280M;/cpu-specs/xeon-platinum-8280m.c2169;Cascade Lake-SP;28  / 56;2.7 to 4 GHz;Socket 3647;14 nm;38.5 MB;205 W;Dec 11th, 2018;Intel
A10-9700;/cpu-specs/a10-9700.c1955;Bristol Ridge;4 ;3.5 to 3.8 GHz;Socket AM4;28 nm;N/A;65 W;Jul 27th, 2017;AMD
A10-9700E;/cpu-specs/a10-9700e.c1956;Bristol Ridge;4 ;3 to 3.5 GHz;Socket AM4;28 nm;N/A;35 W;Jul 27th, 2017;AMD
A12-9800;/cpu-specs/a12-9800.c1953;Bristol Ridge;4 ;3.8 to 4.2 GHz;Socket AM4;28 nm;N/A;65 W;Jul 27th, 2017;AMD
A12-9800E;/cpu-specs/a12-9800e.c1954;Bristol Ridge;4 ;3.1 to 3.8 GHz;Socket AM4;28 nm;N/A;35 W;Jul 27th, 2017;AMD
A4-9120 SoC;/cpu-specs/a4-9120-soc.c3700;Stoney Ridge;2 ;2.2 to 2.5 GHz;Socket FT4;28 nm;N/A;15 W;Apr 2017;AMD
A4-9125 SoC;/cpu-specs/a4-9125-soc.c3702;Stoney Ridge;2 ;2.3 to 2.6 GHz;Socket FT4;28 nm;N/A;15 W;Apr 2017;AMD
A6-9220 SoC;/cpu-specs/a6-9220-soc.c3694;Stoney Ridge;2 ;2.5 to 2.9 GHz;Socket FT4;28 nm;N/A;15 W;Apr 2017;AMD
A6-9225 SoC;/cpu-specs/a6-9225-soc.c3696;Stoney Ridge;2 ;2.6 to 3 GHz;Socket FT4;28 nm;N/A;15 W;Apr 2017;AMD
A6-9550;/cpu-specs/a6-9550.c1958;Bristol Ridge;2 ;3.8 to 4 GHz;Socket AM4;28 nm;N/A;65 W;Jul 27th, 2017;AMD
A8-9600;/cpu-specs/a8-9600.c2613;Bristol Ridge;4 ;3.1 to 3.4 GHz;Socket AM4;28 nm;N/A;65 W;Jul 27th, 2017;AMD
Athlon X4 940;/cpu-specs/athlon-x4-940.c1963;Bristol Ridge;4 ;3.2 to 3.6 GHz;Socket AM4;28 nm;N/A;65 W;Jul 27th, 2017;AMD
Athlon X4 950;/cpu-specs/athlon-x4-950.c1962;Bristol Ridge;4 ;3.5 to 3.8 GHz;Socket AM4;28 nm;N/A;65 W;Jul 27th, 2017;AMD
Athlon X4 970;/cpu-specs/athlon-x4-970.c1961;Bristol Ridge;4 ;3.8 to 4 GHz;Socket AM4;28 nm;N/A;65 W;Jul 27th, 2017;AMD
EPYC 7251;/cpu-specs/epyc-7251.c1928;Naples;8  / 16;2.1 to 2.9 GHz;Socket SP3;14 nm;32 MB;120 W;Jun 29th, 2017;AMD
EPYC 7281;/cpu-specs/epyc-7281.c1927;Naples;16  / 32;2.1 to 2.7 GHz;Socket SP3;14 nm;32 MB;170 W;Jun 29th, 2017;AMD
EPYC 7301;/cpu-specs/epyc-7301.c1926;Naples;16  / 32;2.2 to 2.7 GHz;Socket SP3;14 nm;64 MB;170 W;Jun 29th, 2017;AMD
EPYC 7351;/cpu-specs/epyc-7351.c1925;Naples;16  / 32;2.4 to 2.9 GHz;Socket SP3;14 nm;64 MB;170 W;Jun 29th, 2017;AMD
EPYC 7351P;/cpu-specs/epyc-7351p.c1931;Naples;16  / 32;2.4 to 2.9 GHz;Socket SP3;14 nm;64 MB;170 W;Jun 29th, 2017;AMD
EPYC 7401;/cpu-specs/epyc-7401.c1924;Naples;24  / 48;2 to 3 GHz;Socket SP3;14 nm;64 MB;170 W;Jun 29th, 2017;AMD
EPYC 7401P;/cpu-specs/epyc-7401p.c1930;Naples;24  / 48;2 to 3 GHz;Socket SP3;14 nm;64 MB;170 W;Jun 29th, 2017;AMD
EPYC 7451;/cpu-specs/epyc-7451.c1923;Naples;24  / 48;2.3 to 3.2 GHz;Socket SP3;14 nm;64 MB;180 W;Jun 29th, 2017;AMD
EPYC 7501;/cpu-specs/epyc-7501.c1922;Naples;32  / 64;2 to 3 GHz;Socket SP3;14 nm;64 MB;170 W;Jun 29th, 2017;AMD
EPYC 7551;/cpu-specs/epyc-7551.c1921;Naples;32  / 64;2 to 3 GHz;Socket SP3;14 nm;64 MB;180 W;Jun 29th, 2017;AMD
EPYC 7551P;/cpu-specs/epyc-7551p.c1929;Naples;32  / 64;2 to 3 GHz;Socket SP3;14 nm;64 MB;180 W;Jun 29th, 2017;AMD
EPYC 7601;/cpu-specs/epyc-7601.c1920;Naples;32  / 64;2.2 to 3.2 GHz;Socket SP3;14 nm;64 MB;180 W;Jun 29th, 2017;AMD
Opteron X3216;/cpu-specs/opteron-x3216.c3355;Excavator;2 ;1.6 to 3 GHz;Socket FP4;28 nm;N/A;15 W;Jun 10th, 2017;AMD
PRO A10-9700;/cpu-specs/pro-a10-9700.c2795;Bristol Ridge;4 ;3.5 to 3.8 GHz;Socket AM4;28 nm;N/A;65 W;Jul 27th, 2017;AMD
PRO A12-9800E;/cpu-specs/pro-a12-9800e.c2612;Bristol Ridge;4 ;3.1 to 3.8 GHz;Socket AM4;28 nm;N/A;35 W;Jul 27th, 2017;AMD
Ryzen 3 1200;/cpu-specs/ryzen-3-1200.c1899;Zen;4 ;3.1 to 3.4 GHz;Socket AM4;14 nm;8 MB;65 W;Jul 27th, 2017;AMD
Ryzen 3 1300X;/cpu-specs/ryzen-3-1300x.c1898;Zen;4 ;3.4 to 3.7 GHz;Socket AM4;14 nm;8 MB;65 W;Jul 27th, 2017;AMD
Ryzen 3 PRO 1200;/cpu-specs/ryzen-3-pro-1200.c1919;Zen;4 ;3.1 to 3.4 GHz;Socket AM4;14 nm;8 MB;65 W;Jun 29th, 2017;AMD
Ryzen 3 PRO 1300;/cpu-specs/ryzen-3-pro-1300.c1918;Zen;4 ;3.5 to 3.7 GHz;Socket AM4;14 nm;8 MB;65 W;Jun 29th, 2017;AMD
Ryzen 5 1400;/cpu-specs/ryzen-5-1400.c1896;Zen;4  / 8;3.2 to 3.4 GHz;Socket AM4;14 nm;8 MB;65 W;Apr 11th, 2017;AMD
Ryzen 5 1500X;/cpu-specs/ryzen-5-1500x.c1895;Zen;4  / 8;3.5 to 3.7 GHz;Socket AM4;14 nm;16 MB;65 W;Apr 11th, 2017;AMD
Ryzen 5 1600;/cpu-specs/ryzen-5-1600.c1900;Zen;6  / 12;3.2 to 3.6 GHz;Socket AM4;14 nm;16 MB;65 W;Apr 11th, 2017;AMD
Ryzen 5 1600X;/cpu-specs/ryzen-5-1600x.c1894;Zen;6  / 12;3.6 to 4 GHz;Socket AM4;14 nm;16 MB;95 W;Apr 11th, 2017;AMD
Ryzen 5 2500U;/cpu-specs/ryzen-5-2500u.c1971;Raven Ridge;4  / 8;2 to 3.6 GHz;Socket FP5;14 nm;4 MB;15 W;Oct 26th, 2017;AMD
Ryzen 5 PRO 1500;/cpu-specs/ryzen-5-pro-1500.c1917;Zen;4  / 8;3.5 to 3.7 GHz;Socket AM4;14 nm;16 MB;65 W;Jun 29th, 2017;AMD
Ryzen 5 PRO 1600;/cpu-specs/ryzen-5-pro-1600.c1916;Zen;6  / 12;3.2 to 3.6 GHz;Socket AM4;14 nm;16 MB;65 W;Jun 29th, 2017;AMD
Ryzen 7 1700;/cpu-specs/ryzen-7-1700.c1893;Zen;8  / 16;3 to 3.7 GHz;Socket AM4;14 nm;16 MB;65 W;Mar 2nd, 2017;AMD
Ryzen 7 1700X;/cpu-specs/ryzen-7-1700x.c1892;Zen;8  / 16;3.4 to 3.8 GHz;Socket AM4;14 nm;16 MB;95 W;Mar 2nd, 2017;AMD
Ryzen 7 1800X;/cpu-specs/ryzen-7-1800x.c1879;Zen;8  / 16;3.6 to 4 GHz;Socket AM4;14 nm;16 MB;95 W;Mar 2nd, 2017;AMD
Ryzen 7 2700U;/cpu-specs/ryzen-7-2700u.c1970;Raven Ridge;4  / 8;2.2 to 3.8 GHz;Socket FP5;14 nm;4 MB;15 W;Oct 26th, 2017;AMD
Ryzen 7 PRO 1700;/cpu-specs/ryzen-7-pro-1700.c1915;Zen;8  / 16;3 to 3.7 GHz;Socket AM4;14 nm;16 MB;65 W;Jun 29th, 2017;AMD
Ryzen 7 PRO 1700X;/cpu-specs/ryzen-7-pro-1700x.c1914;Zen;8  / 16;3.4 to 3.8 GHz;Socket AM4;14 nm;16 MB;95 W;Jun 29th, 2017;AMD
Ryzen 7 PRO 2700U;/cpu-specs/ryzen-7-pro-2700u.c2000;Raven Ridge;4  / 8;2.2 to 3.8 GHz;Socket FP5;14 nm;4 MB;15 W;Oct 26th, 2017;AMD
Ryzen Threadripper 1900;/cpu-specs/ryzen-threadripper-1900.c1913;Zen;8  / 16;3.1 to 3.7 GHz;Socket SP3r2;14 nm;32 MB;125 W;Never Released;AMD
Ryzen Threadripper 1900X;/cpu-specs/ryzen-threadripper-1900x.c1912;Zen;8  / 16;3.8 to 4 GHz;Socket SP3r2;14 nm;32 MB;180 W;Aug 31st, 2017;AMD
Ryzen Threadripper 1920;/cpu-specs/ryzen-threadripper-1920.c1911;Zen;12  / 24;3.2 to 3.8 GHz;Socket SP3r2;14 nm;32 MB;140 W;Never Released;AMD
Ryzen Threadripper 1920X;/cpu-specs/ryzen-threadripper-1920x.c1910;Zen;12  / 24;3.5 to 4 GHz;Socket SP3r2;14 nm;32 MB;180 W;Aug 10th, 2017;AMD
Ryzen Threadripper 1940;/cpu-specs/ryzen-threadripper-1940.c1908;Zen;14  / 28;3.2 to 3.7 GHz;Socket SP3r2;14 nm;32 MB;180 W;Never Released;AMD
Ryzen Threadripper 1940X;/cpu-specs/ryzen-threadripper-1940x.c1907;Zen;14  / 28;3.5 to 4 GHz;Socket SP3r2;14 nm;32 MB;180 W;Never Released;AMD
Ryzen Threadripper 1950;/cpu-specs/ryzen-threadripper-1950.c1903;Zen;16  / 32;3.2 GHz;Socket SP3r2;14 nm;32 MB;180 W;Never Released;AMD
Ryzen Threadripper 1950X;/cpu-specs/ryzen-threadripper-1950x.c1904;Zen;16  / 32;3.4 to 4 GHz;Socket SP3r2;14 nm;32 MB;180 W;Aug 10th, 2017;AMD
Celeron 3865U;/cpu-specs/celeron-3865u.c3104;Kaby Lake-U;2 ;1800 MHz;BGA 1356;14 nm;2 MB;15 W;Jan 3rd, 2017;Intel
Celeron 3965U;/cpu-specs/celeron-3965u.c3105;Kaby Lake-U;2 ;2.2 GHz;BGA 1356;14 nm;2 MB;15 W;Jan 3rd, 2017;Intel
Celeron G3930;/cpu-specs/celeron-g3930.c1941;Kaby Lake;2 ;2.9 GHz;Socket 1151;14 nm;2 MB;51 W;Jan 3rd, 2017;Intel
Celeron G3930T;/cpu-specs/celeron-g3930t.c1942;Kaby Lake;2 ;2.7 GHz;Socket 1151;14 nm;2 MB;35 W;Jan 3rd, 2017;Intel
Celeron G3950;/cpu-specs/celeron-g3950.c1940;Kaby Lake;2 ;3 GHz;Socket 1151;14 nm;2 MB;51 W;Jan 3rd, 2017;Intel
Celeron J4005;/cpu-specs/celeron-j4005.c2072;Gemini Lake;2 ;2 to 2.7 GHz;BGA 1090;14 nm;N/A;10 W;Dec 11th, 2017;Intel
Celeron J4105;/cpu-specs/celeron-j4105.c3279;Gemini Lake;4 ;1.5 to 2.5 GHz;BGA 1090;14 nm;N/A;10 W;Dec 11th, 2017;Intel
Core i3-7100;/cpu-specs/core-i3-7100.c1865;Kaby Lake;2  / 4;3.9 GHz;Socket 1151;14 nm;3 MB;51 W;Jan 3rd, 2017;Intel
Core i3-7100H;/cpu-specs/core-i3-7100h.c3103;Kaby Lake-H;2  / 4;2.8 GHz;BGA 1440;14 nm;3 MB;35 W;Jan 3rd, 2017;Intel
Core i3-7100T;/cpu-specs/core-i3-7100t.c1864;Kaby Lake;2  / 4;3.4 GHz;Socket 1151;14 nm;3 MB;35 W;Jan 3rd, 2017;Intel
Core i3-7120;/cpu-specs/core-i3-7120.c1944;Kaby Lake;2  / 4;4 GHz;Socket 1151;14 nm;3 MB;51 W;Jul 17th, 2017;Intel
Core i3-7120T;/cpu-specs/core-i3-7120t.c1946;Kaby Lake;2  / 4;3.6 GHz;Socket 1151;14 nm;3 MB;35 W;Jul 17th, 2017;Intel
Core i3-7300;/cpu-specs/core-i3-7300.c1862;Kaby Lake;2  / 4;4 GHz;Socket 1151;14 nm;4 MB;51 W;Jan 3rd, 2017;Intel
Core i3-7300T;/cpu-specs/core-i3-7300t.c1863;Kaby Lake;2  / 4;3.5 GHz;Socket 1151;14 nm;4 MB;35 W;Jan 3rd, 2017;Intel
Core i3-7320;/cpu-specs/core-i3-7320.c1861;Kaby Lake;2  / 4;4.1 GHz;Socket 1151;14 nm;4 MB;51 W;Jan 3rd, 2017;Intel
Core i3-7320T;/cpu-specs/core-i3-7320t.c1945;Kaby Lake;2  / 4;3.6 GHz;Socket 1151;14 nm;4 MB;35 W;Jul 17th, 2017;Intel
Core i3-7340;/cpu-specs/core-i3-7340.c1943;Kaby Lake;2  / 4;4.2 GHz;Socket 1151;14 nm;4 MB;51 W;Jul 17th, 2017;Intel
Core i3-7350K;/cpu-specs/core-i3-7350k.c1860;Kaby Lake;2  / 4;4.2 GHz;Socket 1151;14 nm;4 MB;60 W;Jan 3rd, 2017;Intel
Core i3-7360X;/cpu-specs/core-i3-7360x.c1968;Kaby Lake-X;2  / 4;4.3 GHz;Socket 2066;14 nm;4 MB;112 W;Never Released;Intel
Core i3-8100;/cpu-specs/core-i3-8100.c1966;Coffee Lake;4 ;3.6 GHz;Socket 1151;14 nm;6 MB;65 W;Oct 5th, 2017;Intel
Core i3-8350K;/cpu-specs/core-i3-8350k.c1967;Coffee Lake;4 ;4 GHz;Socket 1151;14 nm;8 MB;91 W;Oct 5th, 2017;Intel
Core i5-7300HQ;/cpu-specs/core-i5-7300hq.c1998;Kaby Lake-H;4 ;2.5 to 3.5 GHz;BGA 1440;14 nm;6 MB;45 W;Jan 3rd, 2017;Intel
Core i5-7400;/cpu-specs/core-i5-7400.c1851;Kaby Lake;4 ;3 to 3.5 GHz;Socket 1151;14 nm;6 MB;65 W;Jan 3rd, 2017;Intel
Core i5-7400T;/cpu-specs/core-i5-7400t.c1859;Kaby Lake;4 ;2.4 to 3 GHz;Socket 1151;14 nm;6 MB;35 W;Jan 3rd, 2017;Intel
Core i5-7440HQ;/cpu-specs/core-i5-7440hq.c3102;Kaby Lake-H;4 ;2.8 to 3.8 GHz;BGA 1440;14 nm;6 MB;45 W;Jan 3rd, 2017;Intel
Core i5-7500;/cpu-specs/core-i5-7500.c1850;Kaby Lake;4 ;3.4 to 3.8 GHz;Socket 1151;14 nm;6 MB;65 W;Jan 3rd, 2017;Intel
Core i5-7500T;/cpu-specs/core-i5-7500t.c1854;Kaby Lake;4 ;2.7 to 3.3 GHz;Socket 1151;14 nm;6 MB;35 W;Jan 3rd, 2017;Intel
Core i5-7600;/cpu-specs/core-i5-7600.c1849;Kaby Lake;4 ;3.5 to 4.1 GHz;Socket 1151;14 nm;6 MB;65 W;Jan 3rd, 2017;Intel
Core i5-7600K;/cpu-specs/core-i5-7600k.c1848;Kaby Lake;4 ;3.8 to 4.2 GHz;Socket 1151;14 nm;6 MB;91 W;Jan 3rd, 2017;Intel
Core i5-7600T;/cpu-specs/core-i5-7600t.c1853;Kaby Lake;4 ;2.8 to 3.7 GHz;Socket 1151;14 nm;6 MB;35 W;Jan 3rd, 2017;Intel
Core i5-7640X;/cpu-specs/core-i5-7640x.c1867;Kaby Lake-X;4 ;3.9 to 4.3 GHz;Socket 2066;14 nm;6 MB;112 W;Jun 26th, 2017;Intel
Core i5-8250U;/cpu-specs/core-i5-8250u.c1972;Kaby Lake-R;4  / 8;1.6 to 3.4 GHz;BGA 1356;14 nm;6 MB;15 W;Aug 21st, 2017;Intel
Core i5-8350U;/cpu-specs/core-i5-8350u.c1973;Kaby Lake-R;4  / 8;1.7 to 3.6 GHz;BGA 1356;14 nm;6 MB;15 W;Aug 21st, 2017;Intel
Core i5-8400;/cpu-specs/core-i5-8400.c1964;Coffee Lake;6 ;2.8 to 4 GHz;Socket 1151;14 nm;9 MB;65 W;Oct 5th, 2017;Intel
Core i5-8600K;/cpu-specs/core-i5-8600k.c1948;Coffee Lake;6 ;3.6 to 4.3 GHz;Socket 1151;14 nm;9 MB;95 W;Oct 5th, 2017;Intel
Core i7-7700;/cpu-specs/core-i7-7700.c1843;Kaby Lake;4  / 8;3.6 to 4.2 GHz;Socket 1151;14 nm;8 MB;65 W;Jan 3rd, 2017;Intel
Core i7-7700HQ;/cpu-specs/core-i7-7700hq.c3098;Kaby Lake-H;4  / 8;2.8 to 3.8 GHz;BGA 1440;14 nm;6 MB;45 W;Jan 3rd, 2017;Intel
Core i7-7700K;/cpu-specs/core-i7-7700k.c1842;Kaby Lake;4  / 8;4.2 to 4.5 GHz;Socket 1151;14 nm;8 MB;91 W;Jan 3rd, 2017;Intel
Core i7-7700T;/cpu-specs/core-i7-7700t.c1852;Kaby Lake;4  / 8;2.9 to 3.8 GHz;Socket 1151;14 nm;8 MB;35 W;Jan 3rd, 2017;Intel
Core i7-7740X;/cpu-specs/core-i7-7740x.c1866;Kaby Lake-X;4  / 8;4.3 to 4.6 GHz;Socket 2066;14 nm;8 MB;112 W;Jun 26th, 2017;Intel
Core i7-7800X;/cpu-specs/core-i7-7800x.c1905;Skylake-X;6  / 12;3.5 to 4 GHz;Socket 2066;14 nm;8.25 MB;140 W;Jun 26th, 2017;Intel
Core i7-7820HK;/cpu-specs/core-i7-7820hk.c3099;Kaby Lake-H;4  / 8;2.9 to 3.9 GHz;BGA 1440;14 nm;8 MB;45 W;Jan 3rd, 2017;Intel
Core i7-7820HQ;/cpu-specs/core-i7-7820hq.c3100;Kaby Lake-H;4  / 8;2.9 to 3.9 GHz;BGA 1440;14 nm;8 MB;45 W;Jan 3rd, 2017;Intel
Core i7-7820X;/cpu-specs/core-i7-7820x.c1933;Skylake-X;8  / 16;3.6 to 4.5 GHz;Socket 2066;14 nm;11 MB;140 W;Jun 26th, 2017;Intel
Core i7-7920HQ;/cpu-specs/core-i7-7920hq.c3101;Kaby Lake-H;4  / 8;3.1 to 4.1 GHz;BGA 1440;14 nm;8 MB;45 W;Jan 3rd, 2017;Intel
Core i7-8550U;/cpu-specs/core-i7-8550u.c1974;Kaby Lake-R;4  / 8;1.8 to 4 GHz;BGA 1356;14 nm;8 MB;15 W;Aug 21st, 2017;Intel
Core i7-8650U;/cpu-specs/core-i7-8650u.c1975;Kaby Lake-R;4  / 8;1.9 to 4.2 GHz;BGA 1356;14 nm;8 MB;15 W;Aug 21st, 2017;Intel
Core i7-8700;/cpu-specs/core-i7-8700.c1949;Coffee Lake;6  / 12;3.2 to 4.6 GHz;Socket 1151;14 nm;12 MB;65 W;Oct 5th, 2017;Intel
Core i7-8700K;/cpu-specs/core-i7-8700k.c1947;Coffee Lake;6  / 12;3.7 to 4.7 GHz;Socket 1151;14 nm;12 MB;95 W;Oct 5th, 2017;Intel
Core i9-7900X;/cpu-specs/core-i9-7900x.c1906;Skylake-X;10  / 20;3.3 to 4.5 GHz;Socket 2066;14 nm;14 MB;140 W;Jun 26th, 2017;Intel
Core i9-7920X;/cpu-specs/core-i9-7920x.c1932;Skylake-X;12  / 24;2.9 to 4.4 GHz;Socket 2066;14 nm;16.5 MB;140 W;Sep 10th, 2017;Intel
Core i9-7940X;/cpu-specs/core-i9-7940x.c1951;Skylake-X;14  / 28;3.1 to 4.4 GHz;Socket 2066;14 nm;19.25 MB;165 W;Sep 1st, 2017;Intel
Core i9-7960X;/cpu-specs/core-i9-7960x.c1950;Skylake-X;16  / 32;2.8 to 4.4 GHz;Socket 2066;14 nm;22 MB;165 W;Sep 1st, 2017;Intel
Core i9-7980XE;/cpu-specs/core-i9-7980xe.c1952;Skylake-X;18  / 36;2.6 to 4.4 GHz;Socket 2066;14 nm;24.75 MB;165 W;Sep 1st, 2017;Intel
Pentium G4560;/cpu-specs/pentium-g4560.c1937;Kaby Lake;2  / 4;3.5 GHz;Socket 1151;14 nm;3 MB;51 W;Jan 3rd, 2017;Intel
Pentium G4560T;/cpu-specs/pentium-g4560t.c1939;Kaby Lake;2  / 4;2.9 GHz;Socket 1151;14 nm;3 MB;35 W;Jan 3rd, 2017;Intel
Pentium G4600;/cpu-specs/pentium-g4600.c1936;Kaby Lake;2  / 4;3.6 GHz;Socket 1151;14 nm;3 MB;51 W;Jan 3rd, 2017;Intel
Pentium G4600T;/cpu-specs/pentium-g4600t.c1938;Kaby Lake;2  / 4;3 GHz;Socket 1151;14 nm;3 MB;35 W;Jan 3rd, 2017;Intel
Pentium G4620;/cpu-specs/pentium-g4620.c1935;Kaby Lake;2  / 4;3.7 GHz;Socket 1151;14 nm;3 MB;51 W;Jan 3rd, 2017;Intel
Pentium Silver J5005;/cpu-specs/pentium-silver-j5005.c3282;Gemini Lake;4 ;1.5 to 2.8 GHz;BGA 1090;14 nm;N/A;10 W;Dec 11th, 2017;Intel
Pentium Silver N5000;/cpu-specs/pentium-silver-n5000.c3277;Gemini Lake;4 ;1.1 to 2.7 GHz;BGA 1090;14 nm;N/A;6 W;Dec 11th, 2017;Intel
Xeon Bronze 3106;/cpu-specs/xeon-bronze-3106.c2058;Skylake-SP;8 ;2.1 to 3 GHz;Socket 3647;14 nm;11 MB;85 W;Jul 11th, 2017;Intel
Xeon E3-1285 v6;/cpu-specs/xeon-e3-1285-v6.c1999;Kaby Lake-DT;4  / 8;4.1 to 4.5 GHz;Socket 1151;14 nm;8 MB;79 W;Aug 1st, 2017;Intel
Xeon Gold 6154;/cpu-specs/xeon-gold-6154.c2056;Skylake-SP;18  / 36;3 to 3.7 GHz;Socket 3647;14 nm;24.75 MB;200 W;Jul 11th, 2017;Intel
Xeon Phi 7235;/cpu-specs/xeon-phi-7235.c2049;Knights Mill;64  / 256;1300 to 1400 MHz;Socket 3647;14 nm;N/A;250 W;Dec 1st, 2017;Intel
Xeon Phi 7285;/cpu-specs/xeon-phi-7285.c2050;Knights Mill;68  / 272;1300 to 1400 MHz;Socket 3647;14 nm;N/A;250 W;Dec 1st, 2017;Intel
Xeon Phi 7295;/cpu-specs/xeon-phi-7295.c2051;Knights Mill;72  / 288;1500 to 1600 MHz;Socket 3647;14 nm;N/A;320 W;Dec 1st, 2017;Intel
Xeon Platinum 8180;/cpu-specs/xeon-platinum-8180.c2055;Skylake-SP;28  / 56;2.5 to 3.8 GHz;Socket 3647;14 nm;38.5 MB;205 W;Jul 11th, 2017;Intel
Xeon Platinum 8180M;/cpu-specs/xeon-platinum-8180m.c2164;Skylake-SP;28  / 56;2.5 to 3.8 GHz;Socket 3647;14 nm;38.5 MB;205 W;Jul 11th, 2017;Intel
Xeon Silver 4116;/cpu-specs/xeon-silver-4116.c2057;Skylake-SP;12  / 24;2.1 to 3 GHz;Socket 3647;14 nm;16.5 MB;85 W;Jul 11th, 2017;Intel
Xeon W-2102;/cpu-specs/xeon-w-2102.c2955;Skylake-W;4 ;2.9 GHz;Socket 2066;14 nm;8.25 MB;120 W;Aug 29th, 2017;Intel
Xeon W-2104;/cpu-specs/xeon-w-2104.c2954;Skylake-W;4 ;3.2 GHz;Socket 2066;14 nm;8.25 MB;120 W;Aug 29th, 2017;Intel
Xeon W-2123;/cpu-specs/xeon-w-2123.c2950;Skylake-W;4  / 8;3.6 to 3.9 GHz;Socket 2066;14 nm;8.25 MB;120 W;Aug 29th, 2017;Intel
Xeon W-2125;/cpu-specs/xeon-w-2125.c2949;Skylake-W;4  / 8;4 to 4.5 GHz;Socket 2066;14 nm;8.25 MB;120 W;Aug 29th, 2017;Intel
Xeon W-2133;/cpu-specs/xeon-w-2133.c2948;Skylake-W;6  / 12;3.6 to 3.9 GHz;Socket 2066;14 nm;8.25 MB;140 W;Aug 29th, 2017;Intel
Xeon W-2135;/cpu-specs/xeon-w-2135.c2947;Skylake-W;6  / 12;3.7 to 4.5 GHz;Socket 2066;14 nm;8.25 MB;140 W;Aug 29th, 2017;Intel
Xeon W-2140B;/cpu-specs/xeon-w-2140b.c2953;Skylake-W;8  / 16;3.2 to 4.2 GHz;Socket 2066;14 nm;11 MB;120 W;Dec 21st, 2017;Intel
Xeon W-2145;/cpu-specs/xeon-w-2145.c2946;Skylake-W;8  / 16;3.7 to 4.5 GHz;Socket 2066;14 nm;11 MB;140 W;Aug 29th, 2017;Intel
Xeon W-2150B;/cpu-specs/xeon-w-2150b.c2951;Skylake-W;10  / 20;3 to 4.5 GHz;Socket 2066;14 nm;13.75 MB;120 W;Dec 21st, 2017;Intel
Xeon W-2155;/cpu-specs/xeon-w-2155.c2945;Skylake-W;10  / 20;3.3 to 4.5 GHz;Socket 2066;14 nm;13.75 MB;140 W;Aug 29th, 2017;Intel
Xeon W-2170B;/cpu-specs/xeon-w-2170b.c2952;Skylake-W;14  / 28;2.5 to 4.3 GHz;Socket 2066;14 nm;19.25 MB;140 W;Dec 21st, 2017;Intel
Xeon W-2175;/cpu-specs/xeon-w-2175.c2944;Skylake-W;14  / 28;2.5 to 4.3 GHz;Socket 2066;14 nm;19.25 MB;140 W;Oct 15th, 2017;Intel
Xeon W-2191B;/cpu-specs/xeon-w-2191b.c2943;Skylake-W;18  / 36;2.3 to 4.3 GHz;Socket 2066;14 nm;24.75 MB;140 W;Dec 21st, 2017;Intel
Xeon W-2195;/cpu-specs/xeon-w-2195.c2059;Skylake-W;18  / 36;2.3 to 4.3 GHz;Socket 2066;14 nm;24.75 MB;140 W;Aug 29th, 2017;Intel
A10-7860K;/cpu-specs/a10-7860k.c2604;Godaveri;4 ;3.6 to 4 GHz;Socket FM2+;28 nm;N/A;65 W;Feb 2nd, 2016;AMD
A10-7890K;/cpu-specs/a10-7890k.c1832;Godaveri;4 ;4 to 4.3 GHz;Socket FM2+;28 nm;N/A;95 W;Jan 11th, 2016;AMD
A6-7470K;/cpu-specs/a6-7470k.c2628;Godaveri;2 ;3.7 to 4 GHz;Socket FM2+;28 nm;N/A;65 W;Feb 2nd, 2016;AMD
A6-9200 SoC;/cpu-specs/a6-9200-soc.c3698;Stoney Ridge;2 ;2 to 2.8 GHz;Socket FT4;28 nm;N/A;10 W;May 31st, 2016;AMD
A6-9210 SoC;/cpu-specs/a6-9210-soc.c3697;Stoney Ridge;2 ;2.4 to 2.8 GHz;Socket FP4;28 nm;N/A;15 W;May 31st, 2016;AMD
A6-9230 SoC;/cpu-specs/a6-9230-soc.c3699;Stoney Ridge;2 ;2.6 to 2.8 GHz;Socket FT4;28 nm;N/A;25 W;May 31st, 2016;AMD
A6-9500;/cpu-specs/a6-9500.c1959;Bristol Ridge;2 ;3.5 to 3.8 GHz;Socket AM4;28 nm;N/A;65 W;Sep 5th, 2016;AMD
A6-9500E;/cpu-specs/a6-9500e.c1960;Bristol Ridge;2 ;3 to 3.4 GHz;Socket AM4;28 nm;N/A;35 W;Sep 5th, 2016;AMD
A9-9400 SoC;/cpu-specs/a9-9400-soc.c2061;Stoney Ridge;2 ;2.4 to 3.2 GHz;Socket FT4;28 nm;N/A;10 W;May 31st, 2016;AMD
A9-9410 SoC;/cpu-specs/a9-9410-soc.c2063;Stoney Ridge;2 ;2.9 to 3.5 GHz;Socket FP4;28 nm;N/A;15 W;May 31st, 2016;AMD
A9-9420 SoC;/cpu-specs/a9-9420-soc.c2060;Stoney Ridge;2 ;3 to 3.6 GHz;Socket FT4;28 nm;N/A;15 W;May 31st, 2016;AMD
A9-9420e SoC;/cpu-specs/a9-9420e-soc.c3693;Stoney Ridge;2 ;1.8 to 2.7 GHz;Socket FT4;28 nm;N/A;6 W;May 31st, 2016;AMD
A9-9425 SoC;/cpu-specs/a9-9425-soc.c2062;Stoney Ridge;2 ;3.1 to 3.7 GHz;Socket FT4;28 nm;N/A;15 W;May 31st, 2016;AMD
A9-9430 SoC;/cpu-specs/a9-9430-soc.c3692;Stoney Ridge;2 ;3.1 to 3.7 GHz;Socket FT4;28 nm;N/A;25 W;May 31st, 2016;AMD
Athlon X4 845;/cpu-specs/athlon-x4-845.c2600;Carrizo;4 ;3.5 to 3.8 GHz;Socket FM2+;28 nm;N/A;65 W;Feb 2nd, 2016;AMD
FX-9800P;/cpu-specs/fx-9800p.c3666;Bristol Ridge;4 ;2.7 to 3.6 GHz;Socket FP4;28 nm;N/A;15 W;May 31st, 2016;AMD
FX-9830P;/cpu-specs/fx-9830p.c3665;Bristol Ridge;4 ;3 to 3.7 GHz;Socket FP4;28 nm;N/A;35 W;May 31st, 2016;AMD
GX-215JJ;/cpu-specs/gx-215jj.c3671;Prairie Falcon;2 ;1.5 to 2 GHz;Socket FP4;28 nm;N/A;6 W;Feb 23rd, 2016;AMD
GX-217GI;/cpu-specs/gx-217gi.c3674;Brown Falcon;2 ;1.7 to 2 GHz;Socket FP4;28 nm;N/A;15 W;Feb 23rd, 2016;AMD
GX-224IJ;/cpu-specs/gx-224ij.c3676;Prairie Falcon;2 ;2.4 to 2.8 GHz;Socket FP4;28 nm;N/A;10 W;Feb 23rd, 2016;AMD
GX-420GI;/cpu-specs/gx-420gi.c3673;Brown Falcon;4 ;2 to 2.2 GHz;Socket FP4;28 nm;N/A;15 W;Feb 23rd, 2016;AMD
Opteron A1120;/cpu-specs/opteron-a1120.c2006;Seattle;4 ;1700 MHz;Socket SP1;28 nm;8 MB;25 W;Jan 14th, 2016;AMD
Opteron A1150;/cpu-specs/opteron-a1150.c2007;Seattle;8 ;1700 MHz;Socket SP1;28 nm;8 MB;32 W;Jan 14th, 2016;AMD
Opteron A1170;/cpu-specs/opteron-a1170.c2008;Seattle;8 ;2000 MHz;Socket SP1;28 nm;8 MB;32 W;Jan 14th, 2016;AMD
Opteron X2170;/cpu-specs/opteron-x2170.c2005;Steppe Eagle;4 ;2.4 GHz;Socket FT3;28 nm;N/A;25 W;Sep 1st, 2016;AMD
PRO A10-8770;/cpu-specs/pro-a10-8770.c2607;Carrizo;4 ;3.5 to 3.8 GHz;Socket AM4;28 nm;N/A;65 W;Oct 2016;AMD
PRO A10-8770E;/cpu-specs/pro-a10-8770e.c2608;Carrizo;4 ;2.8 to 3.5 GHz;Socket AM4;28 nm;N/A;35 W;Oct 2016;AMD
PRO A10-9700E;/cpu-specs/pro-a10-9700e.c2794;Bristol Ridge;4 ;3 to 3.5 GHz;Socket AM4;28 nm;N/A;35 W;Oct 3rd, 2016;AMD
PRO A12-8870;/cpu-specs/pro-a12-8870.c2609;Carrizo;4 ;3.7 to 4.2 GHz;Socket AM4;28 nm;N/A;65 W;Oct 2016;AMD
PRO A12-8870E;/cpu-specs/pro-a12-8870e.c2610;Carrizo;4 ;2.9 to 3.7 GHz;Socket AM4;28 nm;N/A;35 W;Oct 2016;AMD
PRO A12-9800;/cpu-specs/pro-a12-9800.c2611;Bristol Ridge;4 ;3.8 to 4.2 GHz;Socket AM4;28 nm;N/A;65 W;Oct 3rd, 2016;AMD
PRO A6-9500;/cpu-specs/pro-a6-9500.c2624;Bristol Ridge;2 ;3.5 to 3.8 GHz;Socket AM4;28 nm;N/A;65 W;Oct 3rd, 2016;AMD
PRO A6-9500E;/cpu-specs/pro-a6-9500e.c2623;Bristol Ridge;2 ;3 to 3.4 GHz;Socket AM4;28 nm;N/A;35 W;Oct 3rd, 2016;AMD
PRO A8-9600;/cpu-specs/pro-a8-9600.c1957;Bristol Ridge;4 ;3.1 to 3.4 GHz;Socket AM4;28 nm;N/A;65 W;Oct 3rd, 2016;AMD
Core i5-6350HQ;/cpu-specs/core-i5-6350hq.c1997;Skylake-H;4 ;2.3 to 3.2 GHz;BGA 1440;14 nm;6 MB;45 W;Jan 24th, 2016;Intel
Core i7-6785R;/cpu-specs/core-i7-6785r.c3880;Skylake;4  / 8;3.3 to 3.9 GHz;BGA 1440;14 nm;8 MB;65 W;May 3rd, 2016;Intel
Core i7-6800K;/cpu-specs/core-i7-6800k.c1844;Broadwell-E;6  / 12;3.4 to 3.6 GHz;Socket 2011-3;14 nm;15 MB;140 W;May 31st, 2016;Intel
Core i7-6850K;/cpu-specs/core-i7-6850k.c1845;Broadwell-E;6  / 12;3.6 to 3.8 GHz;Socket 2011-3;14 nm;15 MB;140 W;May 31st, 2016;Intel
Core i7-6900K;/cpu-specs/core-i7-6900k.c1846;Broadwell-E;8  / 16;3.2 to 3.7 GHz;Socket 2011-3;14 nm;20 MB;140 W;May 31st, 2016;Intel
Core i7-6950X;/cpu-specs/core-i7-6950x.c1847;Broadwell-E;10  / 20;3 to 3.5 GHz;Socket 2011-3;14 nm;25 MB;140 W;May 31st, 2016;Intel
Xeon D-1557;/cpu-specs/xeon-d-1557.c2752;Broadwell;12  / 24;1.5 to 2.1 GHz;BGA 1667;14 nm;1.5 MB;45 W;Feb 24th, 2016;Intel
Xeon D-1567;/cpu-specs/xeon-d-1567.c2751;Broadwell;12  / 24;2.1 to 2.7 GHz;BGA 1667;14 nm;1.5 MB;65 W;Feb 24th, 2016;Intel
Xeon D-1571;/cpu-specs/xeon-d-1571.c2749;Broadwell;16  / 32;1.3 to 2.1 GHz;BGA 1667;14 nm;1.5 MB;45 W;Feb 24th, 2016;Intel
Xeon D-1577;/cpu-specs/xeon-d-1577.c2750;Broadwell;16  / 32;1.3 to 2.1 GHz;BGA 1667;14 nm;1.5 MB;45 W;Feb 24th, 2016;Intel
Xeon D-1581;/cpu-specs/xeon-d-1581.c2753;Broadwell;16  / 32;1.8 to 2.4 GHz;BGA 1667;14 nm;1.5 MB;65 W;Feb 24th, 2016;Intel
Xeon D-1587;/cpu-specs/xeon-d-1587.c2754;Broadwell;16  / 32;1.7 to 2.3 GHz;BGA 1667;14 nm;1.5 MB;65 W;Feb 24th, 2016;Intel
Xeon E3-1515M v5;/cpu-specs/xeon-e3-1515m-v5.c3245;Skylake-H;4  / 8;2.8 to 3.7 GHz;BGA 1440;14 nm;8 MB;45 W;Jan 24th, 2016;Intel
Xeon E3-1545M v5;/cpu-specs/xeon-e3-1545m-v5.c3247;Skylake-H;4  / 8;2.9 to 3.8 GHz;BGA 1440;14 nm;8 MB;45 W;Jan 24th, 2016;Intel
Xeon E3-1558L v5;/cpu-specs/xeon-e3-1558l-v5.c3244;Skylake-H;4  / 8;1.9 to 3.3 GHz;BGA 1440;14 nm;8 MB;45 W;May 31st, 2016;Intel
Xeon E3-1565L v5;/cpu-specs/xeon-e3-1565l-v5.c3243;Skylake-H;4  / 8;2.5 to 3.5 GHz;BGA 1440;14 nm;8 MB;35 W;May 31st, 2016;Intel
Xeon E3-1575M v5;/cpu-specs/xeon-e3-1575m-v5.c3248;Skylake-H;4  / 8;3 to 3.9 GHz;BGA 1440;14 nm;8 MB;45 W;Jan 24th, 2016;Intel
Xeon E3-1578L v5;/cpu-specs/xeon-e3-1578l-v5.c3242;Skylake-H;4  / 8;2 to 3.4 GHz;BGA 1440;14 nm;8 MB;45 W;May 31st, 2016;Intel
Xeon E3-1585 v5;/cpu-specs/xeon-e3-1585-v5.c3239;Skylake-H;4  / 8;3.5 to 3.9 GHz;BGA 1440;14 nm;8 MB;65 W;May 31st, 2016;Intel
Xeon E3-1585L v5;/cpu-specs/xeon-e3-1585l-v5.c3241;Skylake-H;4  / 8;3 to 3.7 GHz;BGA 1440;14 nm;8 MB;45 W;May 31st, 2016;Intel
Xeon E5-1620 v4;/cpu-specs/xeon-e5-1620-v4.c3172;Broadwell-EP;4  / 8;3.5 to 3.8 GHz;Socket 2011-3;14 nm;10 MB;140 W;Jun 20th, 2016;Intel
Xeon E5-1630 v4;/cpu-specs/xeon-e5-1630-v4.c3173;Broadwell-EP;4  / 8;3.7 to 4 GHz;Socket 2011-3;14 nm;10 MB;140 W;Jun 20th, 2016;Intel
Xeon E5-1650 v4;/cpu-specs/xeon-e5-1650-v4.c3174;Broadwell-EP;6  / 12;3.6 to 4 GHz;Socket 2011-3;14 nm;15 MB;140 W;Jun 20th, 2016;Intel
Xeon E5-1660 v4;/cpu-specs/xeon-e5-1660-v4.c3175;Broadwell-EP;8  / 16;3.2 to 3.8 GHz;Socket 2011-3;14 nm;20 MB;140 W;Jun 20th, 2016;Intel
Xeon E5-1680 v4;/cpu-specs/xeon-e5-1680-v4.c3176;Broadwell-EP;8  / 16;3.4 to 4 GHz;Socket 2011-3;14 nm;20 MB;140 W;Jun 20th, 2016;Intel
Xeon E5-2650 v4;/cpu-specs/xeon-e5-2650-v4.c3791;Broadwell-EP;12  / 24;2.2 to 2.9 GHz;Socket 2011-3;14 nm;30 MB;105 W;Mar 16th, 2016;Intel
Xeon E5-2699A v4;/cpu-specs/xeon-e5-2699a-v4.c3227;Broadwell-EP;22  / 44;2.4 to 3.6 GHz;Socket 2011-3;14 nm;55 MB;145 W;Oct 25th, 2016;Intel
Xeon Phi 7210;/cpu-specs/xeon-phi-7210.c2041;Knights Landing;64  / 256;1300 to 1500 MHz;Socket 3647;14 nm;N/A;215 W;Jun 20th, 2016;Intel
Xeon Phi 7210F;/cpu-specs/xeon-phi-7210f.c2042;Knights Landing;64  / 256;1300 to 1500 MHz;Socket 3647;14 nm;N/A;230 W;Jun 20th, 2016;Intel
Xeon Phi 7230;/cpu-specs/xeon-phi-7230.c2043;Knights Landing;64  / 256;1300 to 1500 MHz;Socket 3647;14 nm;N/A;215 W;Jun 20th, 2016;Intel
Xeon Phi 7230F;/cpu-specs/xeon-phi-7230f.c2044;Knights Landing;64  / 256;1300 to 1500 MHz;Socket 3647;14 nm;N/A;230 W;Jun 20th, 2016;Intel
Xeon Phi 7250;/cpu-specs/xeon-phi-7250.c2045;Knights Landing;68  / 272;1400 to 1600 MHz;Socket 3647;14 nm;N/A;215 W;Jun 20th, 2016;Intel
Xeon Phi 7250F;/cpu-specs/xeon-phi-7250f.c2046;Knights Landing;68  / 272;1400 to 1600 MHz;Socket 3647;14 nm;N/A;230 W;Jun 20th, 2016;Intel
Xeon Phi 7290;/cpu-specs/xeon-phi-7290.c2047;Knights Landing;72  / 288;1500 to 1700 MHz;Socket 3647;14 nm;N/A;245 W;Jun 20th, 2016;Intel
Xeon Phi 7290F;/cpu-specs/xeon-phi-7290f.c2048;Knights Landing;72  / 288;1500 to 1700 MHz;Socket 3647;14 nm;N/A;260 W;Jun 20th, 2016;Intel
A10-7870K;/cpu-specs/a10-7870k.c1833;Godaveri;4 ;3.9 to 4.1 GHz;Socket FM2+;28 nm;N/A;95 W;May 28th, 2015;AMD
A8-7650K;/cpu-specs/a8-7650k.c2617;Kaveri;4 ;3.3 to 3.8 GHz;Socket FM2+;28 nm;N/A;95 W;Jan 7th, 2015;AMD
A8-7670K;/cpu-specs/a8-7670k.c2618;Godaveri;4 ;3.6 to 3.9 GHz;Socket FM2+;28 nm;N/A;95 W;Jul 20th, 2015;AMD
Athlon X4 830;/cpu-specs/athlon-x4-830.c2634;Kaveri;4 ;3 to 3.4 GHz;Socket FM2+;28 nm;N/A;65 W;Feb 2015;AMD
Athlon X4 850;/cpu-specs/athlon-x4-850.c2629;Godaveri;4 ;3.2 to 3.9 GHz;Socket FM2+;28 nm;N/A;65 W;Jul 2015;AMD
Athlon X4 870K;/cpu-specs/athlon-x4-870k.c2630;Godaveri;4 ;3.9 to 4.1 GHz;Socket FM2+;28 nm;N/A;95 W;Dec 2015;AMD
Athlon X4 880K;/cpu-specs/athlon-x4-880k.c2631;Godaveri;4 ;4 to 4.2 GHz;Socket FM2+;28 nm;N/A;95 W;Dec 2015;AMD
E1-6015;/cpu-specs/e1-6015.c3566;Beema;2 ;1400 MHz;Socket FT3;28 nm;N/A;10 W;2015;AMD
FX PRO-8800P;/cpu-specs/fx-pro-8800p.c3668;Carrizo;4 ;2.1 to 3.4 GHz;Socket FP4;28 nm;N/A;15 W;Jun 2nd, 2015;AMD
FX-6330;/cpu-specs/fx-6330.c1831;Vishera;6 ;3.6 to 4.2 GHz;Socket AM3+;32 nm;8 MB;125 W;Dec 15th, 2015;AMD
FX-8800P;/cpu-specs/fx-8800p.c3667;Carrizo;4 ;2.1 to 3.4 GHz;Socket FP4;28 nm;N/A;15 W;Jun 2nd, 2015;AMD
PRO A10-8750B;/cpu-specs/pro-a10-8750b.c2606;Godaveri;4 ;3.6 to 4 GHz;Socket FM2+;28 nm;N/A;95 W;Sep 29th, 2015;AMD
PRO A10-8850B;/cpu-specs/pro-a10-8850b.c2605;Godaveri;4 ;3.9 to 4.1 GHz;Socket FM2+;28 nm;N/A;95 W;Sep 29th, 2015;AMD
PRO A4-8350B;/cpu-specs/pro-a4-8350b.c2638;Kaveri;2 ;3.5 to 3.9 GHz;Socket FM2+;28 nm;N/A;65 W;Sep 29th, 2015;AMD
PRO A6-8550B;/cpu-specs/pro-a6-8550b.c2627;Godaveri;2 ;3.5 to 4 GHz;Socket FM2+;28 nm;N/A;65 W;Sep 29th, 2015;AMD
PRO A8-8650B;/cpu-specs/pro-a8-8650b.c2619;Godaveri;4 ;3.2 to 3.9 GHz;Socket FM2+;28 nm;N/A;65 W;Sep 29th, 2015;AMD
Atom x3-3205RK;/cpu-specs/atom-x3-3205rk.c2803;Silvermont;4 ;1200 MHz;;28 nm;N/A;2 W;Mar 2nd, 2015;Intel
Celeron 3205U;/cpu-specs/celeron-3205u.c1798;Broadwell-U;2 ;1500 MHz;BGA 1168;14 nm;2 MB;15 W;Mar 1st, 2015;Intel
Celeron 3755U;/cpu-specs/celeron-3755u.c1799;Broadwell-U;2 ;1700 MHz;BGA 1168;14 nm;2 MB;15 W;Mar 1st, 2015;Intel
Celeron G3900;/cpu-specs/celeron-g3900.c1855;Skylake;2 ;2.8 GHz;Socket 1151;14 nm;4 MB;51 W;Sep 1st, 2015;Intel
Celeron G3920;/cpu-specs/celeron-g3920.c1856;Skylake;2 ;2.9 GHz;Socket 1151;14 nm;4 MB;51 W;Sep 1st, 2015;Intel
Pentium 3805U;/cpu-specs/pentium-3805u.c1800;Broadwell-U;2 ;1900 MHz;BGA 1168;14 nm;2 MB;15 W;Mar 1st, 2015;Intel
Pentium 3825U;/cpu-specs/pentium-3825u.c2689;Broadwell-U;2  / 4;1900 MHz;BGA 1168;14 nm;2 MB;15 W;Mar 1st, 2015;Intel
Pentium G4400;/cpu-specs/pentium-g4400.c1839;Skylake;2 ;3.3 GHz;Socket 1151;14 nm;4 MB;51 W;Sep 1st, 2015;Intel
Pentium G4500;/cpu-specs/pentium-g4500.c1838;Skylake;2 ;3.5 GHz;Socket 1151;14 nm;4 MB;51 W;Sep 1st, 2015;Intel
Pentium G4520;/cpu-specs/pentium-g4520.c1837;Skylake;2 ;3.6 GHz;Socket 1151;14 nm;4 MB;51 W;Sep 1st, 2015;Intel
Core i3-4170T;/cpu-specs/core-i3-4170t.c3509;Haswell;2  / 4;3.2 GHz;Socket 1150;22 nm;3 MB;35 W;Mar 30th, 2015;Intel
Core i3-4370T;/cpu-specs/core-i3-4370t.c3511;Haswell;2  / 4;3.3 GHz;Socket 1150;22 nm;4 MB;35 W;Mar 30th, 2015;Intel
Core i3-5005U;/cpu-specs/core-i3-5005u.c1801;Broadwell-U;2  / 4;2000 MHz;BGA 1168;14 nm;3 MB;15 W;Mar 1st, 2015;Intel
Core i3-5010U;/cpu-specs/core-i3-5010u.c1802;Broadwell-U;2  / 4;2.1 GHz;BGA 1168;14 nm;3 MB;15 W;Mar 1st, 2015;Intel
Core i3-5015U;/cpu-specs/core-i3-5015u.c2690;Broadwell-U;2  / 4;2.1 GHz;BGA 1168;14 nm;3 MB;15 W;Mar 1st, 2015;Intel
Core i3-5020U;/cpu-specs/core-i3-5020u.c2691;Broadwell-U;2  / 4;2.2 GHz;BGA 1168;14 nm;3 MB;15 W;Mar 1st, 2015;Intel
Core i3-5157U;/cpu-specs/core-i3-5157u.c1803;Broadwell-U;2  / 4;2.5 GHz;BGA 1168;14 nm;3 MB;28 W;Mar 1st, 2015;Intel
Core i3-6100;/cpu-specs/core-i3-6100.c1836;Skylake;2  / 4;3.7 GHz;Socket 1151;14 nm;4 MB;51 W;Sep 1st, 2015;Intel
Core i3-6300;/cpu-specs/core-i3-6300.c1835;Skylake;2  / 4;3.8 GHz;Socket 1151;14 nm;4 MB;51 W;Sep 1st, 2015;Intel
Core i3-6320;/cpu-specs/core-i3-6320.c1834;Skylake;2  / 4;3.9 GHz;Socket 1151;14 nm;4 MB;51 W;Sep 1st, 2015;Intel
Core i5-5200U;/cpu-specs/core-i5-5200u.c1807;Broadwell-U;2  / 4;2.2 to 2.7 GHz;BGA 1168;14 nm;3 MB;15 W;Mar 1st, 2015;Intel
Core i5-5250U;/cpu-specs/core-i5-5250u.c1811;Broadwell-U;2  / 4;1.6 to 2.7 GHz;BGA 1168;14 nm;3 MB;15 W;Mar 1st, 2015;Intel
Core i5-5257U;/cpu-specs/core-i5-5257u.c1804;Broadwell-U;2  / 4;2.7 to 3.1 GHz;BGA 1168;14 nm;3 MB;28 W;Mar 1st, 2015;Intel
Core i5-5287U;/cpu-specs/core-i5-5287u.c1805;Broadwell-U;2  / 4;2.9 to 3.3 GHz;BGA 1168;14 nm;3 MB;28 W;Mar 1st, 2015;Intel
Core i5-5300U;/cpu-specs/core-i5-5300u.c1808;Broadwell-U;2  / 4;2.3 to 2.9 GHz;BGA 1168;14 nm;3 MB;15 W;Mar 1st, 2015;Intel
Core i5-5350H;/cpu-specs/core-i5-5350h.c2696;Broadwell-H;2  / 4;3.1 to 3.5 GHz;BGA 1364;14 nm;4 MB;47 W;Mar 1st, 2015;Intel
Core i5-5350U;/cpu-specs/core-i5-5350u.c1812;Broadwell-U;2  / 4;1.8 to 2.9 GHz;BGA 1168;14 nm;3 MB;15 W;Mar 1st, 2015;Intel
Core i5-5575R;/cpu-specs/core-i5-5575r.c2688;Broadwell;4 ;2.8 to 3.3 GHz;BGA 1364;14 nm;4 MB;65 W;May 15th, 2015;Intel
Core i5-5675C;/cpu-specs/core-i5-5675c.c2147;Broadwell;4 ;3.1 to 3.6 GHz;Socket 1150;14 nm;4 MB;65 W;May 15th, 2015;Intel
Core i5-5675R;/cpu-specs/core-i5-5675r.c2686;Broadwell;4 ;3.1 to 3.6 GHz;BGA 1364;14 nm;4 MB;65 W;May 15th, 2015;Intel
Core i5-6400;/cpu-specs/core-i5-6400.c1830;Skylake;4 ;2.7 to 3.3 GHz;Socket 1151;14 nm;6 MB;65 W;Jul 2nd, 2015;Intel
Core i5-6500;/cpu-specs/core-i5-6500.c1829;Skylake;4 ;3.2 to 3.6 GHz;Socket 1151;14 nm;6 MB;65 W;Jul 2nd, 2015;Intel
Core i5-6500T;/cpu-specs/core-i5-6500t.c3515;Skylake;4 ;2.5 to 3.1 GHz;Socket 1151;14 nm;6 MB;35 W;Jul 2nd, 2015;Intel
Core i5-6500TE;/cpu-specs/core-i5-6500te.c3516;Skylake;4 ;2.3 to 3.3 GHz;Socket 1151;14 nm;6 MB;35 W;Oct 11th, 2015;Intel
Core i5-6600;/cpu-specs/core-i5-6600.c3261;Skylake;4 ;3.3 to 3.9 GHz;Socket 1151;14 nm;6 MB;35 W;Jul 1st, 2015;Intel
Core i5-6600K;/cpu-specs/core-i5-6600k.c1826;Skylake;4 ;3.5 to 3.9 GHz;Socket 1151;14 nm;6 MB;91 W;Aug 5th, 2015;Intel
Core i5-6600T;/cpu-specs/core-i5-6600t.c1828;Skylake;4 ;2.7 to 3.5 GHz;Socket 1151;14 nm;6 MB;35 W;Jul 2nd, 2015;Intel
Core i7-5500U;/cpu-specs/core-i7-5500u.c1809;Broadwell-U;2  / 4;2.4 to 3 GHz;BGA 1168;14 nm;4 MB;15 W;Mar 1st, 2015;Intel
Core i7-5550U;/cpu-specs/core-i7-5550u.c1813;Broadwell-U;2  / 4;2 to 3 GHz;BGA 1168;14 nm;4 MB;15 W;Mar 1st, 2015;Intel
Core i7-5557U;/cpu-specs/core-i7-5557u.c1806;Broadwell-U;2  / 4;3.1 to 3.4 GHz;BGA 1168;14 nm;4 MB;28 W;Mar 1st, 2015;Intel
Core i7-5600U;/cpu-specs/core-i7-5600u.c1810;Broadwell-U;2  / 4;2.6 to 3.2 GHz;BGA 1168;14 nm;4 MB;15 W;Mar 1st, 2015;Intel
Core i7-5650U;/cpu-specs/core-i7-5650u.c1814;Broadwell-U;2  / 4;2.2 to 3.2 GHz;BGA 1168;14 nm;4 MB;15 W;Mar 1st, 2015;Intel
Core i7-5700HQ;/cpu-specs/core-i7-5700hq.c2695;Broadwell-H;4  / 8;2.7 to 3.5 GHz;BGA 1364;14 nm;6 MB;47 W;Jun 2nd, 2015;Intel
Core i7-5750HQ;/cpu-specs/core-i7-5750hq.c2694;Broadwell-H;4  / 8;2.5 to 3.4 GHz;BGA 1364;14 nm;6 MB;47 W;Jun 2nd, 2015;Intel
Core i7-5775C;/cpu-specs/core-i7-5775c.c2148;Broadwell;4  / 8;3.3 to 3.7 GHz;Socket 1150;14 nm;6 MB;65 W;May 15th, 2015;Intel
Core i7-5775R;/cpu-specs/core-i7-5775r.c2687;Broadwell;4  / 8;3.3 to 3.8 GHz;BGA 1364;14 nm;6 MB;65 W;May 15th, 2015;Intel
Core i7-5850HQ;/cpu-specs/core-i7-5850hq.c2693;Broadwell-H;4  / 8;2.7 to 3.6 GHz;BGA 1364;14 nm;6 MB;47 W;Jun 2nd, 2015;Intel
Core i7-5950HQ;/cpu-specs/core-i7-5950hq.c2692;Broadwell-H;4  / 8;2.9 to 3.8 GHz;BGA 1364;14 nm;6 MB;47 W;Jun 2nd, 2015;Intel
Core i7-6700;/cpu-specs/core-i7-6700.c1827;Skylake;4  / 8;3.4 to 4 GHz;Socket 1151;14 nm;8 MB;65 W;Jul 1st, 2015;Intel
Core i7-6700K;/cpu-specs/core-i7-6700k.c1825;Skylake;4  / 8;4 to 4.2 GHz;Socket 1151;14 nm;8 MB;91 W;Aug 5th, 2015;Intel
Core i7-6700T;/cpu-specs/core-i7-6700t.c1857;Skylake;4  / 8;2.8 to 3.6 GHz;Socket 1151;14 nm;8 MB;35 W;Sep 1st, 2015;Intel
Core i7-6700TE;/cpu-specs/core-i7-6700te.c1858;Skylake;4  / 8;2.4 to 3.4 GHz;Socket 1151;14 nm;8 MB;35 W;Sep 1st, 2015;Intel
Core m3-6Y30;/cpu-specs/core-m3-6y30.c3586;Skylake-Y;2  / 4;0.9 to 2.2 GHz;BGA 1515;14 nm;4 MB;5 W;Sep 1st, 2015;Intel
Core m5-6Y54;/cpu-specs/core-m5-6y54.c3587;Skylake-Y;2  / 4;1.1 to 2.7 GHz;BGA 1515;14 nm;4 MB;5 W;Sep 1st, 2015;Intel
Core m5-6Y57;/cpu-specs/core-m5-6y57.c3588;Skylake-Y;2  / 4;1.1 to 2.8 GHz;BGA 1515;14 nm;4 MB;5 W;Sep 1st, 2015;Intel
Core m7-6Y75;/cpu-specs/core-m7-6y75.c3589;Skylake-Y;2  / 4;1.2 to 3.1 GHz;BGA 1515;14 nm;4 MB;5 W;Sep 1st, 2015;Intel
Xeon E7-4809 v3;/cpu-specs/xeon-e7-4809-v3.c2337;Haswell-EX;8  / 16;2000 MHz;Socket 2011-1;22 nm;20 MB;115 W;Jun 1st, 2015;Intel
Xeon E7-4820 v3;/cpu-specs/xeon-e7-4820-v3.c1822;Haswell-EX;10  / 20;1900 MHz;Socket 2011-1;22 nm;25 MB;115 W;Jun 1st, 2015;Intel
Xeon E7-4830 v3;/cpu-specs/xeon-e7-4830-v3.c1823;Haswell-EX;12  / 24;2.1 to 2.7 GHz;Socket 2011-3;22 nm;30 MB;115 W;Jun 1st, 2015;Intel
Xeon E7-4850 v3;/cpu-specs/xeon-e7-4850-v3.c1824;Haswell-EX;14  / 28;2.2 to 2.8 GHz;Socket 2011-3;22 nm;35 MB;115 W;Jun 1st, 2015;Intel
Xeon E7-8860 v3;/cpu-specs/xeon-e7-8860-v3.c2338;Haswell-EX;16  / 32;2.2 to 3.2 GHz;Socket 2011-3;22 nm;40 MB;140 W;Jun 1st, 2015;Intel
Xeon E7-8867 v3;/cpu-specs/xeon-e7-8867-v3.c2339;Haswell-EX;16  / 32;2.5 to 3.3 GHz;Socket 2011-3;22 nm;45 MB;165 W;Jun 1st, 2015;Intel
Xeon E7-8870 v3;/cpu-specs/xeon-e7-8870-v3.c1821;Haswell-EX;18  / 36;2.1 to 2.9 GHz;Socket 2011-3;22 nm;45 MB;140 W;Jun 1st, 2015;Intel
Xeon E7-8880 v3;/cpu-specs/xeon-e7-8880-v3.c1820;Haswell-EX;18  / 36;2.3 to 3.1 GHz;Socket 2011-3;22 nm;45 MB;150 W;Jun 1st, 2015;Intel
Xeon E7-8880L v3;/cpu-specs/xeon-e7-8880l-v3.c2342;Haswell-EX;18  / 36;2 to 2.8 GHz;Socket 2011-3;22 nm;45 MB;115 W;Jun 1st, 2015;Intel
Xeon E7-8890 v3;/cpu-specs/xeon-e7-8890-v3.c1819;Haswell-EX;18  / 36;2.5 to 3.3 GHz;Socket 2011-3;22 nm;45 MB;165 W;Jun 1st, 2015;Intel
Xeon E7-8891 v3;/cpu-specs/xeon-e7-8891-v3.c2340;Haswell-EX;10  / 20;2.8 to 3.5 GHz;Socket 2011-3;22 nm;45 MB;165 W;Jun 1st, 2015;Intel
Xeon E7-8893 v3;/cpu-specs/xeon-e7-8893-v3.c2341;Haswell-EX;4  / 8;3.2 to 3.5 GHz;Socket 2011-3;22 nm;45 MB;140 W;Jun 1st, 2015;Intel
Xeon E3-1220 v5;/cpu-specs/xeon-e3-1220-v5.c3238;Skylake-DT;4 ;3 to 3.5 GHz;Socket 1151;14 nm;8 MB;80 W;Oct 19th, 2015;Intel
Xeon E3-1225 v5;/cpu-specs/xeon-e3-1225-v5.c3237;Skylake-DT;4 ;3.3 to 3.7 GHz;Socket 1151;14 nm;8 MB;80 W;Oct 19th, 2015;Intel
Xeon E3-1230 v5;/cpu-specs/xeon-e3-1230-v5.c3236;Skylake-DT;4  / 8;3.4 to 3.8 GHz;Socket 1151;14 nm;8 MB;80 W;Oct 19th, 2015;Intel
Xeon E3-1235L v5;/cpu-specs/xeon-e3-1235l-v5.c3235;Skylake-DT;4 ;2 to 3 GHz;Socket 1151;14 nm;8 MB;25 W;Oct 19th, 2015;Intel
Xeon E3-1240 v5;/cpu-specs/xeon-e3-1240-v5.c3234;Skylake-DT;4  / 8;3.5 to 3.9 GHz;Socket 1151;14 nm;8 MB;80 W;Oct 19th, 2015;Intel
Xeon E3-1240L v5;/cpu-specs/xeon-e3-1240l-v5.c3233;Skylake-DT;4  / 8;2.1 to 3.2 GHz;Socket 1151;14 nm;8 MB;25 W;Oct 19th, 2015;Intel
Xeon E3-1245 v5;/cpu-specs/xeon-e3-1245-v5.c3232;Skylake-DT;4  / 8;3.5 to 3.9 GHz;Socket 1151;14 nm;8 MB;80 W;Oct 19th, 2015;Intel
Xeon E3-1258L v4;/cpu-specs/xeon-e3-1258l-v4.c2682;Broadwell-DT;4  / 8;1.8 to 3.2 GHz;BGA 1364;14 nm;6 MB;47 W;Jun 2nd, 2015;Intel
Xeon E3-1260L v5;/cpu-specs/xeon-e3-1260l-v5.c3231;Skylake-DT;4  / 8;2.9 to 3.9 GHz;Socket 1151;14 nm;8 MB;45 W;Oct 19th, 2015;Intel
Xeon E3-1265L v4;/cpu-specs/xeon-e3-1265l-v4.c2680;Broadwell-DT;4  / 8;2.3 to 3.3 GHz;Socket 1150;14 nm;6 MB;35 W;Jun 2nd, 2015;Intel
Xeon E3-1268L v5;/cpu-specs/xeon-e3-1268l-v5.c3230;Skylake-DT;4  / 8;2.4 to 3.4 GHz;Socket 1151;14 nm;8 MB;35 W;Oct 19th, 2015;Intel
Xeon E3-1270 v5;/cpu-specs/xeon-e3-1270-v5.c3229;Skylake-DT;4  / 8;3.6 to 4 GHz;Socket 1151;14 nm;8 MB;80 W;Oct 19th, 2015;Intel
Xeon E3-1270L v4;/cpu-specs/xeon-e3-1270l-v4.c2684;Broadwell-DT;4  / 8;3 to 3.6 GHz;Socket 1150;14 nm;6 MB;45 W;Jun 2nd, 2015;Intel
Xeon E3-1275 v5;/cpu-specs/xeon-e3-1275-v5.c3228;Skylake-DT;4  / 8;3.6 to 4 GHz;Socket 1151;14 nm;8 MB;80 W;Oct 19th, 2015;Intel
Xeon E3-1278L v4;/cpu-specs/xeon-e3-1278l-v4.c2683;Broadwell-DT;4  / 8;2 to 3.3 GHz;BGA 1364;14 nm;6 MB;47 W;Jun 2nd, 2015;Intel
Xeon E3-1280 v5;/cpu-specs/xeon-e3-1280-v5.c1841;Skylake-DT;4  / 8;3.7 to 4 GHz;Socket 1151;14 nm;8 MB;80 W;Oct 19th, 2015;Intel
Xeon E3-1283L v4;/cpu-specs/xeon-e3-1283l-v4.c2685;Broadwell-DT;4  / 8;2.9 to 3.8 GHz;Socket 1150;14 nm;6 MB;47 W;Jun 2nd, 2015;Intel
Xeon E3-1284L v4;/cpu-specs/xeon-e3-1284l-v4.c2681;Broadwell-DT;4  / 8;2.9 to 3.8 GHz;Socket 1150;14 nm;6 MB;47 W;Jun 2nd, 2015;Intel
Xeon E3-1285 v4;/cpu-specs/xeon-e3-1285-v4.c1840;Broadwell-DT;4  / 8;3.5 to 3.8 GHz;Socket 1150;14 nm;6 MB;95 W;Jun 2nd, 2015;Intel
Xeon E3-1285L v4;/cpu-specs/xeon-e3-1285l-v4.c2679;Broadwell-DT;4  / 8;3.4 to 3.8 GHz;Socket 1150;14 nm;6 MB;65 W;Jun 2nd, 2015;Intel
Xeon E3-1505L v5;/cpu-specs/xeon-e3-1505l-v5.c3250;Skylake-H;4  / 8;2 to 2.8 GHz;BGA 1440;14 nm;8 MB;25 W;Oct 27th, 2015;Intel
Xeon E3-1505M v5;/cpu-specs/xeon-e3-1505m-v5.c3249;Skylake-H;4  / 8;2.8 to 3.7 GHz;BGA 1440;14 nm;8 MB;45 W;Oct 27th, 2015;Intel
Xeon E3-1535M v5;/cpu-specs/xeon-e3-1535m-v5.c3246;Skylake-H;4  / 8;2.9 to 3.7 GHz;BGA 1440;14 nm;8 MB;45 W;Oct 27th, 2015;Intel
Xeon E5-2658A v3;/cpu-specs/xeon-e5-2658a-v3.c2881;Haswell-EP;12  / 24;2.2 to 2.9 GHz;Socket 2011-3;22 nm;30 MB;105 W;2015;Intel
Xeon E5-2669 v3;/cpu-specs/xeon-e5-2669-v3.c2882;Haswell-EP;12  / 24;2.3 to 3.1 GHz;Socket 2011-3;22 nm;30 MB;120 W;2015;Intel
Xeon E5-2676 v3;/cpu-specs/xeon-e5-2676-v3.c2885;Haswell-EP;12  / 24;2.4 to 3 GHz;Socket 2011-3;22 nm;30 MB;120 W;Jun 2015;Intel
Xeon E5-2678 v3;/cpu-specs/xeon-e5-2678-v3.c2886;Haswell-EP;12  / 24;2.5 to 3.3 GHz;Socket 2011-3;22 nm;30 MB;120 W;2015;Intel
Xeon E5-2698B v3;/cpu-specs/xeon-e5-2698b-v3.c2901;Haswell-EP;16  / 32;2 to 3.4 GHz;Socket 2011-3;22 nm;40 MB;135 W;Jan 2015;Intel
Xeon E5-4610 v3;/cpu-specs/xeon-e5-4610-v3.c2906;Haswell-EP;10  / 20;1700 MHz;Socket 2011-3;22 nm;25 MB;105 W;Jun 1st, 2015;Intel
Xeon E5-4620 v3;/cpu-specs/xeon-e5-4620-v3.c2907;Haswell-EP;10  / 20;2 to 2.6 GHz;Socket 2011-3;22 nm;25 MB;105 W;Jun 1st, 2015;Intel
Xeon E5-4627 v3;/cpu-specs/xeon-e5-4627-v3.c2908;Haswell-EP;10  / 20;2.6 to 3.2 GHz;Socket 2011-3;22 nm;25 MB;135 W;Jun 1st, 2015;Intel
Xeon E5-4640 v3;/cpu-specs/xeon-e5-4640-v3.c2909;Haswell-EP;12  / 24;1.9 to 2.6 GHz;Socket 2011-3;22 nm;30 MB;105 W;Jun 1st, 2015;Intel
Xeon E5-4648 v3;/cpu-specs/xeon-e5-4648-v3.c2910;Haswell-EP;12  / 24;1.7 to 2.2 GHz;Socket 2011-3;22 nm;30 MB;105 W;Jun 1st, 2015;Intel
Xeon E5-4650 v3;/cpu-specs/xeon-e5-4650-v3.c2911;Haswell-EP;12  / 24;2.1 to 2.8 GHz;Socket 2011-3;22 nm;30 MB;105 W;Jun 1st, 2015;Intel
Xeon E5-4655 v3;/cpu-specs/xeon-e5-4655-v3.c2905;Haswell-EP;6  / 12;2.9 to 3.2 GHz;Socket 2011-3;22 nm;30 MB;135 W;Jun 1st, 2015;Intel
Xeon E5-4660 v3;/cpu-specs/xeon-e5-4660-v3.c2912;Haswell-EP;14  / 28;2.1 to 2.9 GHz;Socket 2011-3;22 nm;35 MB;120 W;Jun 1st, 2015;Intel
Xeon E5-4667 v3;/cpu-specs/xeon-e5-4667-v3.c2913;Haswell-EP;16  / 32;2 to 2.9 GHz;Socket 2011-3;22 nm;40 MB;135 W;Jun 1st, 2015;Intel
Xeon E5-4669 v3;/cpu-specs/xeon-e5-4669-v3.c2914;Haswell-EP;18  / 36;2.1 to 2.9 GHz;Socket 2011-3;22 nm;45 MB;135 W;Jun 1st, 2015;Intel
Xeon D-1518;/cpu-specs/xeon-d-1518.c2707;Broadwell;4  / 8;2.2 GHz;BGA 1667;14 nm;1.5 MB;35 W;Mar 9th, 2015;Intel
Xeon D-1520;/cpu-specs/xeon-d-1520.c2708;Broadwell;4  / 8;2.2 to 2.6 GHz;BGA 1667;14 nm;1.5 MB;45 W;Mar 9th, 2015;Intel
Xeon D-1521;/cpu-specs/xeon-d-1521.c2709;Broadwell;4  / 8;2.4 to 2.7 GHz;BGA 1667;14 nm;1.5 MB;45 W;Nov 1st, 2015;Intel
Xeon D-1527;/cpu-specs/xeon-d-1527.c2710;Broadwell;4  / 8;2.2 to 2.7 GHz;BGA 1667;14 nm;1.5 MB;35 W;Nov 1st, 2015;Intel
Xeon D-1528;/cpu-specs/xeon-d-1528.c2711;Broadwell;6  / 12;1.9 to 2.5 GHz;BGA 1667;14 nm;1.5 MB;35 W;Nov 1st, 2015;Intel
Xeon D-1531;/cpu-specs/xeon-d-1531.c2712;Broadwell;6  / 12;2.2 to 2.7 GHz;BGA 1667;14 nm;1.5 MB;35 W;Nov 1st, 2015;Intel
Xeon D-1537;/cpu-specs/xeon-d-1537.c2713;Broadwell;8  / 16;1.7 to 2.3 GHz;BGA 1667;14 nm;1.5 MB;35 W;Nov 1st, 2015;Intel
Xeon D-1540;/cpu-specs/xeon-d-1540.c2714;Broadwell;8  / 16;2 to 2.6 GHz;BGA 1667;14 nm;1.5 MB;45 W;Mar 9th, 2015;Intel
Xeon D-1541;/cpu-specs/xeon-d-1541.c2715;Broadwell;8  / 16;2.1 to 2.7 GHz;BGA 1667;14 nm;1.5 MB;45 W;Nov 1st, 2015;Intel
Xeon D-1548;/cpu-specs/xeon-d-1548.c2716;Broadwell;8  / 16;2 to 2.6 GHz;BGA 1667;14 nm;1.5 MB;45 W;Nov 1st, 2015;Intel
Nano QuadCore C4650;/cpu-specs/nano-quadcore-c4650.c2798;CNR;4 ;1.333 to 2 GHz;VIA nanoBGA2;28 nm;N/A;18 W;2015;VIA
Nano QuadCore C4650 ES;/cpu-specs/nano-quadcore-c4650-es.c2801;CNR;4 ;2000 MHz;VIA Socket 2084;28 nm;N/A;18 W;Never Released;VIA
Nano QuadCore C4700;/cpu-specs/nano-quadcore-c4700.c2796;ZX-C+;4 ;1.333 to 2 GHz;VIA nanoBGA2;28 nm;N/A;35 W;2015;VIA
A10 PRO-7800B;/cpu-specs/a10-pro-7800b.c2602;Kaveri;4 ;3.5 to 3.9 GHz;Socket FM2+;28 nm;N/A;65 W;Jul 31st, 2014;AMD
A10 PRO-7850B;/cpu-specs/a10-pro-7850b.c2603;Kaveri;4 ;3.7 to 4 GHz;Socket FM2+;28 nm;N/A;95 W;Jul 31st, 2014;AMD
A10-7700K;/cpu-specs/a10-7700k.c1745;Kaveri;4 ;3.4 to 3.8 GHz;Socket FM2+;28 nm;N/A;95 W;Jan 14th, 2014;AMD
A10-7800;/cpu-specs/a10-7800.c2601;Kaveri;4 ;3.5 to 3.9 GHz;Socket FM2+;28 nm;N/A;65 W;Jul 31st, 2014;AMD
A10-7850K;/cpu-specs/a10-7850k.c1744;Kaveri;4 ;3.7 to 4 GHz;Socket FM2+;28 nm;N/A;95 W;Jan 14th, 2014;AMD
A4 PRO-3340B;/cpu-specs/a4-pro-3340b.c3561;Kabini;4 ;2.2 GHz;Socket FT3;28 nm;N/A;25 W;Dec 20th, 2014;AMD
A4 PRO-7300B;/cpu-specs/a4-pro-7300b.c2647;Richland;2 ;3.8 to 4 GHz;Socket FM2;32 nm;N/A;65 W;Aug 2014;AMD
A4 PRO-7350B;/cpu-specs/a4-pro-7350b.c2637;Kaveri;2 ;3.4 to 3.8 GHz;Socket FM2+;28 nm;N/A;65 W;Jul 31st, 2014;AMD
A4-4020;/cpu-specs/a4-4020.c2649;Richland;2 ;3.2 to 3.4 GHz;Socket FM2;32 nm;N/A;65 W;Jan 2014;AMD
A4-5050;/cpu-specs/a4-5050.c1759;Kabini;4 ;1550 MHz;Socket FT3;28 nm;N/A;13 W;Feb 1st, 2014;AMD
A4-6320B;/cpu-specs/a4-6320b.c2645;Richland;2 ;3.8 to 4 GHz;Socket FM2;32 nm;N/A;65 W;Mar 2014;AMD
A4-7300;/cpu-specs/a4-7300.c2646;Richland;2 ;3.8 to 4 GHz;Socket FM2;32 nm;N/A;65 W;Aug 2014;AMD
A6 PRO-7400B;/cpu-specs/a6-pro-7400b.c2625;Kaveri;2 ;3.5 to 3.9 GHz;Socket FM2+;28 nm;N/A;65 W;Jul 31st, 2014;AMD
A6-6420K;/cpu-specs/a6-6420k.c2642;Richland;2 ;4 to 4.2 GHz;Socket FM2;32 nm;N/A;65 W;Jan 2014;AMD
A6-7400K;/cpu-specs/a6-7400k.c2626;Kaveri;2 ;3.5 to 3.9 GHz;Socket FM2+;28 nm;N/A;65 W;Jul 31st, 2014;AMD
A8 PRO-7600B;/cpu-specs/a8-pro-7600b.c2616;Kaveri;4 ;3.1 to 3.8 GHz;Socket FM2+;28 nm;N/A;65 W;Jul 31st, 2014;AMD
A8-7600;/cpu-specs/a8-7600.c2615;Kaveri;4 ;3.1 to 3.8 GHz;Socket FM2+;28 nm;N/A;65 W;Jul 31st, 2014;AMD
Athlon 5150;/cpu-specs/athlon-5150.c2514;Kabini;4 ;1600 MHz;Socket AM1;28 nm;N/A;25 W;Apr 9th, 2014;AMD
Athlon 5350;/cpu-specs/athlon-5350.c2516;Kabini;4 ;2.05 GHz;Socket AM1;28 nm;N/A;25 W;Apr 9th, 2014;AMD
Athlon 5370;/cpu-specs/athlon-5370.c2517;Kabini;4 ;2.2 GHz;Socket AM1;28 nm;N/A;25 W;Apr 9th, 2014;AMD
Athlon X2 450;/cpu-specs/athlon-x2-450.c2636;Kaveri;2 ;3.5 to 3.9 GHz;Socket FM2+;28 nm;N/A;65 W;Jul 31st, 2014;AMD
Athlon X4 840;/cpu-specs/athlon-x4-840.c2633;Kaveri;4 ;3.1 to 3.8 GHz;Socket FM2+;28 nm;N/A;65 W;Aug 12th, 2014;AMD
Athlon X4 860K;/cpu-specs/athlon-x4-860k.c2632;Kaveri;4 ;3.7 to 4 GHz;Socket FM2+;28 nm;N/A;95 W;Aug 12th, 2014;AMD
E1-2150;/cpu-specs/e1-2150.c1760;Kabini;2 ;1050 MHz;Socket FT3;28 nm;N/A;9 W;Feb 1st, 2014;AMD
E1-6010;/cpu-specs/e1-6010.c3564;Beema;2 ;1350 MHz;Socket FT3;28 nm;N/A;10 W;Apr 29th, 2014;AMD
E2-3800;/cpu-specs/e2-3800.c2512;Kabini;4 ;1300 MHz;Socket FT3;28 nm;N/A;15 W;Jan 5th, 2014;AMD
FX-7500;/cpu-specs/fx-7500.c3670;Kaveri;4 ;2.1 to 3.3 GHz;Socket FP3;28 nm;N/A;19 W;Jun 4th, 2014;AMD
FX-7600P;/cpu-specs/fx-7600p.c3669;Kaveri;4 ;2.7 to 3.6 GHz;Socket FP4;28 nm;N/A;35 W;Jun 4th, 2014;AMD
FX-770K;/cpu-specs/fx-770k.c2635;Kaveri;4 ;3.5 to 3.9 GHz;Socket FM2+;28 nm;N/A;65 W;Dec 2014;AMD
FX-8320E;/cpu-specs/fx-8320e.c1787;Vishera;8 ;3.2 to 4 GHz;Socket AM3+;32 nm;8 MB;95 W;Sep 2nd, 2014;AMD
FX-8370;/cpu-specs/fx-8370.c1785;Vishera;8 ;4 to 4.3 GHz;Socket AM3+;32 nm;8 MB;125 W;Sep 2nd, 2014;AMD
FX-8370E;/cpu-specs/fx-8370e.c1786;Vishera;8 ;3.3 to 4.3 GHz;Socket AM3+;32 nm;8 MB;95 W;Sep 2nd, 2014;AMD
Opteron 6338P;/cpu-specs/opteron-6338p.c3728;Warsaw;12 ;2.3 to 2.8 GHz;Socket G34;32 nm;8 MB;99 W;Jan 22nd, 2014;AMD
Opteron 6370P;/cpu-specs/opteron-6370p.c3726;Warsaw;16 ;2 to 2.5 GHz;Socket G34;32 nm;8 MB;99 W;Jan 22nd, 2014;AMD
Sempron 2650;/cpu-specs/sempron-2650.c2513;Kabini;2 ;1450 MHz;Socket AM1;28 nm;N/A;25 W;Apr 9th, 2014;AMD
Sempron 3850;/cpu-specs/sempron-3850.c2515;Kabini;4 ;1300 MHz;Socket AM1;28 nm;N/A;25 W;Apr 9th, 2014;AMD
Atom Z3735G;/cpu-specs/atom-z3735g.c2518;Bay Trail-T;4 ;1333 to 1833 MHz;BGA 592;22 nm;N/A;2 W;Apr 9th, 2014;Intel
Celeron G1840;/cpu-specs/celeron-g1840.c1752;Haswell;2 ;2.8 GHz;Socket 1150;22 nm;3 MB;54 W;May 1st, 2014;Intel
Celeron G1840T;/cpu-specs/celeron-g1840t.c1794;Haswell;2 ;2.5 GHz;Socket 1150;22 nm;3 MB;54 W;May 1st, 2014;Intel
Celeron G1850;/cpu-specs/celeron-g1850.c1791;Haswell;2 ;2.9 GHz;Socket 1150;22 nm;3 MB;54 W;May 1st, 2014;Intel
Celeron N2807;/cpu-specs/celeron-n2807.c1886;Bay Trail-M;2 ;1.58 to 2.16 GHz;BGA 1170;22 nm;N/A;4 W;Feb 23rd, 2014;Intel
Celeron N2808;/cpu-specs/celeron-n2808.c1887;Bay Trail-M;2 ;1.58 to 2.25 GHz;BGA 1170;22 nm;N/A;4 W;May 22nd, 2014;Intel
Celeron N2830;/cpu-specs/celeron-n2830.c1880;Bay Trail-M;2 ;2.16 to 2.41 GHz;BGA 1170;22 nm;N/A;7 W;Feb 23rd, 2014;Intel
Celeron N2840;/cpu-specs/celeron-n2840.c1881;Bay Trail-M;2 ;2.16 to 2.58 GHz;BGA 1170;22 nm;N/A;7 W;May 22nd, 2014;Intel
Celeron N2930;/cpu-specs/celeron-n2930.c1890;Bay Trail-M;4 ;1.83 to 2.16 GHz;BGA 1170;22 nm;N/A;7 W;Feb 23rd, 2014;Intel
Celeron N2940;/cpu-specs/celeron-n2940.c1891;Bay Trail-M;4 ;1.83 to 2.25 GHz;BGA 1170;22 nm;N/A;7 W;May 22nd, 2014;Intel
Pentium 1403 V2;/cpu-specs/pentium-1403-v2.c3179;Ivy Bridge-EN;2 ;2.6 GHz;Socket 1356;22 nm;6 MB;80 W;Jan 9th, 2014;Intel
Pentium 1405 V2;/cpu-specs/pentium-1405-v2.c3180;Ivy Bridge-EN;2 ;1400 MHz;Socket 1356;22 nm;6 MB;40 W;Jan 9th, 2014;Intel
Pentium G3250;/cpu-specs/pentium-g3250.c1771;Haswell;2 ;3.2 GHz;Socket 1150;22 nm;3 MB;54 W;Jul 21st, 2014;Intel
Pentium G3250T;/cpu-specs/pentium-g3250t.c1772;Haswell;2 ;2.8 GHz;Socket 1150;22 nm;3 MB;35 W;Jul 21st, 2014;Intel
Pentium G3258;/cpu-specs/pentium-g3258.c1797;Haswell;2 ;3.2 GHz;Socket 1150;22 nm;3 MB;54 W;Jun 2nd, 2014;Intel
Pentium G3440;/cpu-specs/pentium-g3440.c1790;Haswell;2 ;3.3 GHz;Socket 1150;22 nm;3 MB;54 W;May 1st, 2014;Intel
Pentium G3450;/cpu-specs/pentium-g3450.c1751;Haswell;2 ;3.3 GHz;Socket 1150;22 nm;3 MB;54 W;May 1st, 2014;Intel
Pentium G3450T;/cpu-specs/pentium-g3450t.c1773;Haswell;2 ;2.9 GHz;Socket 1150;22 nm;3 MB;35 W;Jul 21st, 2014;Intel
Pentium G3460;/cpu-specs/pentium-g3460.c1770;Haswell;2 ;3.5 GHz;Socket 1150;22 nm;3 MB;54 W;Jul 21st, 2014;Intel
Atom x5-E3930;/cpu-specs/atom-x5-e3930.c2595;Apollo Lake;2 ;1300 to 1800 MHz;BGA 1296;14 nm;N/A;7 W;Aug 30th, 2014;Intel
Atom x5-E3940;/cpu-specs/atom-x5-e3940.c2596;Apollo Lake;4 ;1600 to 1800 MHz;BGA 1296;14 nm;N/A;10 W;Aug 30th, 2014;Intel
Atom x7-E3950;/cpu-specs/atom-x7-e3950.c2597;Apollo Lake;4 ;1.6 to 2 GHz;BGA 1296;14 nm;N/A;12 W;Aug 30th, 2014;Intel
Core i3-4150;/cpu-specs/core-i3-4150.c3171;Haswell;2  / 4;3.5 GHz;Socket 1150;22 nm;3 MB;54 W;May 1st, 2014;Intel
Core i3-4150T;/cpu-specs/core-i3-4150t.c1755;Haswell;2  / 4;2.9 GHz;Socket 1150;22 nm;3 MB;35 W;May 1st, 2014;Intel
Core i3-4160;/cpu-specs/core-i3-4160.c1767;Haswell;2  / 4;3.6 GHz;Socket 1150;22 nm;3 MB;54 W;Jul 21st, 2014;Intel
Core i3-4160T;/cpu-specs/core-i3-4160t.c1769;Haswell;2  / 4;3.1 GHz;Socket 1150;22 nm;3 MB;35 W;Jul 21st, 2014;Intel
Core i3-4170;/cpu-specs/core-i3-4170.c3508;Haswell;2  / 4;3.7 GHz;Socket 1150;22 nm;3 MB;54 W;May 1st, 2014;Intel
Core i3-4330TE;/cpu-specs/core-i3-4330te.c3514;Haswell;2  / 4;2.4 GHz;Socket 1150;22 nm;4 MB;35 W;May 11th, 2014;Intel
Core i3-4340TE;/cpu-specs/core-i3-4340te.c3513;Haswell;2  / 4;2.6 GHz;Socket 1150;22 nm;4 MB;35 W;May 11th, 2014;Intel
Core i3-4350;/cpu-specs/core-i3-4350.c1788;Haswell;2  / 4;3.6 GHz;Socket 1150;22 nm;4 MB;54 W;May 1st, 2014;Intel
Core i3-4350T;/cpu-specs/core-i3-4350t.c3512;Haswell;2  / 4;3.1 GHz;Socket 1150;22 nm;4 MB;35 W;May 11th, 2014;Intel
Core i3-4360;/cpu-specs/core-i3-4360.c1749;Haswell;2  / 4;3.7 GHz;Socket 1150;22 nm;4 MB;54 W;May 1st, 2014;Intel
Core i3-4360T;/cpu-specs/core-i3-4360t.c1768;Haswell;2  / 4;3.2 GHz;Socket 1150;22 nm;4 MB;35 W;Jul 21st, 2014;Intel
Core i3-4370;/cpu-specs/core-i3-4370.c1766;Haswell;2  / 4;3.8 GHz;Socket 1150;22 nm;4 MB;54 W;Jul 21st, 2014;Intel
Core i5-4210U;/cpu-specs/core-i5-4210u.c2028;Haswell;2  / 4;1.7 to 2.7 GHz;BGA 1168;22 nm;3 MB;15 W;Apr 14th, 2014;Intel
Core i5-4460;/cpu-specs/core-i5-4460.c3505;Haswell;4 ;3.2 to 3.4 GHz;Socket 1150;22 nm;6 MB;84 W;May 11th, 2014;Intel
Core i5-4460S;/cpu-specs/core-i5-4460s.c3506;Haswell;4 ;2.9 to 3.4 GHz;Socket 1150;22 nm;6 MB;65 W;May 11th, 2014;Intel
Core i5-4460T;/cpu-specs/core-i5-4460t.c3507;Haswell;4 ;1.9 to 2.7 GHz;Socket 1150;22 nm;6 MB;35 W;Mar 1st, 2014;Intel
Core i5-4590;/cpu-specs/core-i5-4590.c1750;Haswell;4 ;3.3 to 3.7 GHz;Socket 1150;22 nm;6 MB;84 W;May 1st, 2014;Intel
Core i5-4590S;/cpu-specs/core-i5-4590s.c1754;Haswell;4 ;2.9 to 3.6 GHz;Socket 1150;22 nm;6 MB;65 W;May 1st, 2014;Intel
Core i5-4590T;/cpu-specs/core-i5-4590t.c3510;Haswell;4 ;2 to 3 GHz;Socket 1150;22 nm;6 MB;35 W;May 11th, 2014;Intel
Core i5-4690;/cpu-specs/core-i5-4690.c1748;Haswell;4 ;3.4 to 3.8 GHz;Socket 1150;22 nm;6 MB;84 W;May 1st, 2014;Intel
Core i5-4690K;/cpu-specs/core-i5-4690k.c1762;Haswell;4 ;3.5 to 3.9 GHz;Socket 1150;22 nm;6 MB;88 W;Jun 2nd, 2014;Intel
Core i5-4690S;/cpu-specs/core-i5-4690s.c3502;Haswell;4 ;3.2 to 3.9 GHz;Socket 1150;22 nm;6 MB;65 W;May 1st, 2014;Intel
Core i5-4690T;/cpu-specs/core-i5-4690t.c3501;Haswell;4 ;2.5 to 3.5 GHz;Socket 1150;22 nm;6 MB;45 W;May 1st, 2014;Intel
Core i7-4610M;/cpu-specs/core-i7-4610m.c1774;Haswell;2  / 4;3 to 3.7 GHz;Socket G3;22 nm;4 MB;37 W;Feb 1st, 2014;Intel
Core i7-4710HQ;/cpu-specs/core-i7-4710hq.c1780;Crystalwell;4  / 8;2.5 to 3.5 GHz;BGA 1364;22 nm;6 MB;47 W;Apr 1st, 2014;Intel
Core i7-4712HQ;/cpu-specs/core-i7-4712hq.c1781;Haswell;4  / 8;2.3 to 3.3 GHz;BGA 1364;22 nm;6 MB;37 W;Apr 1st, 2014;Intel
Core i7-4760HQ;/cpu-specs/core-i7-4760hq.c1779;Crystalwell;4  / 8;2.1 to 3.3 GHz;BGA 1364;22 nm;6 MB;47 W;Feb 1st, 2014;Intel
Core i7-4770HQ;/cpu-specs/core-i7-4770hq.c1778;Crystalwell;4  / 8;2.2 to 3.4 GHz;BGA 1364;22 nm;6 MB;47 W;Jul 1st, 2014;Intel
Core i7-4790;/cpu-specs/core-i7-4790.c1747;Haswell;4  / 8;3.6 to 4 GHz;Socket 1150;22 nm;8 MB;84 W;May 1st, 2014;Intel
Core i7-4790K;/cpu-specs/core-i7-4790k.c1761;Haswell;4  / 8;4 to 4.4 GHz;Socket 1150;22 nm;8 MB;88 W;May 1st, 2014;Intel
Core i7-4790S;/cpu-specs/core-i7-4790s.c1753;Haswell;4  / 8;3.2 to 4 GHz;Socket 1150;22 nm;8 MB;65 W;May 11th, 2014;Intel
Core i7-4790T;/cpu-specs/core-i7-4790t.c3500;Haswell;4  / 8;2.7 to 3.9 GHz;Socket 1150;22 nm;8 MB;45 W;May 1st, 2014;Intel
Core i7-4810MQ;/cpu-specs/core-i7-4810mq.c1758;Haswell;4  / 8;2.8 to 3.8 GHz;Socket G3;22 nm;6 MB;47 W;Jan 20th, 2014;Intel
Core i7-4860HQ;/cpu-specs/core-i7-4860hq.c1777;Crystalwell;4  / 8;2.4 to 3.6 GHz;BGA 1364;22 nm;6 MB;47 W;Feb 1st, 2014;Intel
Core i7-4870HQ;/cpu-specs/core-i7-4870hq.c1776;Crystalwell;4  / 8;2.5 to 3.7 GHz;BGA 1364;22 nm;6 MB;47 W;Jul 1st, 2014;Intel
Core i7-4910MQ;/cpu-specs/core-i7-4910mq.c1757;Haswell;4  / 8;2.9 to 3.9 GHz;Socket G3;22 nm;8 MB;47 W;Jan 20th, 2014;Intel
Core i7-5820K;/cpu-specs/core-i7-5820k.c1763;Haswell-E;6  / 12;3.3 to 3.6 GHz;Socket 2011-3;22 nm;15 MB;140 W;Sep 1st, 2014;Intel
Core i7-5930K;/cpu-specs/core-i7-5930k.c1764;Haswell-E;6  / 12;3.5 to 3.7 GHz;Socket 2011-3;22 nm;15 MB;140 W;Sep 1st, 2014;Intel
Core i7-4940MX;/cpu-specs/core-i7-4940mx.c1756;Haswell;4  / 8;3.1 to 4 GHz;Socket G3;22 nm;8 MB;57 W;Jan 20th, 2014;Intel
Core i7-5960X;/cpu-specs/core-i7-5960x.c1765;Haswell-E;8  / 16;3 to 3.5 GHz;Socket 2011-3;22 nm;20 MB;140 W;Sep 1st, 2014;Intel
Core M-5Y10;/cpu-specs/core-m-5y10.c1783;Broadwell-Y;2  / 4;0.8 to 2 GHz;BGA 1234;14 nm;4 MB;5 W;Sep 5th, 2014;Intel
Core M-5Y10a;/cpu-specs/core-m-5y10a.c1784;Broadwell-Y;2  / 4;0.8 to 2 GHz;BGA 1234;14 nm;4 MB;5 W;Sep 5th, 2014;Intel
Core M-5Y10c;/cpu-specs/core-m-5y10c.c1815;Broadwell-Y;2  / 4;0.8 to 2 GHz;BGA 1234;14 nm;4 MB;5 W;Oct 27th, 2014;Intel
Core M-5Y31;/cpu-specs/core-m-5y31.c1818;Broadwell-Y;2  / 4;0.9 to 2.4 GHz;BGA 1234;14 nm;4 MB;5 W;Oct 27th, 2014;Intel
Core M-5Y51;/cpu-specs/core-m-5y51.c1817;Broadwell-Y;2  / 4;1.1 to 2.6 GHz;BGA 1234;14 nm;4 MB;5 W;Oct 27th, 2014;Intel
Core M-5Y70;/cpu-specs/core-m-5y70.c1782;Broadwell-Y;2  / 4;1.1 to 2.6 GHz;BGA 1234;14 nm;4 MB;5 W;Sep 5th, 2014;Intel
Core M-5Y71;/cpu-specs/core-m-5y71.c1816;Broadwell-Y;2  / 4;1.2 to 2.9 GHz;BGA 1234;14 nm;4 MB;5 W;Oct 27th, 2014;Intel
Xeon E3-1226 v3;/cpu-specs/xeon-e3-1226-v3.c3181;Haswell-WS;4 ;3.3 to 3.7 GHz;Socket 1150;22 nm;8 MB;84 W;May 11th, 2014;Intel
Xeon E3-1231 v3;/cpu-specs/xeon-e3-1231-v3.c3183;Haswell-WS;4  / 8;3.4 to 3.8 GHz;Socket 1150;22 nm;8 MB;80 W;May 11th, 2014;Intel
Xeon E3-1240L v3;/cpu-specs/xeon-e3-1240l-v3.c3182;Haswell-WS;4  / 8;2 to 3 GHz;Socket 1150;22 nm;8 MB;25 W;May 11th, 2014;Intel
Xeon E3-1241 v3;/cpu-specs/xeon-e3-1241-v3.c3184;Haswell-WS;4  / 8;3.5 to 3.9 GHz;Socket 1150;22 nm;8 MB;80 W;May 11th, 2014;Intel
Xeon E5-1410 v2;/cpu-specs/xeon-e5-1410-v2.c3177;Ivy Bridge-EN;4  / 8;2.8 to 3.2 GHz;Socket 1356;22 nm;10 MB;80 W;Jan 9th, 2014;Intel
Xeon E5-1428L v2;/cpu-specs/xeon-e5-1428l-v2.c3178;Ivy Bridge-EN;6  / 12;2.2 to 2.7 GHz;Socket 1356;22 nm;15 MB;60 W;Jan 9th, 2014;Intel
Xeon E5-1603 v3;/cpu-specs/xeon-e5-1603-v3.c2669;Haswell-EP;4 ;2.8 GHz;Socket 2011-3;22 nm;10 MB;140 W;Sep 8th, 2014;Intel
Xeon E5-1607 v3;/cpu-specs/xeon-e5-1607-v3.c2668;Haswell-EP;4 ;3.1 GHz;Socket 2011-3;22 nm;10 MB;140 W;Sep 8th, 2014;Intel
Xeon E5-1620 v3;/cpu-specs/xeon-e5-1620-v3.c2660;Haswell-EP;4  / 8;3.5 to 3.6 GHz;Socket 2011-3;22 nm;10 MB;140 W;Sep 8th, 2014;Intel
Xeon E5-1630 v3;/cpu-specs/xeon-e5-1630-v3.c2661;Haswell-EP;4  / 8;3.7 to 3.8 GHz;Socket 2011-3;22 nm;10 MB;140 W;Sep 8th, 2014;Intel
Xeon E5-1650 v3;/cpu-specs/xeon-e5-1650-v3.c2662;Haswell-EP;6  / 12;3.5 to 3.8 GHz;Socket 2011-3;22 nm;15 MB;140 W;Sep 8th, 2014;Intel
Xeon E5-1660 v3;/cpu-specs/xeon-e5-1660-v3.c2663;Haswell-EP;8  / 16;3 to 3.5 GHz;Socket 2011-3;22 nm;20 MB;140 W;Sep 8th, 2014;Intel
Xeon E5-1680 v3;/cpu-specs/xeon-e5-1680-v3.c2664;Haswell-EP;8  / 16;3.2 to 3.8 GHz;Socket 2011-3;22 nm;20 MB;140 W;Sep 8th, 2014;Intel
Xeon E5-1681 v3;/cpu-specs/xeon-e5-1681-v3.c2665;Haswell-EP;10  / 20;2.9 to 3.5 GHz;Socket 2011-3;22 nm;25 MB;135 W;Sep 8th, 2014;Intel
Xeon E5-1686 v3;/cpu-specs/xeon-e5-1686-v3.c2666;Haswell-EP;12  / 24;2.6 to 3.3 GHz;Socket 2011-3;22 nm;30 MB;135 W;Sep 8th, 2014;Intel
Xeon E5-1691 v3;/cpu-specs/xeon-e5-1691-v3.c2667;Haswell-EP;14  / 28;2.5 to 3.4 GHz;Socket 2011-3;22 nm;35 MB;135 W;Sep 8th, 2014;Intel
Xeon E5-2603 v3;/cpu-specs/xeon-e5-2603-v3.c2855;Haswell-EP;6 ;1600 MHz;Socket 2011-3;22 nm;15 MB;85 W;Sep 8th, 2014;Intel
Xeon E5-2608L v3;/cpu-specs/xeon-e5-2608l-v3.c2856;Haswell-EP;6 ;2000 MHz;Socket 2011-3;22 nm;15 MB;52 W;Sep 8th, 2014;Intel
Xeon E5-2609 v3;/cpu-specs/xeon-e5-2609-v3.c2857;Haswell-EP;6 ;1900 MHz;Socket 2011-3;22 nm;15 MB;85 W;Sep 8th, 2014;Intel
Xeon E5-2618L v3;/cpu-specs/xeon-e5-2618l-v3.c2858;Haswell-EP;8  / 16;2.3 to 3.4 GHz;Socket 2011-3;22 nm;20 MB;75 W;Sep 8th, 2014;Intel
Xeon E5-2620 v3;/cpu-specs/xeon-e5-2620-v3.c2859;Haswell-EP;6  / 12;2.4 to 3.2 GHz;Socket 2011-3;22 nm;15 MB;85 W;Sep 8th, 2014;Intel
Xeon E5-2622 v3;/cpu-specs/xeon-e5-2622-v3.c2863;Haswell-EP;8  / 16;2.4 to 3.4 GHz;Socket 2011-3;22 nm;20 MB;85 W;Sep 8th, 2014;Intel
Xeon E5-2623 v3;/cpu-specs/xeon-e5-2623-v3.c2860;Haswell-EP;4  / 8;3 to 3.5 GHz;Socket 2011-3;22 nm;10 MB;105 W;Sep 8th, 2014;Intel
Xeon E5-2628 v3;/cpu-specs/xeon-e5-2628-v3.c2864;Haswell-EP;8  / 16;2.5 to 3 GHz;Socket 2011-3;22 nm;20 MB;85 W;Sep 8th, 2014;Intel
Xeon E5-2628L v3;/cpu-specs/xeon-e5-2628l-v3.c2870;Haswell-EP;10  / 20;2 to 2.5 GHz;Socket 2011-3;22 nm;25 MB;75 W;Sep 8th, 2014;Intel
Xeon E5-2629 v3;/cpu-specs/xeon-e5-2629-v3.c2865;Haswell-EP;8  / 16;2.4 to 3.2 GHz;Socket 2011-3;22 nm;20 MB;85 W;Sep 8th, 2014;Intel
Xeon E5-2630 v3;/cpu-specs/xeon-e5-2630-v3.c2866;Haswell-EP;8  / 16;2.4 to 3.2 GHz;Socket 2011-3;22 nm;20 MB;85 W;Sep 8th, 2014;Intel
Xeon E5-2630L v3;/cpu-specs/xeon-e5-2630l-v3.c2867;Haswell-EP;8  / 16;1.8 to 2.9 GHz;Socket 2011-3;22 nm;20 MB;55 W;Sep 8th, 2014;Intel
Xeon E5-2637 v3;/cpu-specs/xeon-e5-2637-v3.c2861;Haswell-EP;4  / 8;3.5 to 3.7 GHz;Socket 2011-3;22 nm;15 MB;135 W;Sep 8th, 2014;Intel
Xeon E5-2640 v3;/cpu-specs/xeon-e5-2640-v3.c2868;Haswell-EP;8  / 16;2.6 to 3.4 GHz;Socket 2011-3;22 nm;20 MB;90 W;Sep 8th, 2014;Intel
Xeon E5-2643 v3;/cpu-specs/xeon-e5-2643-v3.c2862;Haswell-EP;6  / 12;3.4 to 3.7 GHz;Socket 2011-3;22 nm;20 MB;135 W;Sep 8th, 2014;Intel
Xeon E5-2648L v3;/cpu-specs/xeon-e5-2648l-v3.c2878;Haswell-EP;12  / 24;1.8 to 2.5 GHz;Socket 2011-3;22 nm;30 MB;75 W;Sep 8th, 2014;Intel
Xeon E5-2649 v3;/cpu-specs/xeon-e5-2649-v3.c2871;Haswell-EP;10  / 20;2.3 to 3 GHz;Socket 2011-3;22 nm;25 MB;105 W;Sep 8th, 2014;Intel
Xeon E5-2650 v3;/cpu-specs/xeon-e5-2650-v3.c2872;Haswell-EP;10  / 20;2.3 to 3 GHz;Socket 2011-3;22 nm;25 MB;105 W;Sep 8th, 2014;Intel
Xeon E5-2650L v3;/cpu-specs/xeon-e5-2650l-v3.c2879;Haswell-EP;12  / 24;1.8 to 2.5 GHz;Socket 2011-3;22 nm;30 MB;65 W;Sep 8th, 2014;Intel
Xeon E5-2652 v3;/cpu-specs/xeon-e5-2652-v3.c2873;Haswell-EP;10  / 20;2.3 to 2.8 GHz;Socket 2011-3;22 nm;25 MB;105 W;Sep 8th, 2014;Intel
Xeon E5-2658 v3;/cpu-specs/xeon-e5-2658-v3.c2880;Haswell-EP;12  / 24;2.2 to 2.9 GHz;Socket 2011-3;22 nm;30 MB;105 W;Sep 8th, 2014;Intel
Xeon E5-2660 v3;/cpu-specs/xeon-e5-2660-v3.c2874;Haswell-EP;10  / 20;2.6 to 3.3 GHz;Socket 2011-3;22 nm;25 MB;105 W;Sep 8th, 2014;Intel
Xeon E5-2663 v3;/cpu-specs/xeon-e5-2663-v3.c2875;Haswell-EP;10  / 20;2.8 to 3.5 GHz;Socket 2011-3;22 nm;25 MB;105 W;Sep 8th, 2014;Intel
Xeon E5-2666 v3;/cpu-specs/xeon-e5-2666-v3.c2876;Haswell-EP;10  / 20;2.9 to 3.5 GHz;Socket 2011-3;22 nm;25 MB;135 W;Nov 13th, 2014;Intel
Xeon E5-2667 v3;/cpu-specs/xeon-e5-2667-v3.c2869;Haswell-EP;8  / 16;3.2 to 3.6 GHz;Socket 2011-3;22 nm;20 MB;135 W;Sep 8th, 2014;Intel
Xeon E5-2670 v3;/cpu-specs/xeon-e5-2670-v3.c2883;Haswell-EP;12  / 24;2.3 to 3.1 GHz;Socket 2011-3;22 nm;30 MB;120 W;Sep 8th, 2014;Intel
Xeon E5-2673 v3;/cpu-specs/xeon-e5-2673-v3.c2884;Haswell-EP;12  / 24;2.4 to 3.1 GHz;Socket 2011-3;22 nm;30 MB;105 W;Sep 8th, 2014;Intel
Xeon E5-2675 v3;/cpu-specs/xeon-e5-2675-v3.c2898;Haswell-EP;16  / 32;1.8 to 2.3 GHz;Socket 2011-3;22 nm;40 MB;110 W;Sep 8th, 2014;Intel
Xeon E5-2680 v3;/cpu-specs/xeon-e5-2680-v3.c2887;Haswell-EP;12  / 24;2.5 to 3.3 GHz;Socket 2011-3;22 nm;30 MB;120 W;Sep 8th, 2014;Intel
Xeon E5-2683 v3;/cpu-specs/xeon-e5-2683-v3.c2893;Haswell-EP;14  / 28;2 to 3 GHz;Socket 2011-3;22 nm;35 MB;120 W;Sep 8th, 2014;Intel
Xeon E5-2685 v3;/cpu-specs/xeon-e5-2685-v3.c2888;Haswell-EP;12 ;2.6 to 3.3 GHz;Socket 2011-3;22 nm;30 MB;120 W;Sep 8th, 2014;Intel
Xeon E5-2686 v3;/cpu-specs/xeon-e5-2686-v3.c2902;Haswell-EP;18  / 36;2 to 3.5 GHz;Socket 2011-3;22 nm;45 MB;120 W;Sep 8th, 2014;Intel
Xeon E5-2687W v3;/cpu-specs/xeon-e5-2687w-v3.c2877;Haswell-EP;10  / 20;3.1 to 3.5 GHz;Socket 2011-3;22 nm;25 MB;160 W;Sep 8th, 2014;Intel
Xeon E5-2690 v3;/cpu-specs/xeon-e5-2690-v3.c2890;Haswell-EP;12  / 24;2.6 to 3.5 GHz;Socket 2011-3;22 nm;30 MB;135 W;Sep 8th, 2014;Intel
Xeon E5-2692 v3;/cpu-specs/xeon-e5-2692-v3.c2891;Haswell-EP;12  / 24;3 to 3.6 GHz;Socket 2011-3;22 nm;30 MB;165 W;Sep 8th, 2014;Intel
Xeon E5-2693 v3;/cpu-specs/xeon-e5-2693-v3.c2892;Haswell-EP;12  / 24;2.8 to 3.4 GHz;Socket 2011-3;22 nm;30 MB;160 W;Never Released;Intel
Xeon E5-2695 v3;/cpu-specs/xeon-e5-2695-v3.c2894;Haswell-EP;14  / 28;2.3 to 3.3 GHz;Socket 2011-3;22 nm;35 MB;120 W;Sep 8th, 2014;Intel
Xeon E5-2696 v3;/cpu-specs/xeon-e5-2696-v3.c2903;Haswell-EP;18  / 36;2.3 to 3.8 GHz;Socket 2011-3;22 nm;45 MB;145 W;Sep 8th, 2014;Intel
Xeon E5-2697 v3;/cpu-specs/xeon-e5-2697-v3.c2897;Haswell-EP;14  / 28;2.6 to 3.6 GHz;Socket 2011-3;22 nm;35 MB;145 W;Sep 8th, 2014;Intel
Xeon E5-2698 v3;/cpu-specs/xeon-e5-2698-v3.c2899;Haswell-EP;16  / 32;2.3 to 3.6 GHz;Socket 2011-3;22 nm;40 MB;135 W;Sep 8th, 2014;Intel
Xeon E5-2698A v3;/cpu-specs/xeon-e5-2698a-v3.c2900;Haswell-EP;16  / 32;2.8 to 3.2 GHz;Socket 2011-3;22 nm;40 MB;165 W;Nov 18th, 2014;Intel
Xeon E5-2699 v3;/cpu-specs/xeon-e5-2699-v3.c2904;Haswell-EP;18  / 36;2.3 to 3.6 GHz;Socket 2011-3;22 nm;45 MB;145 W;Sep 8th, 2014;Intel
Xeon Phi 7120A;/cpu-specs/xeon-phi-7120a.c2037;Knights Corner;61  / 244;1238 to 1333 MHz;PCIe x16;22 nm;N/A;300 W;Apr 6th, 2014;Intel
Xeon Phi 7120D;/cpu-specs/xeon-phi-7120d.c2038;Knights Corner;61  / 244;1238 to 1333 MHz;SFF 230-Pin;22 nm;N/A;270 W;Mar 1st, 2014;Intel
A10-5745M;/cpu-specs/a10-5745m.c1620;Richland;4 ;2.1 to 2.9 GHz;Socket FP2;32 nm;N/A;25 W;Jun 1st, 2013;AMD
A10-5750M;/cpu-specs/a10-5750m.c1554;Richland;4 ;2.5 to 3.5 GHz;Socket FS1r2;32 nm;N/A;35 W;Jun 1st, 2013;AMD
A10-5757M;/cpu-specs/a10-5757m.c1619;Richland;4 ;2.5 to 3.5 GHz;Socket FP2;32 nm;N/A;35 W;Jun 1st, 2013;AMD
A10-6700;/cpu-specs/a10-6700.c1499;Richland;4 ;3.7 to 4.3 GHz;Socket FM2;32 nm;N/A;65 W;Jun 1st, 2013;AMD
A10-6700T;/cpu-specs/a10-6700t.c1732;Richland;4 ;2.5 to 3.5 GHz;Socket FM2;32 nm;N/A;45 W;Sep 16th, 2013;AMD
A10-6790B;/cpu-specs/a10-6790b.c2641;Richland;4 ;4 to 4.3 GHz;Socket FM2;32 nm;N/A;100 W;Oct 28th, 2013;AMD
A10-6790K;/cpu-specs/a10-6790k.c1746;Richland;4 ;4 to 4.3 GHz;Socket FM2;32 nm;N/A;100 W;Oct 28th, 2013;AMD
A10-6800K;/cpu-specs/a10-6800k.c1498;Richland;4 ;4.1 to 4.4 GHz;Socket FM2;32 nm;N/A;100 W;Jun 1st, 2013;AMD
A4-1200;/cpu-specs/a4-1200.c1706;Temash;2 ;1000 MHz;Socket FT3;28 nm;N/A;4 W;May 23rd, 2013;AMD
A4-1250;/cpu-specs/a4-1250.c1705;Temash;2 ;1000 MHz;Socket FT3;28 nm;N/A;8 W;May 23rd, 2013;AMD
A4-1350;/cpu-specs/a4-1350.c1727;Temash;4 ;1000 MHz;Socket FT3;28 nm;N/A;8 W;Oct 18th, 2013;AMD
A4-4000;/cpu-specs/a4-4000.c1626;Richland;2 ;3 to 3.2 GHz;Socket FM2;32 nm;N/A;65 W;May 2013;AMD
A4-5000;/cpu-specs/a4-5000.c1710;Kabini;4 ;1500 MHz;Socket FT3;28 nm;N/A;15 W;May 23rd, 2013;AMD
A4-5100;/cpu-specs/a4-5100.c3560;Kabini;4 ;1550 MHz;Socket FT3;28 nm;N/A;15 W;Nov 4th, 2013;AMD
A4-5145M;/cpu-specs/a4-5145m.c1623;Richland;2 ;2 to 2.6 GHz;Socket FP2;32 nm;N/A;17 W;Jun 1st, 2013;AMD
A4-5150M;/cpu-specs/a4-5150m.c1557;Richland;2 ;2.7 to 3.3 GHz;Socket FS1r2;32 nm;N/A;35 W;Mar 12th, 2013;AMD
A4-6300;/cpu-specs/a4-6300.c1503;Richland;2 ;3.7 to 3.9 GHz;Socket FM2;32 nm;N/A;65 W;Jun 1st, 2013;AMD
A4-6300B;/cpu-specs/a4-6300b.c2643;Richland;2 ;3.7 to 3.9 GHz;Socket FM2;32 nm;N/A;65 W;Jun 1st, 2013;AMD
A4-6320;/cpu-specs/a4-6320.c2644;Richland;2 ;3.8 to 4 GHz;Socket FM2;32 nm;N/A;65 W;Dec 2013;AMD
A6-1450;/cpu-specs/a6-1450.c1704;Temash;4 ;1000 to 1400 MHz;Socket FT3;28 nm;N/A;8 W;May 23rd, 2013;AMD
A6-5200;/cpu-specs/a6-5200.c1711;Kabini;4 ;2000 MHz;Socket FT3;28 nm;N/A;25 W;May 23rd, 2013;AMD
A6-5345M;/cpu-specs/a6-5345m.c1624;Richland;2 ;2.2 to 2.8 GHz;Socket FP2;32 nm;N/A;17 W;Jun 1st, 2013;AMD
A6-5350M;/cpu-specs/a6-5350m.c1556;Richland;2 ;2.9 to 3.5 GHz;Socket FS1r2;32 nm;N/A;35 W;Jun 1st, 2013;AMD
A6-5357M;/cpu-specs/a6-5357m.c1625;Richland;2 ;2.9 to 3.5 GHz;Socket FP2;32 nm;N/A;35 W;Jun 1st, 2013;AMD
A6-6400B;/cpu-specs/a6-6400b.c2648;Richland;2 ;3.9 to 4.1 GHz;Socket FM2;32 nm;N/A;65 W;Jun 1st, 2013;AMD
A6-6400K;/cpu-specs/a6-6400k.c1502;Richland;2 ;3.9 to 4.1 GHz;Socket FM2;32 nm;N/A;65 W;Jun 1st, 2013;AMD
A8-5545M;/cpu-specs/a8-5545m.c1622;Richland;4 ;1.7 to 2.7 GHz;Socket FP2;32 nm;N/A;25 W;Jun 1st, 2013;AMD
A8-5550M;/cpu-specs/a8-5550m.c1555;Richland;4 ;2.1 to 3.1 GHz;Socket FS1r2;32 nm;N/A;35 W;Jun 1st, 2013;AMD
A8-5557M;/cpu-specs/a8-5557m.c1621;Richland;4 ;2.1 to 3.1 GHz;Socket FP2;32 nm;N/A;35 W;Jun 1st, 2013;AMD
A8-6500;/cpu-specs/a8-6500.c1501;Richland;4 ;3.5 to 4.1 GHz;Socket FM2;32 nm;N/A;65 W;Jun 1st, 2013;AMD
A8-6500B;/cpu-specs/a8-6500b.c2639;Richland;4 ;3.5 to 4.1 GHz;Socket FM2;32 nm;N/A;65 W;Jun 1st, 2013;AMD
A8-6500T;/cpu-specs/a8-6500t.c2640;Richland;4 ;2.1 to 3.1 GHz;Socket FM2;32 nm;N/A;45 W;Sep 16th, 2013;AMD
A8-6600K;/cpu-specs/a8-6600k.c1500;Richland;4 ;3.9 to 4.2 GHz;Socket FM2;32 nm;N/A;100 W;Jun 1st, 2013;AMD
Athlon II X2 280;/cpu-specs/athlon-ii-x2-280.c1525;Regor;2 ;3.6 GHz;Socket AM3;45 nm;N/A;65 W;Feb 6th, 2013;AMD
Athlon X4 750;/cpu-specs/athlon-x4-750.c2651;Richland;4 ;3.4 to 4 GHz;Socket FM2;32 nm;N/A;65 W;Oct 2013;AMD
Athlon X4 760K;/cpu-specs/athlon-x4-760k.c2650;Richland;4 ;3.8 to 4.1 GHz;Socket FM2;32 nm;N/A;100 W;Jun 1st, 2013;AMD
E1-1500;/cpu-specs/e1-1500.c1486;Zacate;2 ;1480 MHz;Socket FT1;40 nm;N/A;18 W;Jan 6th, 2013;AMD
E1-2100;/cpu-specs/e1-2100.c1707;Kabini;2 ;1000 MHz;Socket FT3;28 nm;N/A;9 W;May 23rd, 2013;AMD
E1-2200;/cpu-specs/e1-2200.c3563;Kabini;2 ;1050 MHz;Socket FT3;28 nm;N/A;9 W;Nov 5th, 2013;AMD
E1-2500;/cpu-specs/e1-2500.c1708;Kabini;2 ;1400 MHz;Socket FT3;28 nm;N/A;15 W;May 23rd, 2013;AMD
E2-2000;/cpu-specs/e2-2000.c1485;Zacate;2 ;1750 MHz;Socket FT1;40 nm;N/A;18 W;Jan 6th, 2013;AMD
E2-3000;/cpu-specs/e2-3000.c1709;Kabini;2 ;1650 MHz;Socket FT3;28 nm;N/A;15 W;May 23rd, 2013;AMD
FX-4350;/cpu-specs/fx-4350.c1579;Vishera;4 ;4.2 to 4.3 GHz;Socket AM3+;32 nm;8 MB;125 W;Apr 29th, 2013;AMD
FX-6350;/cpu-specs/fx-6350.c1578;Vishera;6 ;3.9 to 4.2 GHz;Socket AM3+;32 nm;8 MB;125 W;Apr 29th, 2013;AMD
FX-9370;/cpu-specs/fx-9370.c1649;Vishera;8 ;4.4 to 4.7 GHz;Socket AM3+;32 nm;8 MB;220 W;Jun 11th, 2013;AMD
FX-9590;/cpu-specs/fx-9590.c1650;Vishera;8 ;4.7 to 5 GHz;Socket AM3+;32 nm;8 MB;220 W;Jun 11th, 2013;AMD
GX-210UA;/cpu-specs/gx-210ua.c3559;Kabini;2 ;1000 MHz;Socket FT3;28 nm;N/A;9 W;Apr 23rd, 2013;AMD
Opteron 3365;/cpu-specs/opteron-3365.c3680;Delhi;8 ;2.3 to 3.3 GHz;Socket AM3+;32 nm;8 MB;65 W;Jun 2013;AMD
Opteron X1150;/cpu-specs/opteron-x1150.c2003;Kyoto;4 ;2000 MHz;Socket FT3;28 nm;N/A;17 W;May 29th, 2013;AMD
Opteron X2150;/cpu-specs/opteron-x2150.c2004;Kyoto;4 ;1900 MHz;Socket FT3;28 nm;N/A;22 W;May 29th, 2013;AMD
Atom E3815;/cpu-specs/atom-e3815.c1743;Bay Trail-I;1 ;1467 MHz;BGA 1170;22 nm;N/A;5 W;Oct 8th, 2013;Intel
Atom E3825;/cpu-specs/atom-e3825.c1742;Bay Trail-I;2 ;1333 MHz;BGA 1170;22 nm;N/A;6 W;Oct 8th, 2013;Intel
Atom E3826;/cpu-specs/atom-e3826.c1741;Bay Trail-I;2 ;1467 MHz;BGA 1170;22 nm;N/A;7 W;Oct 8th, 2013;Intel
Atom E3827;/cpu-specs/atom-e3827.c1740;Bay Trail-I;2 ;1750 MHz;BGA 1170;22 nm;N/A;8 W;Oct 8th, 2013;Intel
Atom E3845;/cpu-specs/atom-e3845.c1739;Bay Trail-I;4 ;1910 MHz;BGA 1170;22 nm;N/A;10 W;Oct 8th, 2013;Intel
Atom Z2420;/cpu-specs/atom-z2420.c1583;Penwell;1 ;1200 MHz;BGA 617;32 nm;N/A;3 W;Jan 1st, 2013;Intel
Atom Z2480;/cpu-specs/atom-z2480.c1584;Penwell;1 ;1400 MHz;BGA 617;32 nm;N/A;3 W;Jan 1st, 2013;Intel
Atom Z2520;/cpu-specs/atom-z2520.c1553;Clovertrail;2 ;1200 MHz;BGA 617;32 nm;N/A;3 W;Feb 27th, 2013;Intel
Atom Z2560;/cpu-specs/atom-z2560.c1552;Clovertrail;2 ;1600 MHz;BGA 617;32 nm;N/A;3 W;Feb 27th, 2013;Intel
Atom Z2580;/cpu-specs/atom-z2580.c1551;Clovertrail;2 ;2000 MHz;BGA 617;32 nm;N/A;3 W;Feb 27th, 2013;Intel
Atom Z3740;/cpu-specs/atom-z3740.c1738;Bay Trail-T;4 ;1333 to 1867 MHz;BGA 1380;22 nm;N/A;2 W;Sep 27th, 2013;Intel
Atom Z3770;/cpu-specs/atom-z3770.c1726;Bay Trail-T;4 ;1.467 to 2.4 GHz;BGA 1380;22 nm;N/A;8 W;Sep 27th, 2013;Intel
Celeron 1000M;/cpu-specs/celeron-1000m.c1589;Ivy Bridge;2 ;1800 MHz;Socket G2 (988B);22 nm;2 MB;35 W;Jan 20th, 2013;Intel
Celeron 1007U;/cpu-specs/celeron-1007u.c1615;Ivy Bridge;2 ;1500 MHz;BGA 1023;22 nm;2 MB;17 W;Jan 20th, 2013;Intel
Celeron 1020E;/cpu-specs/celeron-1020e.c1613;Ivy Bridge;2 ;2.2 GHz;BGA 1023;22 nm;2 MB;35 W;Jan 20th, 2013;Intel
Celeron 1020E;/cpu-specs/celeron-1020e.c1618;Ivy Bridge;2 ;2.2 GHz;Socket G2 (988B);22 nm;2 MB;35 W;Jan 20th, 2013;Intel
Celeron 1020M;/cpu-specs/celeron-1020m.c1590;Ivy Bridge;2 ;2.1 GHz;Socket G2 (988B);22 nm;2 MB;35 W;Jan 20th, 2013;Intel
Celeron 1037U;/cpu-specs/celeron-1037u.c1614;Ivy Bridge;2 ;1800 MHz;BGA 1023;22 nm;2 MB;17 W;Jan 20th, 2013;Intel
Celeron 1047UE;/cpu-specs/celeron-1047ue.c1616;Ivy Bridge;2 ;1400 MHz;BGA 1023;22 nm;2 MB;17 W;Jan 20th, 2013;Intel
Celeron 2950M;/cpu-specs/celeron-2950m.c1733;Haswell;2 ;2000 MHz;Socket G3;22 nm;2 MB;37 W;Sep 1st, 2013;Intel
Celeron 2950M;/cpu-specs/celeron-2950m.c1719;Haswell;2 ;2000 MHz;Socket G2 (988B);22 nm;2 MB;37 W;Sep 1st, 2013;Intel
Celeron 2955U;/cpu-specs/celeron-2955u.c1722;Haswell;2 ;1400 MHz;Socket G2 (988B);22 nm;2 MB;15 W;Sep 1st, 2013;Intel
Celeron 2955U;/cpu-specs/celeron-2955u.c1734;Haswell;2 ;1400 MHz;Socket G3;22 nm;2 MB;15 W;Sep 1st, 2013;Intel
Celeron 2961Y;/cpu-specs/celeron-2961y.c2022;Haswell;2 ;1100 MHz;BGA 1168;22 nm;2 MB;12 W;Dec 1st, 2013;Intel
Celeron 2980U;/cpu-specs/celeron-2980u.c1723;Haswell;2 ;1600 MHz;Socket G3;22 nm;2 MB;15 W;Sep 1st, 2013;Intel
Celeron 947UE;/cpu-specs/celeron-947ue.c1617;Ivy Bridge;1 ;1400 MHz;BGA 1023;22 nm;1 MB;17 W;Jan 20th, 2013;Intel
Celeron G1620T;/cpu-specs/celeron-g1620t.c1714;Ivy Bridge;2 ;2.4 GHz;Socket 1155;22 nm;2 MB;35 W;Sep 1st, 2013;Intel
Celeron G1630;/cpu-specs/celeron-g1630.c1713;Ivy Bridge;2 ;2.8 GHz;Socket 1155;22 nm;2 MB;55 W;Sep 1st, 2013;Intel
Celeron G1820;/cpu-specs/celeron-g1820.c1793;Haswell;2 ;2.7 GHz;Socket 1150;22 nm;3 MB;54 W;Dec 1st, 2013;Intel
Celeron G1820T;/cpu-specs/celeron-g1820t.c1795;Haswell;2 ;2.4 GHz;Socket 1150;22 nm;3 MB;54 W;Dec 1st, 2013;Intel
Celeron G1820TE;/cpu-specs/celeron-g1820te.c1796;Haswell;2 ;2.2 GHz;Socket 1150;22 nm;3 MB;54 W;Dec 1st, 2013;Intel
Celeron G1830;/cpu-specs/celeron-g1830.c1792;Haswell;2 ;2.8 GHz;Socket 1150;22 nm;3 MB;54 W;Dec 1st, 2013;Intel
Celeron N2805;/cpu-specs/celeron-n2805.c1883;Bay Trail-M;2 ;1463 MHz;BGA 1170;22 nm;N/A;4 W;Sep 11th, 2013;Intel
Celeron N2806;/cpu-specs/celeron-n2806.c1885;Bay Trail-M;2 ;1.58 to 2 GHz;BGA 1170;22 nm;N/A;4 W;Dec 1st, 2013;Intel
Celeron N2810;/cpu-specs/celeron-n2810.c1882;Bay Trail-M;2 ;2000 MHz;BGA 1170;22 nm;N/A;7 W;Sep 11th, 2013;Intel
Celeron N2820;/cpu-specs/celeron-n2820.c1884;Bay Trail-M;2 ;2.17 to 2.39 GHz;BGA 1170;22 nm;N/A;7 W;Dec 1st, 2013;Intel
Celeron N2910;/cpu-specs/celeron-n2910.c1888;Bay Trail-M;4 ;1600 MHz;BGA 1170;22 nm;N/A;7 W;Sep 11th, 2013;Intel
Celeron N2920;/cpu-specs/celeron-n2920.c1889;Bay Trail-M;4 ;1.86 to 2 GHz;BGA 1170;22 nm;N/A;7 W;Dec 1st, 2013;Intel
Pentium 2030M;/cpu-specs/pentium-2030m.c1586;Ivy Bridge;2 ;2.5 GHz;Socket G2 (988B);22 nm;2 MB;35 W;Jan 1st, 2013;Intel
Pentium 3550M;/cpu-specs/pentium-3550m.c1720;Haswell;2 ;2.3 GHz;Socket G3;22 nm;2 MB;37 W;Sep 1st, 2013;Intel
Pentium 3556U;/cpu-specs/pentium-3556u.c1724;Haswell;2 ;1700 MHz;BGA 1168;22 nm;2 MB;15 W;Sep 1st, 2013;Intel
Pentium 3560Y;/cpu-specs/pentium-3560y.c1725;Haswell;2 ;1200 MHz;BGA 1168;22 nm;2 MB;12 W;Sep 1st, 2013;Intel
Pentium 987;/cpu-specs/pentium-987.c1504;Sandy Bridge;2 ;1500 MHz;BGA 1023;32 nm;2 MB;17 W;Feb 1st, 2013;Intel
Pentium G2010;/cpu-specs/pentium-g2010.c1495;Ivy Bridge;2 ;2.8 GHz;Socket 1155;22 nm;3 MB;55 W;Jan 21st, 2013;Intel
Pentium G2020;/cpu-specs/pentium-g2020.c1494;Ivy Bridge;2 ;2.9 GHz;Socket 1155;22 nm;3 MB;55 W;Jan 21st, 2013;Intel
Pentium G2020T;/cpu-specs/pentium-g2020t.c1496;Ivy Bridge;2 ;2.5 GHz;Socket 1155;22 nm;3 MB;35 W;Jan 21st, 2013;Intel
Pentium G2130;/cpu-specs/pentium-g2130.c1497;Ivy Bridge;2 ;3.2 GHz;Socket 1155;22 nm;3 MB;55 W;Jan 21st, 2013;Intel
Pentium G3220;/cpu-specs/pentium-g3220.c1636;Haswell;2 ;3 GHz;Socket 1150;22 nm;3 MB;54 W;Sep 1st, 2013;Intel
Pentium G3220T;/cpu-specs/pentium-g3220t.c1712;Haswell;2 ;2.6 GHz;Socket 1150;22 nm;3 MB;35 W;Sep 1st, 2013;Intel
Pentium G3420;/cpu-specs/pentium-g3420.c1634;Haswell;2 ;3.2 GHz;Socket 1150;22 nm;3 MB;54 W;Sep 1st, 2013;Intel
Pentium G3420T;/cpu-specs/pentium-g3420t.c1635;Haswell;2 ;2.7 GHz;Socket 1150;22 nm;3 MB;35 W;Sep 1st, 2013;Intel
Pentium G3430;/cpu-specs/pentium-g3430.c1633;Haswell;2 ;3.3 GHz;Socket 1150;22 nm;3 MB;54 W;Sep 1st, 2013;Intel
Core i3-3130M;/cpu-specs/core-i3-3130m.c1506;Ivy Bridge;2  / 4;2.6 GHz;BGA 1023;22 nm;3 MB;35 W;Jan 1st, 2013;Intel
Core i3-3210;/cpu-specs/core-i3-3210.c1505;Ivy Bridge;2  / 4;3.2 GHz;Socket 1155;22 nm;3 MB;55 W;Jan 1st, 2013;Intel
Core i3-3227U;/cpu-specs/core-i3-3227u.c1523;Ivy Bridge;2  / 4;1900 MHz;BGA 1023;22 nm;3 MB;17 W;Jan 8th, 2013;Intel
Core i3-3229Y;/cpu-specs/core-i3-3229y.c1524;Ivy Bridge;2  / 4;1400 MHz;BGA 1023;22 nm;3 MB;13 W;Jan 8th, 2013;Intel
Core i3-3250;/cpu-specs/core-i3-3250.c3503;Ivy Bridge;2  / 4;3.5 GHz;Socket 1155;22 nm;3 MB;55 W;Jun 9th, 2013;Intel
Core i3-3250T;/cpu-specs/core-i3-3250t.c3504;Ivy Bridge;2  / 4;3 GHz;Socket 1155;22 nm;3 MB;35 W;Jun 9th, 2013;Intel
Core i3-4000M;/cpu-specs/core-i3-4000m.c1728;Haswell;2  / 4;2.4 GHz;Socket G3;22 nm;3 MB;37 W;Sep 4th, 2013;Intel
Core i3-4005U;/cpu-specs/core-i3-4005u.c1731;Haswell;2  / 4;1700 MHz;BGA 1168;22 nm;3 MB;15 W;Sep 4th, 2013;Intel
Core i3-4010U;/cpu-specs/core-i3-4010u.c1607;Haswell;2  / 4;1700 MHz;BGA 1168;22 nm;3 MB;15 W;Jun 4th, 2013;Intel
Core i3-4010Y;/cpu-specs/core-i3-4010y.c1606;Haswell;2  / 4;1300 MHz;BGA 1168;22 nm;3 MB;12 W;Jun 4th, 2013;Intel
Core i3-4100E;/cpu-specs/core-i3-4100e.c1729;Haswell;2  / 4;2.4 GHz;BGA 1364;22 nm;3 MB;37 W;Sep 4th, 2013;Intel
Core i3-4100U;/cpu-specs/core-i3-4100u.c1608;Haswell;2  / 4;1800 MHz;BGA 1168;22 nm;3 MB;15 W;Jun 4th, 2013;Intel
Core i3-4102E;/cpu-specs/core-i3-4102e.c1730;Haswell;2  / 4;1600 MHz;BGA 1364;22 nm;3 MB;25 W;Sep 4th, 2013;Intel
Core i3-4130;/cpu-specs/core-i3-4130.c1632;Haswell;2  / 4;3.4 GHz;Socket 1150;22 nm;3 MB;54 W;Sep 1st, 2013;Intel
Core i3-4130T;/cpu-specs/core-i3-4130t.c1631;Haswell;2  / 4;2.9 GHz;Socket 1150;22 nm;3 MB;35 W;Sep 1st, 2013;Intel
Core i3-4158U;/cpu-specs/core-i3-4158u.c1609;Haswell;2  / 4;2000 MHz;BGA 1168;22 nm;3 MB;28 W;Jun 4th, 2013;Intel
Core i3-4330;/cpu-specs/core-i3-4330.c1629;Haswell;2  / 4;3.5 GHz;Socket 1150;22 nm;4 MB;54 W;Sep 1st, 2013;Intel
Core i3-4330T;/cpu-specs/core-i3-4330t.c1630;Haswell;2  / 4;3 GHz;Socket 1150;22 nm;4 MB;35 W;Sep 1st, 2013;Intel
Core i3-4340;/cpu-specs/core-i3-4340.c1628;Haswell;2  / 4;3.6 GHz;Socket 1150;22 nm;4 MB;54 W;Sep 1st, 2013;Intel
Core i5-3230M;/cpu-specs/core-i5-3230m.c1508;Ivy Bridge;2  / 4;2.6 to 3.2 GHz;BGA 1023;22 nm;3 MB;35 W;Jan 1st, 2013;Intel
Core i5-3230M;/cpu-specs/core-i5-3230m.c1509;Ivy Bridge;2  / 4;2.6 to 3.2 GHz;Socket G2 (988B);22 nm;3 MB;35 W;Jan 1st, 2013;Intel
Core i5-3337U;/cpu-specs/core-i5-3337u.c1515;Ivy Bridge;2  / 4;1.8 to 2.8 GHz;BGA 1023;22 nm;3 MB;17 W;Jan 1st, 2013;Intel
Core i5-3339Y;/cpu-specs/core-i5-3339y.c1517;Ivy Bridge;2 ;1.5 to 2.3 GHz;BGA 1023;22 nm;3 MB;13 W;Jan 8th, 2013;Intel
Core i5-3340M;/cpu-specs/core-i5-3340m.c1511;Ivy Bridge;2  / 4;2.7 to 3.4 GHz;BGA 1023;22 nm;3 MB;35 W;Jan 1st, 2013;Intel
Core i5-3340M;/cpu-specs/core-i5-3340m.c1510;Ivy Bridge;2  / 4;2.7 to 3.4 GHz;Socket G2 (988B);22 nm;3 MB;35 W;Jan 1st, 2013;Intel
Core i5-3380M;/cpu-specs/core-i5-3380m.c1513;Ivy Bridge;2  / 4;2.9 to 3.6 GHz;BGA 1023;22 nm;3 MB;35 W;Jan 1st, 2013;Intel
Core i5-3380M;/cpu-specs/core-i5-3380m.c1512;Ivy Bridge;2  / 4;2.9 to 3.6 GHz;Socket G2 (988B);22 nm;3 MB;35 W;Jan 1st, 2013;Intel
Core i5-3437U;/cpu-specs/core-i5-3437u.c1516;Ivy Bridge;2  / 4;1.9 to 2.9 GHz;BGA 1023;22 nm;3 MB;17 W;Jan 1st, 2013;Intel
Core i5-3439Y;/cpu-specs/core-i5-3439y.c1492;Ivy Bridge;2 ;1.5 to 2.3 GHz;BGA 1023;22 nm;3 MB;13 W;Jan 8th, 2013;Intel
Core i5-4200U;/cpu-specs/core-i5-4200u.c1602;Haswell;2  / 4;1.6 to 2.6 GHz;BGA 1168;22 nm;3 MB;15 W;Jun 4th, 2013;Intel
Core i5-4200Y;/cpu-specs/core-i5-4200y.c1601;Haswell;2  / 4;1400 to 1900 MHz;BGA 1168;22 nm;3 MB;12 W;Jun 4th, 2013;Intel
Core i5-4250U;/cpu-specs/core-i5-4250u.c1603;Haswell;2  / 4;1.3 to 2.6 GHz;BGA 1168;22 nm;3 MB;15 W;Jun 4th, 2013;Intel
Core i5-4258U;/cpu-specs/core-i5-4258u.c1604;Haswell;2  / 4;2.4 to 2.9 GHz;BGA 1168;22 nm;3 MB;28 W;Jun 4th, 2013;Intel
Core i5-4288U;/cpu-specs/core-i5-4288u.c1605;Haswell;2  / 4;2.6 to 3.1 GHz;BGA 1168;22 nm;3 MB;28 W;Jun 4th, 2013;Intel
Core i5-4300M;/cpu-specs/core-i5-4300m.c1721;Haswell;2  / 4;2.6 to 3.6 GHz;Socket G3;22 nm;3 MB;37 W;Sep 1st, 2013;Intel
Core i5-4330M;/cpu-specs/core-i5-4330m.c1718;Haswell;2  / 4;2.8 to 3.8 GHz;Socket G3;22 nm;3 MB;37 W;Sep 1st, 2013;Intel
Core i5-4350U;/cpu-specs/core-i5-4350u.c1598;Haswell;2  / 4;1.4 to 2.9 GHz;BGA 1168;22 nm;3 MB;15 W;Jun 4th, 2013;Intel
Core i5-4430;/cpu-specs/core-i5-4430.c1470;Haswell;4 ;3 to 3.2 GHz;Socket 1150;22 nm;6 MB;84 W;Jun 2nd, 2013;Intel
Core i5-4430S;/cpu-specs/core-i5-4430s.c1471;Haswell;4 ;2.7 to 3.2 GHz;Socket 1150;22 nm;6 MB;65 W;Jun 2nd, 2013;Intel
Core i5-4440;/cpu-specs/core-i5-4440.c1637;Haswell;4 ;3.1 to 3.3 GHz;Socket 1150;22 nm;6 MB;84 W;Sep 1st, 2013;Intel
Core i5-4440S;/cpu-specs/core-i5-4440s.c1638;Haswell;4 ;2.8 to 3.3 GHz;Socket 1150;22 nm;6 MB;65 W;Sep 1st, 2013;Intel
Core i5-4570;/cpu-specs/core-i5-4570.c1478;Haswell;4 ;3.2 to 3.6 GHz;Socket 1150;22 nm;6 MB;84 W;Jun 2nd, 2013;Intel
Core i5-4570R;/cpu-specs/core-i5-4570r.c1575;Crystal Well;4 ;2.7 to 3.2 GHz;BGA 1364;22 nm;4 MB;65 W;Jun 2nd, 2013;Intel
Core i5-4570S;/cpu-specs/core-i5-4570s.c1481;Haswell;4 ;2.9 to 3.6 GHz;Socket 1150;22 nm;6 MB;65 W;Jun 2nd, 2013;Intel
Core i5-4570T;/cpu-specs/core-i5-4570t.c1472;Haswell;2  / 4;2.9 to 3.6 GHz;Socket 1150;22 nm;4 MB;35 W;Jun 2nd, 2013;Intel
Core i5-4570TE;/cpu-specs/core-i5-4570te.c1610;Haswell;2  / 4;2.7 to 3.3 GHz;Socket 1150;22 nm;4 MB;35 W;Jun 2nd, 2013;Intel
Core i5-4670;/cpu-specs/core-i5-4670.c1477;Haswell;4 ;3.4 to 3.8 GHz;Socket 1150;22 nm;6 MB;84 W;Jun 2nd, 2013;Intel
Core i5-4670K;/cpu-specs/core-i5-4670k.c1469;Haswell;4 ;3.4 to 3.8 GHz;Socket 1150;22 nm;6 MB;84 W;Jun 2nd, 2013;Intel
Core i5-4670R;/cpu-specs/core-i5-4670r.c1574;Haswell;4 ;3 to 3.7 GHz;BGA 1364;22 nm;4 MB;65 W;Jun 2nd, 2013;Intel
Core i5-4670S;/cpu-specs/core-i5-4670s.c1479;Haswell;4 ;3.1 to 3.8 GHz;Socket 1150;22 nm;6 MB;65 W;Jun 2nd, 2013;Intel
Core i5-4670T;/cpu-specs/core-i5-4670t.c1480;Haswell;4 ;2.3 to 3.3 GHz;Socket 1150;22 nm;6 MB;45 W;Jun 2nd, 2013;Intel
Core i7-3537U;/cpu-specs/core-i7-3537u.c1519;Ivy Bridge;2  / 4;2 to 3.2 GHz;BGA 1023;22 nm;4 MB;17 W;Jan 8th, 2013;Intel
Core i7-3540M;/cpu-specs/core-i7-3540m.c1522;Ivy Bridge;2  / 4;3 to 3.7 GHz;BGA 1023;22 nm;4 MB;35 W;Jan 8th, 2013;Intel
Core i7-3540M;/cpu-specs/core-i7-3540m.c1521;Ivy Bridge;2  / 4;3 to 3.7 GHz;Socket G2 (988B);22 nm;4 MB;35 W;Jan 8th, 2013;Intel
Core i7-3687U;/cpu-specs/core-i7-3687u.c1518;Ivy Bridge;2  / 4;2.1 to 3.3 GHz;BGA 1023;22 nm;4 MB;17 W;Jan 8th, 2013;Intel
Core i7-3689Y;/cpu-specs/core-i7-3689y.c1493;Ivy Bridge;2  / 4;1.5 to 2.6 GHz;BGA 1023;22 nm;4 MB;13 W;Jan 8th, 2013;Intel
Core i7-3910K;/cpu-specs/core-i7-3910k.c1646;Sandy Bridge-E;6  / 12;3 to 3.6 GHz;Socket 2011;32 nm;12 MB;130 W;Jul 24th, 2013;Intel
Core i7-4500U;/cpu-specs/core-i7-4500u.c1592;Haswell-ULT;2  / 4;1.8 to 3 GHz;BGA 1168;22 nm;4 MB;15 W;Jun 4th, 2013;Intel
Core i7-4550U;/cpu-specs/core-i7-4550u.c1599;Haswell-ULT;2  / 4;1.5 to 3 GHz;BGA 1168;22 nm;4 MB;15 W;Jun 4th, 2013;Intel
Core i7-4558U;/cpu-specs/core-i7-4558u.c1600;Haswell-ULT;2  / 4;2.8 to 3.3 GHz;BGA 1168;22 nm;4 MB;28 W;Jun 4th, 2013;Intel
Core i7-4600M;/cpu-specs/core-i7-4600m.c1716;Haswell;2  / 4;2.9 to 3.6 GHz;Socket G3;22 nm;4 MB;37 W;Sep 1st, 2013;Intel
Core i7-4600U;/cpu-specs/core-i7-4600u.c1717;Haswell-ULT;2  / 4;2.1 to 3.3 GHz;BGA 1168;22 nm;4 MB;15 W;Sep 1st, 2013;Intel
Core i7-4650U;/cpu-specs/core-i7-4650u.c1591;Haswell-ULT;2  / 4;1.7 to 3.3 GHz;BGA 1168;22 nm;4 MB;15 W;Jun 4th, 2013;Intel
Core i7-4700EQ;/cpu-specs/core-i7-4700eq.c1612;Haswell;4  / 8;2.4 to 3.4 GHz;BGA 1364;22 nm;8 MB;47 W;May 27th, 2013;Intel
Core i7-4700HQ;/cpu-specs/core-i7-4700hq.c1593;Crystalwell;4  / 8;2.4 to 3.4 GHz;BGA 1364;22 nm;6 MB;47 W;May 27th, 2013;Intel
Core i7-4700MQ;/cpu-specs/core-i7-4700mq.c1595;Haswell;4  / 8;2.4 to 3.4 GHz;Socket G3;22 nm;6 MB;47 W;May 27th, 2013;Intel
Core i7-4702HQ;/cpu-specs/core-i7-4702hq.c1596;Crystalwell;4  / 8;2.2 to 3.2 GHz;BGA 1364;22 nm;6 MB;37 W;May 27th, 2013;Intel
Core i7-4702MQ;/cpu-specs/core-i7-4702mq.c1597;Haswell;4  / 8;2.2 to 3.2 GHz;Socket G3;22 nm;6 MB;37 W;May 27th, 2013;Intel
Core i7-4710MQ;/cpu-specs/core-i7-4710mq.c1901;Haswell;4  / 8;2.5 to 3.5 GHz;Socket G3;22 nm;6 MB;47 W;Apr 14th, 2013;Intel
Core i7-4712MQ;/cpu-specs/core-i7-4712mq.c1902;Haswell;4  / 8;2.3 to 3.3 GHz;Socket G3;22 nm;6 MB;37 W;Apr 14th, 2013;Intel
Core i7-4750HQ;/cpu-specs/core-i7-4750hq.c1594;Crystalwell;4  / 8;2 to 3.2 GHz;BGA 1364;22 nm;6 MB;47 W;May 27th, 2013;Intel
Core i7-4765T;/cpu-specs/core-i7-4765t.c1476;Haswell;4  / 8;2 to 3 GHz;Socket 1150;22 nm;8 MB;35 W;Jun 2nd, 2013;Intel
Core i7-4770;/cpu-specs/core-i7-4770.c1473;Haswell;4  / 8;3.4 to 3.9 GHz;Socket 1150;22 nm;8 MB;84 W;Jun 2nd, 2013;Intel
Core i7-4770K;/cpu-specs/core-i7-4770k.c1459;Haswell;4  / 8;3.5 to 3.9 GHz;Socket 1150;22 nm;8 MB;84 W;Jun 2nd, 2013;Intel
Core i7-4770R;/cpu-specs/core-i7-4770r.c1573;Haswell;4  / 8;3.2 to 3.9 GHz;BGA 1364;22 nm;6 MB;65 W;Jun 2nd, 2013;Intel
Core i7-4770S;/cpu-specs/core-i7-4770s.c1474;Haswell;4  / 8;3.1 to 3.9 GHz;Socket 1150;22 nm;8 MB;65 W;Jun 2nd, 2013;Intel
Core i7-4770T;/cpu-specs/core-i7-4770t.c1475;Haswell;4  / 8;2.5 to 3.7 GHz;Socket 1150;22 nm;8 MB;45 W;Jun 2nd, 2013;Intel
Core i7-4770TE;/cpu-specs/core-i7-4770te.c1611;Haswell;4  / 8;2.3 to 3.3 GHz;Socket 1150;22 nm;8 MB;45 W;Jun 2nd, 2013;Intel
Core i7-4771;/cpu-specs/core-i7-4771.c1627;Haswell;4  / 8;3.5 to 3.9 GHz;Socket 1150;22 nm;8 MB;84 W;Sep 1st, 2013;Intel
Core i7-4785T;/cpu-specs/core-i7-4785t.c2697;Haswell;4  / 8;2.2 to 3.2 GHz;Socket 1150;22 nm;8 MB;35 W;Jun 2nd, 2013;Intel
Core i7-4800MQ;/cpu-specs/core-i7-4800mq.c1462;Haswell;4  / 8;2.7 to 3.7 GHz;Socket G3;22 nm;6 MB;47 W;Apr 29th, 2013;Intel
Core i7-4820K;/cpu-specs/core-i7-4820k.c1571;Ivy Bridge-E;4  / 8;3.7 to 3.9 GHz;Socket 2011;22 nm;10 MB;130 W;Sep 1st, 2013;Intel
Core i7-4850EQ;/cpu-specs/core-i7-4850eq.c1736;Crystalwell;4  / 8;1.6 to 3.2 GHz;BGA 1364;22 nm;8 MB;47 W;Aug 29th, 2013;Intel
Core i7-4850HQ;/cpu-specs/core-i7-4850hq.c1577;Crystalwell;4  / 8;2.3 to 3.5 GHz;BGA 1364;22 nm;6 MB;47 W;Apr 29th, 2013;Intel
Core i7-4860EQ;/cpu-specs/core-i7-4860eq.c1737;Crystalwell;4  / 8;1.8 to 3.2 GHz;BGA 1364;22 nm;8 MB;47 W;Aug 29th, 2013;Intel
Core i7-4900MQ;/cpu-specs/core-i7-4900mq.c1461;Haswell;4  / 8;2.8 to 3.8 GHz;Socket G3;22 nm;8 MB;47 W;Jun 2nd, 2013;Intel
Core i7-4930K;/cpu-specs/core-i7-4930k.c1570;Ivy Bridge-E;6  / 12;3.4 to 3.9 GHz;Socket 2011;22 nm;12 MB;130 W;Sep 1st, 2013;Intel
Core i7-4950HQ;/cpu-specs/core-i7-4950hq.c1576;Crystalwell;4  / 8;2.4 to 3.6 GHz;BGA 1364;22 nm;6 MB;47 W;Jun 7th, 2013;Intel
Core i7-4960HQ;/cpu-specs/core-i7-4960hq.c1775;Crystalwell;4  / 8;2.6 to 3.8 GHz;BGA 1364;22 nm;8 MB;47 W;Sep 1st, 2013;Intel
Core i7-4980HQ;/cpu-specs/core-i7-4980hq.c1715;Crystalwell;4  / 8;2.8 to 4 GHz;BGA 1364;22 nm;6 MB;47 W;Sep 1st, 2013;Intel
Core i7-4930MX;/cpu-specs/core-i7-4930mx.c1460;Haswell;4  / 8;3 to 3.9 GHz;Socket G3;22 nm;8 MB;57 W;Apr 29th, 2013;Intel
Core i7-4960X;/cpu-specs/core-i7-4960x.c1569;Ivy Bridge-E;6  / 12;3.6 to 4 GHz;Socket 2011;22 nm;15 MB;130 W;Sep 3rd, 2013;Intel
Xeon E3-1220 v3;/cpu-specs/xeon-e3-1220-v3.c1545;Haswell-WS;4 ;3.1 to 3.5 GHz;Socket 1150;22 nm;8 MB;80 W;Jun 2nd, 2013;Intel
Xeon E3-1220L v3;/cpu-specs/xeon-e3-1220l-v3.c1642;Haswell-WS;2  / 4;1100 to 1500 MHz;Socket 1150;22 nm;4 MB;13 W;Sep 1st, 2013;Intel
Xeon E3-1225 v3;/cpu-specs/xeon-e3-1225-v3.c1639;Haswell-WS;4 ;3.2 to 3.6 GHz;Socket 1150;22 nm;8 MB;84 W;Jun 2nd, 2013;Intel
Xeon E3-1230 v3;/cpu-specs/xeon-e3-1230-v3.c1546;Haswell-WS;4  / 8;3.3 to 3.7 GHz;Socket 1150;22 nm;8 MB;80 W;Jun 2nd, 2013;Intel
Xeon E3-1230L v3;/cpu-specs/xeon-e3-1230l-v3.c1643;Haswell-WS;4  / 8;1.8 to 2.8 GHz;Socket 1150;22 nm;8 MB;25 W;Jun 2nd, 2013;Intel
Xeon E3-1240 v3;/cpu-specs/xeon-e3-1240-v3.c1547;Haswell-WS;4  / 8;3.4 to 3.8 GHz;Socket 1150;22 nm;8 MB;80 W;Jun 2nd, 2013;Intel
Xeon E3-1245 v3;/cpu-specs/xeon-e3-1245-v3.c1640;Haswell-WS;4  / 8;3.4 to 3.8 GHz;Socket 1150;22 nm;8 MB;84 W;Jun 2nd, 2013;Intel
Xeon E3-1265L v3;/cpu-specs/xeon-e3-1265l-v3.c1644;Haswell-WS;4  / 8;2.5 to 3.7 GHz;Socket 1150;22 nm;8 MB;45 W;Jun 2nd, 2013;Intel
Xeon E3-1270 v3;/cpu-specs/xeon-e3-1270-v3.c1548;Haswell-WS;4  / 8;3.5 to 3.9 GHz;Socket 1150;22 nm;8 MB;80 W;Jun 2nd, 2013;Intel
Xeon E3-1275 v3;/cpu-specs/xeon-e3-1275-v3.c1641;Haswell-WS;4  / 8;3.5 to 3.9 GHz;Socket 1150;22 nm;8 MB;84 W;Jun 2nd, 2013;Intel
Xeon E3-1280 v3;/cpu-specs/xeon-e3-1280-v3.c1549;Haswell-WS;4  / 8;3.6 to 4 GHz;Socket 1150;22 nm;8 MB;82 W;Jun 2nd, 2013;Intel
Xeon E3-1285 v3;/cpu-specs/xeon-e3-1285-v3.c1550;Haswell-WS;4  / 8;3.6 to 4 GHz;Socket 1150;22 nm;8 MB;84 W;Jun 2nd, 2013;Intel
Xeon E3-1285L v3;/cpu-specs/xeon-e3-1285l-v3.c1645;Haswell-WS;4  / 8;3.1 to 3.9 GHz;Socket 1150;22 nm;8 MB;65 W;Jun 2nd, 2013;Intel
Xeon E5-1607 v2;/cpu-specs/xeon-e5-1607-v2.c2671;Ivy Bridge-E;4 ;3 GHz;Socket 2011;22 nm;10 MB;130 W;Sep 10th, 2013;Intel
Xeon E5-1620 v2;/cpu-specs/xeon-e5-1620-v2.c1672;Ivy Bridge-E;4  / 8;3.7 to 3.9 GHz;Socket 2011;22 nm;10 MB;130 W;Sep 10th, 2013;Intel
Xeon E5-1650 v2;/cpu-specs/xeon-e5-1650-v2.c1673;Ivy Bridge-E;6  / 12;3.5 to 3.9 GHz;Socket 2011;22 nm;12 MB;130 W;Sep 10th, 2013;Intel
Xeon E5-1660 v2;/cpu-specs/xeon-e5-1660-v2.c1674;Ivy Bridge-E;6  / 12;3.7 to 4 GHz;Socket 2011;22 nm;15 MB;130 W;Sep 10th, 2013;Intel
Xeon E5-1680 v2;/cpu-specs/xeon-e5-1680-v2.c2670;Ivy Bridge-EP;8  / 16;3 to 3.9 GHz;Socket 2011;22 nm;25 MB;130 W;Sep 10th, 2013;Intel
Xeon E5-2403 v2;/cpu-specs/xeon-e5-2403-v2.c1675;Ivy Bridge-EN;4 ;1800 MHz;Socket 1356;22 nm;10 MB;80 W;Sep 1st, 2013;Intel
Xeon E5-2407 v2;/cpu-specs/xeon-e5-2407-v2.c1676;Ivy Bridge-EN;4 ;2.4 GHz;Socket 1356;22 nm;10 MB;80 W;Sep 1st, 2013;Intel
Xeon E5-2420 v2;/cpu-specs/xeon-e5-2420-v2.c1677;Ivy Bridge-EN;6  / 12;2.2 GHz;Socket 1356;22 nm;15 MB;80 W;Sep 1st, 2013;Intel
Xeon E5-2430 v2;/cpu-specs/xeon-e5-2430-v2.c1678;Ivy Bridge-EN;6  / 12;2.5 GHz;Socket 1356;22 nm;15 MB;80 W;Sep 1st, 2013;Intel
Xeon E5-2440 v2;/cpu-specs/xeon-e5-2440-v2.c1679;Ivy Bridge-EN;8  / 16;1900 MHz;Socket 1356;22 nm;20 MB;95 W;Sep 1st, 2013;Intel
Xeon E5-2450 v2;/cpu-specs/xeon-e5-2450-v2.c1680;Ivy Bridge-EN;8  / 16;2.5 GHz;Socket 1356;22 nm;20 MB;95 W;Sep 1st, 2013;Intel
Xeon E5-2470 v2;/cpu-specs/xeon-e5-2470-v2.c1681;Ivy Bridge-EN;10  / 20;2.4 GHz;Socket 1356;22 nm;25 MB;95 W;Sep 1st, 2013;Intel
Xeon E5-2603 v2;/cpu-specs/xeon-e5-2603-v2.c1653;Ivy Bridge-EP;4 ;1800 MHz;Socket 2011;22 nm;10 MB;80 W;Sep 1st, 2013;Intel
Xeon E5-2609 v2;/cpu-specs/xeon-e5-2609-v2.c1654;Ivy Bridge-EP;4 ;2.5 GHz;Socket 2011;22 nm;10 MB;80 W;Sep 1st, 2013;Intel
Xeon E5-2620 v2;/cpu-specs/xeon-e5-2620-v2.c1656;Ivy Bridge-EP;6  / 12;2.1 GHz;Socket 2011;22 nm;15 MB;80 W;Sep 1st, 2013;Intel
Xeon E5-2630 v2;/cpu-specs/xeon-e5-2630-v2.c1657;Ivy Bridge-EP;6  / 12;2.6 GHz;Socket 2011;22 nm;15 MB;80 W;Sep 1st, 2013;Intel
Xeon E5-2630L v2;/cpu-specs/xeon-e5-2630l-v2.c1659;Ivy Bridge-EP;6  / 12;2.4 GHz;Socket 2011;22 nm;15 MB;60 W;Sep 1st, 2013;Intel
Xeon E5-2637 v2;/cpu-specs/xeon-e5-2637-v2.c1655;Ivy Bridge-EP;4  / 8;3.5 GHz;Socket 2011;22 nm;10 MB;130 W;Sep 1st, 2013;Intel
Xeon E5-2640 v2;/cpu-specs/xeon-e5-2640-v2.c1660;Ivy Bridge-EP;8  / 16;2000 MHz;Socket 2011;22 nm;20 MB;95 W;Sep 1st, 2013;Intel
Xeon E5-2643 v2;/cpu-specs/xeon-e5-2643-v2.c1658;Ivy Bridge-EP;6  / 12;3.5 GHz;Socket 2011;22 nm;15 MB;130 W;Sep 1st, 2013;Intel
Xeon E5-2650 v2;/cpu-specs/xeon-e5-2650-v2.c1661;Ivy Bridge-EP;8  / 16;2.6 to 3.4 GHz;Socket 2011;22 nm;20 MB;95 W;Sep 1st, 2013;Intel
Xeon E5-2650L v2;/cpu-specs/xeon-e5-2650l-v2.c1668;Ivy Bridge-EP;10  / 20;1700 MHz;Socket 2011;22 nm;25 MB;70 W;Sep 1st, 2013;Intel
Xeon E5-2660 v2;/cpu-specs/xeon-e5-2660-v2.c1664;Ivy Bridge-EP;10  / 20;2.2 to 3 GHz;Socket 2011;22 nm;25 MB;95 W;Sep 1st, 2013;Intel
Xeon E5-2667 v2;/cpu-specs/xeon-e5-2667-v2.c1662;Ivy Bridge-EP;8  / 16;3.3 GHz;Socket 2011;22 nm;20 MB;130 W;Sep 1st, 2013;Intel
Xeon E5-2670 v2;/cpu-specs/xeon-e5-2670-v2.c1665;Ivy Bridge-EP;10  / 20;2.5 to 3.3 GHz;Socket 2011;22 nm;25 MB;115 W;Sep 1st, 2013;Intel
Xeon E5-2680 v2;/cpu-specs/xeon-e5-2680-v2.c1666;Ivy Bridge-EP;10  / 20;2.8 to 3.6 GHz;Socket 2011;22 nm;25 MB;115 W;Sep 1st, 2013;Intel
Xeon E5-2687W v2;/cpu-specs/xeon-e5-2687w-v2.c1663;Ivy Bridge-EP;8  / 16;3.4 to 4 GHz;Socket 2011;22 nm;20 MB;130 W;Sep 1st, 2013;Intel
Xeon E5-2690 v2;/cpu-specs/xeon-e5-2690-v2.c1667;Ivy Bridge-EP;10  / 20;3 to 3.8 GHz;Socket 2011;22 nm;25 MB;130 W;Sep 1st, 2013;Intel
Xeon E5-2692 v2;/cpu-specs/xeon-e5-2692-v2.c1669;Ivy Bridge-EP;12  / 24;2.2 to 3 GHz;Socket 2011;22 nm;30 MB;100 W;Sep 1st, 2013;Intel
Xeon E5-2695 v2;/cpu-specs/xeon-e5-2695-v2.c1670;Ivy Bridge-EP;12  / 24;2.4 to 3.2 GHz;Socket 2011;22 nm;30 MB;115 W;Sep 1st, 2013;Intel
Xeon E5-2697 v2;/cpu-specs/xeon-e5-2697-v2.c1671;Ivy Bridge-EP;12  / 24;2.7 to 3.5 GHz;Socket 2011;22 nm;30 MB;130 W;Sep 1st, 2013;Intel
Xeon Phi 3120A;/cpu-specs/xeon-phi-3120a.c2027;Knights Corner;57  / 228;1100 MHz;PCIe x16;22 nm;N/A;300 W;Jun 17th, 2013;Intel
Xeon Phi 3120P;/cpu-specs/xeon-phi-3120p.c2031;Knights Corner;57  / 228;1100 MHz;PCIe x16;22 nm;N/A;300 W;Jun 17th, 2013;Intel
Xeon Phi 31S1P;/cpu-specs/xeon-phi-31s1p.c2032;Knights Corner;57  / 228;1100 MHz;PCIe x16;22 nm;N/A;270 W;Jun 17th, 2013;Intel
Xeon Phi 5120D;/cpu-specs/xeon-phi-5120d.c2030;Knights Corner;60  / 240;1053 MHz;SFF 230-Pin;22 nm;N/A;245 W;Jun 17th, 2013;Intel
Xeon Phi 7120P;/cpu-specs/xeon-phi-7120p.c2039;Knights Corner;61  / 244;1238 to 1333 MHz;PCIe x16;22 nm;N/A;300 W;Jun 17th, 2013;Intel
Xeon Phi 7120X;/cpu-specs/xeon-phi-7120x.c2040;Knights Corner;61  / 244;1238 to 1333 MHz;PCIe x16;22 nm;N/A;300 W;Jun 17th, 2013;Intel
A10-4600M;/cpu-specs/a10-4600m.c1023;Trinity;4 ;2.3 to 3.2 GHz;Socket FS1r2;32 nm;N/A;35 W;May 15th, 2012;AMD
A10-4655M;/cpu-specs/a10-4655m.c1026;Trinity;4 ;2 to 2.8 GHz;Socket FP2;32 nm;N/A;25 W;May 15th, 2012;AMD
A10-5700;/cpu-specs/a10-5700.c1102;Trinity;4 ;3.4 to 4 GHz;Socket FM2;32 nm;N/A;65 W;Oct 2nd, 2012;AMD
A10-5800B;/cpu-specs/a10-5800b.c1487;Trinity;4 ;3.8 to 4.2 GHz;Socket FM2;32 nm;N/A;100 W;Oct 2nd, 2012;AMD
A10-5800K;/cpu-specs/a10-5800k.c1100;Trinity;4 ;3.8 to 4.2 GHz;Socket FM2;32 nm;N/A;100 W;Oct 2nd, 2012;AMD
A4-4300M;/cpu-specs/a4-4300m.c1045;Trinity;2 ;2.5 to 3 GHz;Socket FS1r2;32 nm;N/A;35 W;May 15th, 2012;AMD
A4-4355M;/cpu-specs/a4-4355m.c1162;Trinity;2 ;1.9 to 2.4 GHz;Socket FP2;32 nm;N/A;17 W;Sep 27th, 2012;AMD
A4-5300;/cpu-specs/a4-5300.c1491;Trinity;2 ;3.4 to 3.6 GHz;Socket FM2;32 nm;N/A;65 W;Oct 2nd, 2012;AMD
A4-5300B;/cpu-specs/a4-5300b.c1490;Trinity;2 ;3.4 to 3.6 GHz;Socket FM2;32 nm;N/A;65 W;Oct 2nd, 2012;AMD
A6-4400M;/cpu-specs/a6-4400m.c1025;Trinity;2 ;2.7 to 3.2 GHz;Socket FS1r2;32 nm;N/A;35 W;May 15th, 2012;AMD
A6-4455M;/cpu-specs/a6-4455m.c1027;Trinity;2 ;2.1 to 2.6 GHz;Socket FP2;32 nm;N/A;17 W;May 15th, 2012;AMD
A6-5400B;/cpu-specs/a6-5400b.c1489;Trinity;2 ;3.6 to 3.8 GHz;Socket FM2;32 nm;N/A;65 W;Oct 2nd, 2012;AMD
A6-5400K;/cpu-specs/a6-5400k.c1103;Trinity;2 ;3.6 to 3.8 GHz;Socket FM2;32 nm;N/A;65 W;Oct 2nd, 2012;AMD
A8-4500M;/cpu-specs/a8-4500m.c1024;Trinity;4 ;1.9 to 2.8 GHz;Socket FS1r2;32 nm;N/A;35 W;May 15th, 2012;AMD
A8-4555M;/cpu-specs/a8-4555m.c1163;Trinity;4 ;1.6 to 2.4 GHz;Socket FP2;32 nm;N/A;19 W;Sep 27th, 2012;AMD
A8-5500;/cpu-specs/a8-5500.c1104;Trinity;4 ;3.2 to 3.7 GHz;Socket FM2;32 nm;N/A;65 W;Oct 2nd, 2012;AMD
A8-5500B;/cpu-specs/a8-5500b.c1488;Trinity;4 ;3.2 to 3.7 GHz;Socket FM2;32 nm;N/A;65 W;Oct 2nd, 2012;AMD
A8-5600K;/cpu-specs/a8-5600k.c1101;Trinity;4 ;3.6 to 3.9 GHz;Socket FM2;32 nm;N/A;100 W;Oct 2nd, 2012;AMD
Athlon II X4 638;/cpu-specs/athlon-ii-x4-638.c960;Llano;4 ;2.7 GHz;Socket FM1;32 nm;N/A;65 W;Feb 6th, 2012;AMD
Athlon II X4 641;/cpu-specs/athlon-ii-x4-641.c959;Llano;4 ;2.8 GHz;Socket FM1;32 nm;N/A;100 W;Feb 6th, 2012;AMD
Athlon X2 340;/cpu-specs/athlon-x2-340.c2658;Trinity;2 ;3.2 to 3.6 GHz;Socket FM2;32 nm;N/A;65 W;Oct 2nd, 2012;AMD
Athlon X4 730;/cpu-specs/athlon-x4-730.c2655;Trinity;4 ;2.8 to 3.2 GHz;Socket FM2;32 nm;N/A;65 W;Oct 2nd, 2012;AMD
Athlon X4 740;/cpu-specs/athlon-x4-740.c2654;Trinity;4 ;3.2 to 3.7 GHz;Socket FM2;32 nm;N/A;65 W;Oct 2nd, 2012;AMD
Athlon X4 750K;/cpu-specs/athlon-x4-750k.c2653;Trinity;4 ;3.4 to 4 GHz;Socket FM2;32 nm;N/A;100 W;Oct 2nd, 2012;AMD
C-70;/cpu-specs/c-70.c1105;Ontario;2 ;1000 to 1333 MHz;Socket FT1;40 nm;N/A;9 W;Sep 1st, 2012;AMD
E1-1200;/cpu-specs/e1-1200.c1043;Zacate;2 ;1400 MHz;Socket FT1;40 nm;N/A;18 W;Jun 6th, 2012;AMD
E2-1800;/cpu-specs/e2-1800.c1044;Zacate;2 ;1700 MHz;Socket FT1;40 nm;N/A;18 W;Jun 6th, 2012;AMD
FX-4120;/cpu-specs/fx-4120.c1207;Zambezi;4 ;3.9 to 4.1 GHz;Socket AM3+;32 nm;4 MB;95 W;Oct 23rd, 2012;AMD
FX-4130;/cpu-specs/fx-4130.c1208;Zambezi;4 ;3.8 to 4 GHz;Socket AM3+;32 nm;4 MB;125 W;Aug 27th, 2012;AMD
FX-4150;/cpu-specs/fx-4150.c1209;Zambezi;4 ;3.8 to 4 GHz;Socket AM3+;32 nm;4 MB;95 W;Oct 23rd, 2012;AMD
FX-4170;/cpu-specs/fx-4170.c964;Zambezi;4 ;4.2 to 4.3 GHz;Socket AM3+;32 nm;8 MB;125 W;Feb 27th, 2012;AMD
FX-4300;/cpu-specs/fx-4300.c1216;Vishera;4 ;3.8 to 4 GHz;Socket AM3+;32 nm;4 MB;95 W;Oct 23rd, 2012;AMD
FX-4320;/cpu-specs/fx-4320.c1211;Vishera;4 ;4 to 4.2 GHz;Socket AM3+;32 nm;4 MB;95 W;Oct 23rd, 2012;AMD
FX-6120;/cpu-specs/fx-6120.c1205;Zambezi;6 ;3.6 to 4.2 GHz;Socket AM3+;32 nm;8 MB;95 W;Oct 23rd, 2012;AMD
FX-6130;/cpu-specs/fx-6130.c1206;Zambezi;6 ;3.6 to 3.9 GHz;Socket AM3+;32 nm;8 MB;95 W;Oct 23rd, 2012;AMD
FX-6200;/cpu-specs/fx-6200.c963;Zambezi;6 ;3.8 to 4.1 GHz;Socket AM3+;32 nm;8 MB;125 W;Feb 27th, 2012;AMD
FX-6300;/cpu-specs/fx-6300.c1210;Vishera;6 ;3.5 to 4.1 GHz;Socket AM3+;32 nm;8 MB;95 W;Oct 23rd, 2012;AMD
FX-8140;/cpu-specs/fx-8140.c1203;Zambezi;8 ;3.2 to 4.1 GHz;Socket AM3+;32 nm;8 MB;95 W;Oct 23rd, 2012;AMD
FX-8170;/cpu-specs/fx-8170.c1204;Zambezi;8 ;3.9 to 4.5 GHz;Socket AM3+;32 nm;8 MB;125 W;Oct 23rd, 2012;AMD
FX-8300;/cpu-specs/fx-8300.c1202;Vishera;8 ;3.3 to 3.9 GHz;Socket AM3+;32 nm;8 MB;95 W;Oct 23rd, 2012;AMD
FX-8320;/cpu-specs/fx-8320.c1215;Vishera;8 ;3.5 to 4 GHz;Socket AM3+;32 nm;8 MB;125 W;Oct 23rd, 2012;AMD
FX-8350;/cpu-specs/fx-8350.c1099;Vishera;8 ;4 to 4.2 GHz;Socket AM3+;32 nm;8 MB;125 W;Oct 23rd, 2012;AMD
FirePro A300;/cpu-specs/firepro-a300.c2657;Trinity;4 ;3.4 to 4 GHz;Socket FM2;32 nm;N/A;65 W;Aug 7th, 2012;AMD
FirePro A320;/cpu-specs/firepro-a320.c2656;Trinity;4 ;3.8 to 4.2 GHz;Socket FM2;32 nm;N/A;100 W;Aug 7th, 2012;AMD
Opteron 3250 HE;/cpu-specs/opteron-3250-he.c3677;Zurich;4 ;2.5 to 3.5 GHz;Socket AM3+;32 nm;4 MB;45 W;Mar 20th, 2012;AMD
Opteron 3260 HE;/cpu-specs/opteron-3260-he.c3678;Zurich;4 ;2.7 to 3.7 GHz;Socket AM3+;32 nm;4 MB;45 W;Mar 20th, 2012;AMD
Opteron 3280;/cpu-specs/opteron-3280.c3679;Zurich;8 ;2.5 to 3.5 GHz;Socket AM3+;32 nm;8 MB;65 W;Mar 20th, 2012;AMD
Opteron 3320 EE;/cpu-specs/opteron-3320-ee.c1566;Delhi;4 ;1.9 to 2.5 GHz;Socket AM3+;32 nm;8 MB;25 W;Dec 4th, 2012;AMD
Opteron 3350 HE;/cpu-specs/opteron-3350-he.c1567;Delhi;4 ;2.8 to 3.8 GHz;Socket AM3+;32 nm;8 MB;45 W;Dec 4th, 2012;AMD
Opteron 3380;/cpu-specs/opteron-3380.c1568;Delhi;8 ;2.6 to 3.6 GHz;Socket AM3+;32 nm;8 MB;65 W;Dec 4th, 2012;AMD
Opteron 4240;/cpu-specs/opteron-4240.c3686;Valencia;6 ;3.4 to 3.8 GHz;Socket C32;32 nm;8 MB;95 W;Jun 4th, 2012;AMD
Opteron 4276 HE;/cpu-specs/opteron-4276-he.c3689;Valencia;8 ;2.6 to 3.6 GHz;Socket C32;32 nm;8 MB;65 W;Jun 4th, 2012;AMD
Opteron 4310 EE;/cpu-specs/opteron-4310-ee.c1559;Seoul;4 ;2.2 to 3 GHz;Socket C32;32 nm;8 MB;35 W;Dec 4th, 2012;AMD
Opteron 4332 HE;/cpu-specs/opteron-4332-he.c1562;Seoul;6 ;3 to 3.7 GHz;Socket C32;32 nm;8 MB;65 W;Dec 4th, 2012;AMD
Opteron 4334;/cpu-specs/opteron-4334.c1560;Seoul;6 ;3.1 to 3.5 GHz;Socket C32;32 nm;8 MB;95 W;Dec 4th, 2012;AMD
Opteron 4340;/cpu-specs/opteron-4340.c1561;Seoul;6 ;3.5 to 3.8 GHz;Socket C32;32 nm;8 MB;95 W;Dec 4th, 2012;AMD
Opteron 4376 HE;/cpu-specs/opteron-4376-he.c1565;Seoul;8 ;2.6 to 3.6 GHz;Socket C32;32 nm;8 MB;65 W;Dec 4th, 2012;AMD
Opteron 4386;/cpu-specs/opteron-4386.c1563;Seoul;8 ;3.1 to 3.8 GHz;Socket C32;32 nm;8 MB;95 W;Dec 4th, 2012;AMD
Opteron 43CX EE;/cpu-specs/opteron-43cx-ee.c1558;Seoul;4 ;2.2 to 3 GHz;Socket C32;32 nm;8 MB;35 W;Dec 4th, 2012;AMD
Opteron 43GK HE;/cpu-specs/opteron-43gk-he.c1564;Seoul;8 ;2.6 to 3.6 GHz;Socket C32;32 nm;8 MB;65 W;Dec 4th, 2012;AMD
Opteron 6278;/cpu-specs/opteron-6278.c1299;Interlagos;16 ;2.4 to 3.3 GHz;Socket G34;32 nm;8 MB;115 W;May 1st, 2012;AMD
Opteron 6284 SE;/cpu-specs/opteron-6284-se.c1297;Interlagos;16 ;2.7 to 3.4 GHz;Socket G34;32 nm;8 MB;140 W;May 1st, 2012;AMD
Opteron 6308;/cpu-specs/opteron-6308.c3731;Abu Dhabi;4 ;3.5 GHz;Socket G34;32 nm;8 MB;115 W;Nov 5th, 2012;AMD
Opteron 6320;/cpu-specs/opteron-6320.c3730;Abu Dhabi;8 ;2.8 to 3.3 GHz;Socket G34;32 nm;8 MB;115 W;Nov 5th, 2012;AMD
Opteron 6328;/cpu-specs/opteron-6328.c3729;Abu Dhabi;8 ;3.2 to 3.8 GHz;Socket G34;32 nm;8 MB;115 W;Nov 5th, 2012;AMD
Opteron 6344;/cpu-specs/opteron-6344.c3727;Abu Dhabi;12 ;2.6 to 3.2 GHz;Socket G34;32 nm;8 MB;115 W;Nov 5th, 2012;AMD
Opteron 6348;/cpu-specs/opteron-6348.c1455;Abu Dhabi;12 ;2.8 to 3.4 GHz;Socket G34;32 nm;8 MB;115 W;Nov 5th, 2012;AMD
Opteron 6366 HE;/cpu-specs/opteron-6366-he.c1296;Abu Dhabi;16 ;1.8 to 3.1 GHz;Socket G34;32 nm;8 MB;85 W;Nov 5th, 2012;AMD
Opteron 6376;/cpu-specs/opteron-6376.c1295;Abu Dhabi;16 ;2.3 to 3.2 GHz;Socket G34;32 nm;8 MB;115 W;Nov 5th, 2012;AMD
Opteron 6378;/cpu-specs/opteron-6378.c1294;Abu Dhabi;16 ;2.4 to 3.3 GHz;Socket G34;32 nm;8 MB;115 W;Nov 5th, 2012;AMD
Opteron 6380;/cpu-specs/opteron-6380.c1293;Abu Dhabi;16 ;2.5 to 3.4 GHz;Socket G34;32 nm;8 MB;115 W;Nov 5th, 2012;AMD
Opteron 6386 SE;/cpu-specs/opteron-6386-se.c1292;Abu Dhabi;16 ;2.8 to 3.5 GHz;Socket G34;32 nm;8 MB;140 W;Nov 5th, 2012;AMD
Sempron X2 240;/cpu-specs/sempron-x2-240.c2659;Trinity;2 ;2.9 to 3.3 GHz;Socket FM2;32 nm;N/A;65 W;2012;AMD
Z-60;/cpu-specs/z-60.c1180;Hondo;2 ;1000 MHz;Socket FT1;40 nm;N/A;5 W;Oct 9th, 2012;AMD
Atom S1220;/cpu-specs/atom-s1220.c1458;Centerton;2  / 4;1600 MHz;BGA 1283;32 nm;N/A;8 W;Dec 11th, 2012;Intel
Atom S1240;/cpu-specs/atom-s1240.c1457;Centerton;2  / 4;1600 MHz;BGA 1283;32 nm;N/A;6 W;Dec 11th, 2012;Intel
Atom S1260;/cpu-specs/atom-s1260.c1456;Centerton;2  / 4;2000 MHz;BGA 1283;32 nm;N/A;9 W;Dec 11th, 2012;Intel
Atom Z2460;/cpu-specs/atom-z2460.c1436;Penwell;1 ;1300 MHz;BGA 617;32 nm;N/A;3 W;Jan 1st, 2012;Intel
Atom Z2760;/cpu-specs/atom-z2760.c1437;Cloverview;2 ;1800 MHz;BGA 617;32 nm;N/A;3 W;Sep 27th, 2012;Intel
Celeron 797;/cpu-specs/celeron-797.c1332;Sandy Bridge;1 ;1400 MHz;BGA 1023;32 nm;1.5 MB;17 W;Jan 1st, 2012;Intel
Celeron 807;/cpu-specs/celeron-807.c1333;Sandy Bridge;1 ;1500 MHz;BGA 1023;32 nm;1.5 MB;17 W;Jul 1st, 2012;Intel
Celeron 867;/cpu-specs/celeron-867.c1336;Sandy Bridge;2 ;1300 MHz;BGA 1023;32 nm;2 MB;17 W;Jan 1st, 2012;Intel
Celeron 877;/cpu-specs/celeron-877.c1337;Sandy Bridge;2 ;1400 MHz;BGA 1023;32 nm;2 MB;17 W;Jul 1st, 2012;Intel
Celeron 887;/cpu-specs/celeron-887.c1338;Sandy Bridge;2 ;1500 MHz;BGA 1023;32 nm;2 MB;17 W;Sep 1st, 2012;Intel
Celeron B720;/cpu-specs/celeron-b720.c1323;Sandy Bridge;1 ;1700 MHz;Socket G2 (988B);32 nm;1.5 MB;35 W;Jan 1st, 2012;Intel
Celeron B730;/cpu-specs/celeron-b730.c1324;Sandy Bridge;1 ;1800 MHz;Socket G2 (988B);32 nm;1.5 MB;35 W;Jul 1st, 2012;Intel
Celeron B815;/cpu-specs/celeron-b815.c1327;Sandy Bridge;2 ;1600 MHz;Socket G2 (988B);32 nm;2 MB;35 W;Jan 1st, 2012;Intel
Celeron B820;/cpu-specs/celeron-b820.c1328;Sandy Bridge;2 ;1700 MHz;Socket G2 (988B);32 nm;2 MB;35 W;Jul 1st, 2012;Intel
Celeron B830;/cpu-specs/celeron-b830.c1329;Sandy Bridge;2 ;1800 MHz;Socket G2 (988B);32 nm;2 MB;35 W;Sep 1st, 2012;Intel
Celeron G1610;/cpu-specs/celeron-g1610.c1482;Ivy Bridge;2 ;2.6 GHz;Socket 1155;22 nm;2 MB;55 W;Dec 3rd, 2012;Intel
Celeron G1610T;/cpu-specs/celeron-g1610t.c1484;Ivy Bridge;2 ;2.3 GHz;Socket 1155;22 nm;2 MB;35 W;Dec 3rd, 2012;Intel
Celeron G1620;/cpu-specs/celeron-g1620.c1483;Ivy Bridge;2 ;2.7 GHz;Socket 1155;22 nm;2 MB;55 W;Dec 3rd, 2012;Intel
Celeron G465;/cpu-specs/celeron-g465.c1341;Sandy Bridge;1 ;1900 MHz;Socket 1155;32 nm;1.5 MB;35 W;Sep 1st, 2012;Intel
Celeron G550;/cpu-specs/celeron-g550.c1339;Sandy Bridge;2 ;2.6 GHz;Socket 1155;32 nm;2 MB;65 W;Jun 1st, 2012;Intel
Celeron G555;/cpu-specs/celeron-g555.c1340;Sandy Bridge;2 ;2.7 GHz;Socket 1155;32 nm;2 MB;65 W;Sep 1st, 2012;Intel
Pentium 2020M;/cpu-specs/pentium-2020m.c1303;Ivy Bridge;2 ;2.4 GHz;Socket G2 (988B);22 nm;2 MB;35 W;Sep 1st, 2012;Intel
Pentium 2117U;/cpu-specs/pentium-2117u.c1304;Ivy Bridge;2 ;1800 MHz;BGA 1023;22 nm;2 MB;17 W;Sep 1st, 2012;Intel
Pentium 2117U;/cpu-specs/pentium-2117u.c1587;Ivy Bridge;2 ;1800 MHz;Socket G2 (988B);22 nm;2 MB;17 W;Sep 1st, 2012;Intel
Pentium 2129Y;/cpu-specs/pentium-2129y.c1588;Ivy Bridge;2 ;1100 MHz;BGA 1023;22 nm;2 MB;10 W;Sep 1st, 2012;Intel
Pentium 977;/cpu-specs/pentium-977.c1320;Sandy Bridge;2 ;1400 MHz;BGA 1023;32 nm;2 MB;17 W;Jan 1st, 2012;Intel
Pentium 997;/cpu-specs/pentium-997.c1321;Sandy Bridge;2 ;1600 MHz;BGA 1023;32 nm;2 MB;17 W;Sep 1st, 2012;Intel
Pentium B915C;/cpu-specs/pentium-b915c.c1581;Sandy Bridge;2 ;1500 MHz;Socket G2 (988B);32 nm;2 MB;35 W;May 1st, 2012;Intel
Pentium B970;/cpu-specs/pentium-b970.c1316;Sandy Bridge;2 ;2.3 GHz;Socket G2 (988B);32 nm;2 MB;35 W;Jan 1st, 2012;Intel
Pentium B980;/cpu-specs/pentium-b980.c1317;Sandy Bridge;2 ;2.4 GHz;Socket G2 (988B);32 nm;2 MB;35 W;Sep 1st, 2012;Intel
Pentium G2100T;/cpu-specs/pentium-g2100t.c1355;Ivy Bridge;2 ;2.6 GHz;Socket 1155;22 nm;3 MB;35 W;Sep 3rd, 2012;Intel
Pentium G2120;/cpu-specs/pentium-g2120.c1354;Ivy Bridge;2 ;3.1 GHz;Socket 1155;22 nm;3 MB;55 W;Sep 3rd, 2012;Intel
Pentium G640;/cpu-specs/pentium-g640.c1348;Sandy Bridge;2 ;2.8 GHz;Socket 1155;32 nm;3 MB;65 W;Jun 3rd, 2012;Intel
Pentium G640T;/cpu-specs/pentium-g640t.c1351;Sandy Bridge;2 ;2.4 GHz;Socket 1155;32 nm;3 MB;35 W;Jun 3rd, 2012;Intel
Pentium G645;/cpu-specs/pentium-g645.c1349;Sandy Bridge;2 ;2.9 GHz;Socket 1155;32 nm;3 MB;65 W;Sep 2nd, 2012;Intel
Pentium G645T;/cpu-specs/pentium-g645t.c1353;Sandy Bridge;2 ;2.5 GHz;Socket 1155;32 nm;3 MB;35 W;Sep 2nd, 2012;Intel
Pentium G860T;/cpu-specs/pentium-g860t.c1352;Sandy Bridge;2 ;2.6 GHz;Socket 1155;32 nm;3 MB;35 W;Jun 3rd, 2012;Intel
Pentium G870;/cpu-specs/pentium-g870.c1350;Sandy Bridge;2 ;3.1 GHz;Socket 1155;32 nm;3 MB;65 W;Jun 3rd, 2012;Intel
Core i3-2115C;/cpu-specs/core-i3-2115c.c1580;Sandy Bridge;2  / 4;2000 MHz;Socket 1155;32 nm;3 MB;65 W;May 1st, 2012;Intel
Core i3-2328M;/cpu-specs/core-i3-2328m.c1343;Sandy Bridge;2  / 4;2.2 GHz;Socket G2 (988B);32 nm;3 MB;35 W;Sep 1st, 2012;Intel
Core i3-2370M;/cpu-specs/core-i3-2370m.c1311;Sandy Bridge;2  / 4;2.4 GHz;Socket G2 (988B);32 nm;3 MB;35 W;Jan 1st, 2012;Intel
Core i3-2377M;/cpu-specs/core-i3-2377m.c1393;Sandy Bridge;2  / 4;1500 MHz;BGA 1023;32 nm;3 MB;17 W;Sep 1st, 2012;Intel
Core i3-3110M;/cpu-specs/core-i3-3110m.c1059;Ivy Bridge;2  / 4;2.4 GHz;Socket G2 (988B);22 nm;3 MB;35 W;Jun 1st, 2012;Intel
Core i3-3110M;/cpu-specs/core-i3-3110m.c1060;Ivy Bridge;2  / 4;2.4 GHz;BGA 1023;22 nm;3 MB;35 W;Jun 1st, 2012;Intel
Core i3-3120M;/cpu-specs/core-i3-3120m.c1379;Ivy Bridge;2  / 4;2.5 GHz;BGA 1023;22 nm;3 MB;35 W;Sep 30th, 2012;Intel
Core i3-3120M;/cpu-specs/core-i3-3120m.c1380;Ivy Bridge;2  / 4;2.5 GHz;Socket G2 (988B);22 nm;3 MB;35 W;Sep 30th, 2012;Intel
Core i3-3120ME;/cpu-specs/core-i3-3120me.c1061;Ivy Bridge;2  / 4;2.4 GHz;BGA 1023;22 nm;3 MB;35 W;Aug 1st, 2012;Intel
Core i3-3217U;/cpu-specs/core-i3-3217u.c1062;Ivy Bridge;2  / 4;1800 MHz;BGA 1023;22 nm;3 MB;17 W;Jun 1st, 2012;Intel
Core i3-3217UE;/cpu-specs/core-i3-3217ue.c1063;Ivy Bridge;2  / 4;1600 MHz;BGA 1023;22 nm;3 MB;17 W;Aug 1st, 2012;Intel
Core i3-3220;/cpu-specs/core-i3-3220.c1053;Ivy Bridge;2  / 4;3.3 GHz;Socket 1155;22 nm;3 MB;55 W;Sep 3rd, 2012;Intel
Core i3-3220T;/cpu-specs/core-i3-3220t.c1055;Ivy Bridge;2  / 4;2.8 GHz;Socket 1155;22 nm;3 MB;35 W;Sep 3rd, 2012;Intel
Core i3-3225;/cpu-specs/core-i3-3225.c1047;Ivy Bridge;2  / 4;3.3 GHz;Socket 1155;22 nm;3 MB;55 W;Sep 3rd, 2012;Intel
Core i3-3240;/cpu-specs/core-i3-3240.c1054;Ivy Bridge;2  / 4;3.4 GHz;Socket 1155;22 nm;3 MB;55 W;Sep 3rd, 2012;Intel
Core i3-3240T;/cpu-specs/core-i3-3240t.c1056;Ivy Bridge;2  / 4;3 GHz;Socket 1155;22 nm;3 MB;35 W;Sep 3rd, 2012;Intel
Core i5-2380P;/cpu-specs/core-i5-2380p.c957;Sandy Bridge;4 ;3.1 to 3.4 GHz;Socket 1155;32 nm;6 MB;95 W;Jan 30th, 2012;Intel
Core i5-2450M;/cpu-specs/core-i5-2450m.c1310;Sandy Bridge;2  / 4;2.5 GHz;BGA 1023;32 nm;3 MB;35 W;Jan 1st, 2012;Intel
Core i5-2450M;/cpu-specs/core-i5-2450m.c1309;Sandy Bridge;2  / 4;2.5 GHz;Socket G2 (988B);32 nm;3 MB;35 W;Jan 1st, 2012;Intel
Core i5-2450P;/cpu-specs/core-i5-2450p.c956;Sandy Bridge;4 ;3.2 to 3.5 GHz;Socket 1155;32 nm;6 MB;95 W;Jan 30th, 2012;Intel
Core i5-2550K;/cpu-specs/core-i5-2550k.c955;Sandy Bridge;4 ;3.4 to 3.8 GHz;Socket 1155;32 nm;6 MB;95 W;Jan 30th, 2012;Intel
Core i5-3210M;/cpu-specs/core-i5-3210m.c1065;Ivy Bridge;2  / 4;2.5 to 3.1 GHz;BGA 1023;22 nm;3 MB;35 W;Jun 1st, 2012;Intel
Core i5-3210M;/cpu-specs/core-i5-3210m.c1064;Ivy Bridge;2  / 4;2.5 to 3.1 GHz;Socket G2 (988B);22 nm;3 MB;35 W;Jun 1st, 2012;Intel
Core i5-3317U;/cpu-specs/core-i5-3317u.c1074;Ivy Bridge;2  / 4;1.7 to 2.6 GHz;BGA 1023;22 nm;3 MB;17 W;Jun 1st, 2012;Intel
Core i5-3320M;/cpu-specs/core-i5-3320m.c1067;Ivy Bridge;2  / 4;2.6 to 3.3 GHz;Socket G2 (988B);22 nm;3 MB;35 W;Jun 1st, 2012;Intel
Core i5-3320M;/cpu-specs/core-i5-3320m.c1066;Ivy Bridge;2  / 4;2.6 to 3.3 GHz;BGA 1023;22 nm;3 MB;35 W;Jun 1st, 2012;Intel
Core i5-3330;/cpu-specs/core-i5-3330.c1076;Ivy Bridge;4 ;3 to 3.2 GHz;Socket 1155;22 nm;6 MB;77 W;Sep 3rd, 2012;Intel
Core i5-3330S;/cpu-specs/core-i5-3330s.c1077;Ivy Bridge;4 ;2.7 to 3.2 GHz;Socket 1155;22 nm;6 MB;77 W;Sep 3rd, 2012;Intel
Core i5-3335S;/cpu-specs/core-i5-3335s.c1212;Ivy Bridge;4 ;2.7 to 3.2 GHz;Socket 1155;22 nm;6 MB;65 W;Nov 1st, 2012;Intel
Core i5-3350P;/cpu-specs/core-i5-3350p.c1078;Ivy Bridge;4 ;3.1 to 3.3 GHz;Socket 1155;22 nm;6 MB;69 W;Sep 3rd, 2012;Intel
Core i5-3360M;/cpu-specs/core-i5-3360m.c1070;Ivy Bridge;2  / 4;2.8 to 3.5 GHz;Socket G2 (988B);22 nm;3 MB;35 W;Jun 1st, 2012;Intel
Core i5-3360M;/cpu-specs/core-i5-3360m.c1069;Ivy Bridge;2  / 4;2.8 to 3.5 GHz;BGA 1023;22 nm;3 MB;35 W;Jun 1st, 2012;Intel
Core i5-3365M;/cpu-specs/core-i5-3365m.c1214;Ivy Bridge;2  / 4;2.8 to 3.5 GHz;BGA 1023;22 nm;3 MB;35 W;Nov 1st, 2012;Intel
Core i5-3427U;/cpu-specs/core-i5-3427u.c1075;Ivy Bridge;2  / 4;1.8 to 2.8 GHz;BGA 1023;22 nm;3 MB;17 W;Jun 1st, 2012;Intel
Core i5-3450;/cpu-specs/core-i5-3450.c1015;Ivy Bridge;4 ;3.1 to 3.5 GHz;Socket 1155;22 nm;6 MB;77 W;Apr 29th, 2012;Intel
Core i5-3450S;/cpu-specs/core-i5-3450s.c1016;Ivy Bridge;4 ;2.8 to 3.5 GHz;Socket 1155;22 nm;6 MB;65 W;Apr 29th, 2012;Intel
Core i5-3470;/cpu-specs/core-i5-3470.c1039;Ivy Bridge;4 ;3.2 to 3.6 GHz;Socket 1155;22 nm;6 MB;77 W;Jun 1st, 2012;Intel
Core i5-3470S;/cpu-specs/core-i5-3470s.c1040;Ivy Bridge;4 ;2.9 to 3.6 GHz;Socket 1155;22 nm;6 MB;65 W;Jun 1st, 2012;Intel
Core i5-3470T;/cpu-specs/core-i5-3470t.c1041;Ivy Bridge;2  / 4;2.9 to 3.6 GHz;Socket 1155;22 nm;3 MB;35 W;Jun 1st, 2012;Intel
Core i5-3475S;/cpu-specs/core-i5-3475s.c1042;Ivy Bridge;4 ;2.9 to 3.6 GHz;Socket 1155;22 nm;6 MB;65 W;Jun 1st, 2012;Intel
Core i5-3550;/cpu-specs/core-i5-3550.c1006;Ivy Bridge;4 ;3.3 to 3.7 GHz;Socket 1155;22 nm;6 MB;77 W;Apr 29th, 2012;Intel
Core i5-3550S;/cpu-specs/core-i5-3550s.c1007;Ivy Bridge;4 ;3 to 3.7 GHz;Socket 1155;22 nm;6 MB;65 W;Apr 29th, 2012;Intel
Core i5-3570;/cpu-specs/core-i5-3570.c1057;Ivy Bridge;4 ;3.4 to 3.8 GHz;Socket 1155;22 nm;6 MB;77 W;Jun 1st, 2012;Intel
Core i5-3570K;/cpu-specs/core-i5-3570k.c1005;Ivy Bridge;4 ;3.4 to 3.8 GHz;Socket 1155;22 nm;6 MB;77 W;Apr 29th, 2012;Intel
Core i5-3570S;/cpu-specs/core-i5-3570s.c1058;Ivy Bridge;4 ;3.1 to 3.8 GHz;Socket 1155;22 nm;6 MB;65 W;Jun 1st, 2012;Intel
Core i5-3570T;/cpu-specs/core-i5-3570t.c1008;Ivy Bridge;4 ;2.3 to 3.3 GHz;Socket 1155;22 nm;6 MB;45 W;Apr 29th, 2012;Intel
Core i5-3610ME;/cpu-specs/core-i5-3610me.c1071;Ivy Bridge;2  / 4;2.7 to 3.3 GHz;Socket G2 (988B);22 nm;3 MB;35 W;Jun 1st, 2012;Intel
Core i5-3610ME;/cpu-specs/core-i5-3610me.c1072;Ivy Bridge;2  / 4;2.7 to 3.3 GHz;BGA 1023;22 nm;3 MB;35 W;Jun 1st, 2012;Intel
Core i7-3517U;/cpu-specs/core-i7-3517u.c1087;Ivy Bridge;2  / 4;1.9 to 3 GHz;BGA 1023;22 nm;4 MB;17 W;Jun 3rd, 2012;Intel
Core i7-3517UE;/cpu-specs/core-i7-3517ue.c1089;Ivy Bridge;2  / 4;1.7 to 2.8 GHz;BGA 1023;22 nm;4 MB;17 W;Jun 3rd, 2012;Intel
Core i7-3520M;/cpu-specs/core-i7-3520m.c1084;Ivy Bridge;2  / 4;2.9 to 3.6 GHz;Socket G2 (988B);22 nm;4 MB;35 W;Jun 3rd, 2012;Intel
Core i7-3520M;/cpu-specs/core-i7-3520m.c1085;Ivy Bridge;2  / 4;2.9 to 3.6 GHz;BGA 1023;22 nm;4 MB;35 W;Jun 3rd, 2012;Intel
Core i7-3525M;/cpu-specs/core-i7-3525m.c1213;Ivy Bridge;2  / 4;2.9 to 3.6 GHz;BGA 1023;22 nm;4 MB;35 W;Nov 1st, 2012;Intel
Core i7-3555LE;/cpu-specs/core-i7-3555le.c1086;Ivy Bridge;2  / 4;2.5 to 3.2 GHz;BGA 1023;22 nm;4 MB;25 W;Jun 3rd, 2012;Intel
Core i7-3610QE;/cpu-specs/core-i7-3610qe.c1019;Ivy Bridge;4  / 8;2.3 to 3.3 GHz;Socket G2 (988B);22 nm;6 MB;45 W;Apr 29th, 2012;Intel
Core i7-3610QM;/cpu-specs/core-i7-3610qm.c1022;Ivy Bridge;4  / 8;2.3 to 3.3 GHz;Socket G2 (988B);22 nm;6 MB;45 W;Apr 23rd, 2012;Intel
Core i7-3612QE;/cpu-specs/core-i7-3612qe.c1018;Ivy Bridge;4  / 8;2.1 to 3.1 GHz;BGA 1023;22 nm;6 MB;35 W;Apr 29th, 2012;Intel
Core i7-3612QM;/cpu-specs/core-i7-3612qm.c1021;Ivy Bridge;4  / 8;2.1 to 3.1 GHz;BGA 1224;22 nm;6 MB;35 W;Apr 29th, 2012;Intel
Core i7-3612QM;/cpu-specs/core-i7-3612qm.c1020;Ivy Bridge;4  / 8;2.1 to 3.1 GHz;Socket G2 (988B);22 nm;6 MB;35 W;Apr 29th, 2012;Intel
Core i7-3615QE;/cpu-specs/core-i7-3615qe.c1017;Ivy Bridge;4  / 8;2.3 to 3.3 GHz;BGA 1023;22 nm;6 MB;45 W;Apr 29th, 2012;Intel
Core i7-3615QM;/cpu-specs/core-i7-3615qm.c1014;Ivy Bridge;4  / 8;2.3 to 3.3 GHz;BGA 1224;22 nm;6 MB;45 W;Apr 29th, 2012;Intel
Core i7-3630QM;/cpu-specs/core-i7-3630qm.c1218;Ivy Bridge;4  / 8;2.4 to 3.4 GHz;Socket G2 (988B);22 nm;6 MB;45 W;Sep 30th, 2012;Intel
Core i7-3632QM;/cpu-specs/core-i7-3632qm.c1220;Ivy Bridge;4  / 8;2.2 to 3.2 GHz;BGA 1224;22 nm;6 MB;35 W;Oct 19th, 2012;Intel
Core i7-3632QM;/cpu-specs/core-i7-3632qm.c1221;Ivy Bridge;4  / 8;2.2 to 3.2 GHz;Socket G2 (988B);22 nm;6 MB;35 W;Oct 19th, 2012;Intel
Core i7-3635QM;/cpu-specs/core-i7-3635qm.c1219;Ivy Bridge;4  / 8;2.4 to 3.4 GHz;BGA 1224;22 nm;6 MB;45 W;Sep 1st, 2012;Intel
Core i7-3667U;/cpu-specs/core-i7-3667u.c1088;Ivy Bridge;2  / 4;2 to 3.2 GHz;BGA 1023;22 nm;4 MB;17 W;Jun 3rd, 2012;Intel
Core i7-3720QM;/cpu-specs/core-i7-3720qm.c1013;Ivy Bridge;4  / 8;2.6 to 3.6 GHz;Socket G2 (988B);22 nm;6 MB;45 W;Apr 29th, 2012;Intel
Core i7-3720QM;/cpu-specs/core-i7-3720qm.c1012;Ivy Bridge;4  / 8;2.6 to 3.6 GHz;BGA 1224;22 nm;6 MB;45 W;Apr 29th, 2012;Intel
Core i7-3740QM;/cpu-specs/core-i7-3740qm.c1080;Ivy Bridge;4  / 8;2.7 to 3.7 GHz;BGA 1224;22 nm;6 MB;45 W;Sep 3rd, 2012;Intel
Core i7-3740QM;/cpu-specs/core-i7-3740qm.c1079;Ivy Bridge;4  / 8;2.7 to 3.7 GHz;Socket G2 (988B);22 nm;6 MB;45 W;Sep 3rd, 2012;Intel
Core i7-3770;/cpu-specs/core-i7-3770.c1002;Ivy Bridge;4  / 8;3.4 to 3.9 GHz;Socket 1155;22 nm;8 MB;77 W;Apr 29th, 2012;Intel
Core i7-3770K;/cpu-specs/core-i7-3770k.c1001;Ivy Bridge;4  / 8;3.5 to 3.9 GHz;Socket 1155;22 nm;8 MB;77 W;Apr 29th, 2012;Intel
Core i7-3770S;/cpu-specs/core-i7-3770s.c1003;Ivy Bridge;4  / 8;3.1 to 3.9 GHz;Socket 1155;22 nm;8 MB;65 W;Apr 29th, 2012;Intel
Core i7-3770T;/cpu-specs/core-i7-3770t.c1004;Ivy Bridge;4  / 8;2.5 to 3.7 GHz;Socket 1155;22 nm;8 MB;45 W;Apr 29th, 2012;Intel
Core i7-3820;/cpu-specs/core-i7-3820.c961;Sandy Bridge-E;4  / 8;3.6 to 3.8 GHz;Socket 2011;32 nm;10 MB;130 W;Feb 13th, 2012;Intel
Core i7-3820QM;/cpu-specs/core-i7-3820qm.c1011;Ivy Bridge;4  / 8;2.7 to 3.7 GHz;BGA 1224;22 nm;8 MB;45 W;Apr 29th, 2012;Intel
Core i7-3820QM;/cpu-specs/core-i7-3820qm.c1010;Ivy Bridge;4  / 8;2.7 to 3.7 GHz;Socket G2 (988B);22 nm;8 MB;45 W;Apr 29th, 2012;Intel
Core i7-3840QM;/cpu-specs/core-i7-3840qm.c1081;Ivy Bridge;4  / 8;2.8 to 3.8 GHz;Socket G2 (988B);22 nm;8 MB;45 W;Sep 3rd, 2012;Intel
Core i7-3840QM;/cpu-specs/core-i7-3840qm.c1082;Ivy Bridge;4  / 8;2.8 to 3.8 GHz;BGA 1224;22 nm;8 MB;45 W;Sep 3rd, 2012;Intel
Core i7-3920XM;/cpu-specs/core-i7-3920xm.c1009;Ivy Bridge;4  / 8;2.9 to 3.8 GHz;Socket G2 (988B);22 nm;8 MB;55 W;Apr 29th, 2012;Intel
Core i7-3940XM;/cpu-specs/core-i7-3940xm.c1083;Ivy Bridge;4  / 8;3 to 3.9 GHz;Socket G2 (988B);22 nm;8 MB;55 W;Sep 3rd, 2012;Intel
Core i7-3970X;/cpu-specs/core-i7-3970x.c1291;Sandy Bridge-E;6  / 12;3.5 to 4 GHz;Socket 2011;32 nm;15 MB;150 W;Nov 1st, 2012;Intel
Xeon E3-1105C;/cpu-specs/xeon-e3-1105c.c1702;Gladden;4 ;1000 MHz;BGA 1283;32 nm;6 MB;25 W;May 14th, 2012;Intel
Xeon E3-1125C;/cpu-specs/xeon-e3-1125c.c1703;Gladden;4 ;2000 MHz;BGA 1283;32 nm;8 MB;40 W;May 14th, 2012;Intel
Xeon E3-1220 v2;/cpu-specs/xeon-e3-1220-v2.c1033;Ivy Bridge;4 ;3.1 to 3.5 GHz;Socket 1155;22 nm;8 MB;69 W;May 14th, 2012;Intel
Xeon E3-1220L v2;/cpu-specs/xeon-e3-1220l-v2.c1038;Ivy Bridge;2  / 4;2.3 to 3.5 GHz;Socket 1155;22 nm;8 MB;17 W;May 14th, 2012;Intel
Xeon E3-1225 v2;/cpu-specs/xeon-e3-1225-v2.c1037;Ivy Bridge;4 ;3.2 to 3.6 GHz;Socket 1155;22 nm;8 MB;77 W;May 14th, 2012;Intel
Xeon E3-1230 v2;/cpu-specs/xeon-e3-1230-v2.c1032;Ivy Bridge;4  / 8;3.3 to 3.7 GHz;Socket 1155;22 nm;8 MB;69 W;May 14th, 2012;Intel
Xeon E3-1240 v2;/cpu-specs/xeon-e3-1240-v2.c1031;Ivy Bridge;4  / 8;3.4 to 3.8 GHz;Socket 1155;22 nm;8 MB;69 W;May 14th, 2012;Intel
Xeon E3-1245 v2;/cpu-specs/xeon-e3-1245-v2.c1036;Ivy Bridge;4  / 8;3.4 to 3.8 GHz;Socket 1155;22 nm;8 MB;77 W;May 14th, 2012;Intel
Xeon E3-1265L v2;/cpu-specs/xeon-e3-1265l-v2.c1035;Ivy Bridge;4  / 8;2.5 to 3.5 GHz;Socket 1155;22 nm;8 MB;45 W;May 14th, 2012;Intel
Xeon E3-1270 v2;/cpu-specs/xeon-e3-1270-v2.c1030;Ivy Bridge;4  / 8;3.5 to 3.9 GHz;Socket 1155;22 nm;8 MB;69 W;May 14th, 2012;Intel
Xeon E3-1275 v2;/cpu-specs/xeon-e3-1275-v2.c1034;Ivy Bridge;4  / 8;3.5 to 3.9 GHz;Socket 1155;22 nm;8 MB;77 W;May 14th, 2012;Intel
Xeon E3-1280 v2;/cpu-specs/xeon-e3-1280-v2.c1029;Ivy Bridge;4  / 8;3.6 to 4 GHz;Socket 1155;22 nm;8 MB;69 W;May 14th, 2012;Intel
Xeon E3-1290 v2;/cpu-specs/xeon-e3-1290-v2.c1028;Ivy Bridge;4  / 8;3.7 to 4.1 GHz;Socket 1155;22 nm;8 MB;87 W;May 14th, 2012;Intel
Xeon E5-1410;/cpu-specs/xeon-e5-1410.c1688;Sandy Bridge-EN;4  / 8;2.8 to 3.2 GHz;Socket 1356;32 nm;10 MB;80 W;May 14th, 2012;Intel
Xeon E5-1428L;/cpu-specs/xeon-e5-1428l.c1689;Sandy Bridge-EN;6  / 12;1800 MHz;Socket 1356;32 nm;15 MB;60 W;May 14th, 2012;Intel
Xeon E5-1620;/cpu-specs/xeon-e5-1620.c983;Sandy Bridge-E;4  / 8;3.6 to 3.8 GHz;Socket 2011;32 nm;10 MB;130 W;Mar 6th, 2012;Intel
Xeon E5-1650;/cpu-specs/xeon-e5-1650.c984;Sandy Bridge-E;6  / 12;3.2 to 3.8 GHz;Socket 2011;32 nm;12 MB;130 W;Mar 6th, 2012;Intel
Xeon E5-1660;/cpu-specs/xeon-e5-1660.c985;Sandy Bridge-E;6  / 12;3.3 to 3.9 GHz;Socket 2011;32 nm;15 MB;130 W;Mar 6th, 2012;Intel
Xeon E5-2403;/cpu-specs/xeon-e5-2403.c1690;Sandy Bridge-EN;4  / 8;1800 MHz;Socket 1356;32 nm;10 MB;80 W;May 14th, 2012;Intel
Xeon E5-2407;/cpu-specs/xeon-e5-2407.c1691;Sandy Bridge-EN;4  / 8;2.2 GHz;Socket 1356;32 nm;10 MB;80 W;May 14th, 2012;Intel
Xeon E5-2418L;/cpu-specs/xeon-e5-2418l.c1692;Sandy Bridge-EN;4  / 8;2 to 2.1 GHz;Socket 1356;32 nm;10 MB;50 W;May 14th, 2012;Intel
Xeon E5-2420;/cpu-specs/xeon-e5-2420.c1693;Sandy Bridge-EN;6  / 12;1.9 to 2.4 GHz;Socket 1356;32 nm;15 MB;95 W;May 14th, 2012;Intel
Xeon E5-2428L;/cpu-specs/xeon-e5-2428l.c1696;Sandy Bridge-EN;6  / 12;1.8 to 2 GHz;Socket 1356;32 nm;15 MB;60 W;May 14th, 2012;Intel
Xeon E5-2430;/cpu-specs/xeon-e5-2430.c1694;Sandy Bridge-EN;6  / 12;2.2 to 2.7 GHz;Socket 1356;32 nm;15 MB;95 W;May 14th, 2012;Intel
Xeon E5-2430L;/cpu-specs/xeon-e5-2430l.c1697;Sandy Bridge-EN;6  / 12;2 to 2.5 GHz;Socket 1356;32 nm;15 MB;60 W;May 14th, 2012;Intel
Xeon E5-2440;/cpu-specs/xeon-e5-2440.c1695;Sandy Bridge-EN;6  / 12;2.4 to 2.9 GHz;Socket 1356;32 nm;15 MB;95 W;May 14th, 2012;Intel
Xeon E5-2448L;/cpu-specs/xeon-e5-2448l.c1700;Sandy Bridge-EN;8  / 16;1.8 to 2.1 GHz;Socket 1356;32 nm;20 MB;70 W;May 14th, 2012;Intel
Xeon E5-2450;/cpu-specs/xeon-e5-2450.c1698;Sandy Bridge-EN;8  / 16;2.1 to 2.9 GHz;Socket 1356;32 nm;20 MB;95 W;May 14th, 2012;Intel
Xeon E5-2450L;/cpu-specs/xeon-e5-2450l.c1701;Sandy Bridge-EN;8  / 16;1.8 to 2.3 GHz;Socket 1356;32 nm;20 MB;70 W;May 14th, 2012;Intel
Xeon E5-2470;/cpu-specs/xeon-e5-2470.c1699;Sandy Bridge-EN;8  / 16;2.3 to 3.1 GHz;Socket 1356;32 nm;20 MB;95 W;May 14th, 2012;Intel
Xeon E5-2603;/cpu-specs/xeon-e5-2603.c965;Sandy Bridge-EP;4 ;1800 MHz;Socket 2011;32 nm;10 MB;80 W;Mar 6th, 2012;Intel
Xeon E5-2609;/cpu-specs/xeon-e5-2609.c966;Sandy Bridge-EP;4 ;2.4 GHz;Socket 2011;32 nm;10 MB;80 W;Mar 6th, 2012;Intel
Xeon E5-2620;/cpu-specs/xeon-e5-2620.c969;Sandy Bridge-EP;6  / 12;2 to 2.5 GHz;Socket 2011;32 nm;15 MB;95 W;Mar 6th, 2012;Intel
Xeon E5-2630;/cpu-specs/xeon-e5-2630.c970;Sandy Bridge-EP;6  / 12;2.3 to 2.8 GHz;Socket 2011;32 nm;15 MB;95 W;Mar 6th, 2012;Intel
Xeon E5-2630L;/cpu-specs/xeon-e5-2630l.c973;Sandy Bridge-EP;6  / 12;2 to 2.5 GHz;Socket 2011;32 nm;15 MB;60 W;Mar 6th, 2012;Intel
Xeon E5-2637;/cpu-specs/xeon-e5-2637.c968;Sandy Bridge-EP;2  / 4;3 to 3.5 GHz;Socket 2011;32 nm;5 MB;80 W;Mar 6th, 2012;Intel
Xeon E5-2640;/cpu-specs/xeon-e5-2640.c971;Sandy Bridge-EP;6  / 12;2.5 to 3 GHz;Socket 2011;32 nm;15 MB;95 W;Mar 6th, 2012;Intel
Xeon E5-2643;/cpu-specs/xeon-e5-2643.c967;Sandy Bridge-EP;4  / 8;3.3 to 3.5 GHz;Socket 2011;32 nm;10 MB;130 W;Mar 6th, 2012;Intel
Xeon E5-2648L;/cpu-specs/xeon-e5-2648l.c1687;Sandy Bridge-EP;8  / 16;1.8 to 2.3 GHz;Socket 2011;32 nm;20 MB;70 W;Mar 6th, 2012;Intel
Xeon E5-2650;/cpu-specs/xeon-e5-2650.c974;Sandy Bridge-EP;8  / 16;2 to 2.8 GHz;Socket 2011;32 nm;20 MB;95 W;Mar 6th, 2012;Intel
Xeon E5-2650L;/cpu-specs/xeon-e5-2650l.c982;Sandy Bridge-EP;8  / 16;1.8 to 2.3 GHz;Socket 2011;32 nm;20 MB;70 W;Mar 6th, 2012;Intel
Xeon E5-2658;/cpu-specs/xeon-e5-2658.c975;Sandy Bridge-EP;8  / 16;2.1 to 2.4 GHz;Socket 2011;32 nm;20 MB;95 W;Mar 6th, 2012;Intel
Xeon E5-2660;/cpu-specs/xeon-e5-2660.c976;Sandy Bridge-EP;8  / 16;2.2 to 3 GHz;Socket 2011;32 nm;20 MB;95 W;Mar 6th, 2012;Intel
Xeon E5-2665;/cpu-specs/xeon-e5-2665.c977;Sandy Bridge-EP;8  / 16;2.4 to 3.1 GHz;Socket 2011;32 nm;20 MB;115 W;Mar 6th, 2012;Intel
Xeon E5-2667;/cpu-specs/xeon-e5-2667.c972;Sandy Bridge-EP;6  / 12;2.9 to 3.5 GHz;Socket 2011;32 nm;15 MB;130 W;Mar 6th, 2012;Intel
Xeon E5-2670;/cpu-specs/xeon-e5-2670.c978;Sandy Bridge-EP;8  / 16;2.6 to 3.3 GHz;Socket 2011;32 nm;20 MB;115 W;Mar 6th, 2012;Intel
Xeon E5-2680;/cpu-specs/xeon-e5-2680.c979;Sandy Bridge-EP;8  / 16;2.7 to 3.5 GHz;Socket 2011;32 nm;20 MB;130 W;Mar 6th, 2012;Intel
Xeon E5-2687W;/cpu-specs/xeon-e5-2687w.c981;Sandy Bridge-EP;8  / 16;3.1 to 3.8 GHz;Socket 2011;32 nm;20 MB;150 W;Mar 6th, 2012;Intel
Xeon E5-2689;/cpu-specs/xeon-e5-2689.c3260;Sandy Bridge-EP;8  / 16;2.6 to 3.6 GHz;Socket 2011;32 nm;20 MB;115 W;Mar 6th, 2012;Intel
Xeon E5-2690;/cpu-specs/xeon-e5-2690.c980;Sandy Bridge-EP;8  / 16;2.9 to 3.8 GHz;Socket 2011;32 nm;20 MB;135 W;Mar 6th, 2012;Intel
Xeon E5-4603;/cpu-specs/xeon-e5-4603.c1465;Sandy Bridge-EP;4  / 8;2000 MHz;Socket 2011;32 nm;10 MB;95 W;May 14th, 2012;Intel
Xeon E5-4607;/cpu-specs/xeon-e5-4607.c1683;Sandy Bridge-EP;6  / 12;2.2 GHz;Socket 2011;32 nm;15 MB;95 W;May 14th, 2012;Intel
Xeon E5-4610;/cpu-specs/xeon-e5-4610.c1682;Sandy Bridge-EP;6  / 12;2.4 to 2.9 GHz;Socket 2011;32 nm;15 MB;130 W;May 14th, 2012;Intel
Xeon E5-4617;/cpu-specs/xeon-e5-4617.c1464;Sandy Bridge-EP;6  / 12;2.9 to 3.4 GHz;Socket 2011;32 nm;15 MB;130 W;May 14th, 2012;Intel
Xeon E5-4620;/cpu-specs/xeon-e5-4620.c1684;Sandy Bridge-EP;8  / 16;2.2 to 2.6 GHz;Socket 2011;32 nm;16 MB;130 W;May 14th, 2012;Intel
Xeon E5-4640;/cpu-specs/xeon-e5-4640.c1685;Sandy Bridge-EP;8  / 16;2.4 to 2.8 GHz;Socket 2011;32 nm;20 MB;95 W;May 14th, 2012;Intel
Xeon E5-4650;/cpu-specs/xeon-e5-4650.c1463;Sandy Bridge-EP;8  / 16;2.7 to 3.3 GHz;Socket 2011;32 nm;20 MB;130 W;May 14th, 2012;Intel
Xeon E5-4650L;/cpu-specs/xeon-e5-4650l.c1686;Sandy Bridge-EP;8  / 16;2.6 to 3.1 GHz;Socket 2011;32 nm;20 MB;115 W;May 14th, 2012;Intel
Xeon Phi 3110X;/cpu-specs/xeon-phi-3110x.c2052;Knights Corner;61  / 244;1053 MHz;PCIe x16;22 nm;N/A;300 W;Nov 12th, 2012;Intel
Xeon Phi 5110P;/cpu-specs/xeon-phi-5110p.c2029;Knights Corner;60  / 240;1053 MHz;PCIe x16;22 nm;N/A;225 W;Nov 12th, 2012;Intel
Xeon Phi 7110P;/cpu-specs/xeon-phi-7110p.c2035;Knights Corner;61  / 244;1250 MHz;PCIe x16;22 nm;N/A;300 W;Nov 12th, 2012;Intel
Xeon Phi 7110X;/cpu-specs/xeon-phi-7110x.c2036;Knights Corner;61  / 244;1250 MHz;PCIe x16;22 nm;N/A;300 W;Nov 12th, 2012;Intel
Xeon Phi SE10P;/cpu-specs/xeon-phi-se10p.c2033;Knights Corner;61  / 244;1100 MHz;PCIe x16;22 nm;N/A;300 W;Nov 12th, 2012;Intel
Xeon Phi SE10X;/cpu-specs/xeon-phi-se10x.c2034;Knights Corner;61  / 244;1100 MHz;PCIe x16;22 nm;N/A;300 W;Nov 12th, 2012;Intel
A4-3300;/cpu-specs/a4-3300.c807;Llano;2 ;2.5 GHz;Socket FM1;32 nm;N/A;65 W;Sep 7th, 2011;AMD
A4-3300M;/cpu-specs/a4-3300m.c885;Llano;2 ;1.9 to 2.5 GHz;Socket FS1;32 nm;N/A;35 W;Jun 14th, 2011;AMD
A4-3305M;/cpu-specs/a4-3305m.c886;Llano;2 ;1.9 to 2.5 GHz;Socket FS1;32 nm;N/A;35 W;Jun 14th, 2011;AMD
A4-3310MX;/cpu-specs/a4-3310mx.c887;Llano;2 ;2.1 to 2.5 GHz;Socket FS1;32 nm;N/A;35 W;Jun 14th, 2011;AMD
A4-3320M;/cpu-specs/a4-3320m.c888;Llano;2 ;2 to 2.6 GHz;Socket FS1;32 nm;N/A;35 W;Dec 20th, 2011;AMD
A4-3330MX;/cpu-specs/a4-3330mx.c889;Llano;2 ;2.2 to 2.6 GHz;Socket FS1;32 nm;N/A;45 W;Dec 20th, 2011;AMD
A4-3400;/cpu-specs/a4-3400.c806;Llano;2 ;2.7 GHz;Socket FM1;32 nm;N/A;65 W;Sep 7th, 2011;AMD
A4-3420;/cpu-specs/a4-3420.c882;Llano;2 ;2.8 GHz;Socket FM1;32 nm;N/A;65 W;Dec 20th, 2011;AMD
A6-3400M;/cpu-specs/a6-3400m.c890;Llano;4 ;1.4 to 2.3 GHz;Socket FS1;32 nm;N/A;35 W;Jun 14th, 2011;AMD
A6-3410MX;/cpu-specs/a6-3410mx.c891;Llano;4 ;1.6 to 2.3 GHz;Socket FS1;32 nm;N/A;45 W;Jun 14th, 2011;AMD
A6-3420M;/cpu-specs/a6-3420m.c892;Llano;4 ;1.5 to 2.4 GHz;Socket FS1;32 nm;N/A;35 W;Dec 20th, 2011;AMD
A6-3430MX;/cpu-specs/a6-3430mx.c893;Llano;4 ;1.7 to 2.4 GHz;Socket FS1;32 nm;N/A;45 W;Dec 20th, 2011;AMD
A6-3500;/cpu-specs/a6-3500.c776;Llano;3 ;2.1 to 2.4 GHz;Socket FM1;32 nm;N/A;65 W;Aug 17th, 2011;AMD
A6-3600;/cpu-specs/a6-3600.c788;Llano;4 ;2.1 to 2.4 GHz;Socket FM1;32 nm;N/A;65 W;Jun 30th, 2011;AMD
A6-3620;/cpu-specs/a6-3620.c881;Llano;4 ;2.2 to 2.5 GHz;Socket FM1;32 nm;N/A;65 W;Dec 20th, 2011;AMD
A6-3650;/cpu-specs/a6-3650.c741;Llano;4 ;2.6 GHz;Socket FM1;32 nm;N/A;100 W;Jun 30th, 2011;AMD
A6-3670K;/cpu-specs/a6-3670k.c879;Llano;4 ;2.7 GHz;Socket FM1;32 nm;N/A;100 W;Dec 20th, 2011;AMD
A8-3500M;/cpu-specs/a8-3500m.c894;Llano;4 ;1.5 to 2.4 GHz;Socket FS1;32 nm;N/A;35 W;Jun 14th, 2011;AMD
A8-3510MX;/cpu-specs/a8-3510mx.c895;Llano;4 ;1.8 to 2.5 GHz;Socket FS1;32 nm;N/A;45 W;Jun 14th, 2011;AMD
A8-3520M;/cpu-specs/a8-3520m.c896;Llano;4 ;1.6 to 2.5 GHz;Socket FS1;32 nm;N/A;35 W;Dec 20th, 2011;AMD
A8-3530MX;/cpu-specs/a8-3530mx.c897;Llano;4 ;1.9 to 2.6 GHz;Socket FS1;32 nm;N/A;45 W;Jun 14th, 2011;AMD
A8-3550MX;/cpu-specs/a8-3550mx.c898;Llano;4 ;2 to 2.7 GHz;Socket FS1;32 nm;N/A;45 W;Dec 20th, 2011;AMD
A8-3800;/cpu-specs/a8-3800.c789;Llano;4 ;2.4 to 2.7 GHz;Socket FM1;32 nm;N/A;65 W;Jun 30th, 2011;AMD
A8-3820;/cpu-specs/a8-3820.c880;Llano;4 ;2.5 to 2.8 GHz;Socket FM1;32 nm;N/A;65 W;Dec 20th, 2011;AMD
A8-3850;/cpu-specs/a8-3850.c740;Llano;4 ;2.9 GHz;Socket FM1;32 nm;N/A;100 W;Jun 30th, 2011;AMD
A8-3870K;/cpu-specs/a8-3870k.c878;Llano;4 ;3 GHz;Socket FM1;32 nm;N/A;100 W;Dec 20th, 2011;AMD
Athlon II X2 270;/cpu-specs/athlon-ii-x2-270.c1526;Regor;2 ;3.4 GHz;Socket AM3;45 nm;N/A;65 W;Jul 1st, 2011;AMD
Athlon II X3 425e;/cpu-specs/athlon-ii-x3-425e.c767;Rana;3 ;2.7 GHz;Socket AM3;45 nm;N/A;45 W;May 3rd, 2011;AMD
Athlon II X3 460;/cpu-specs/athlon-ii-x3-460.c769;Rana;3 ;3.4 GHz;Socket AM3;45 nm;N/A;95 W;May 3rd, 2011;AMD
Athlon II X4 620e;/cpu-specs/athlon-ii-x4-620e.c782;Propus;4 ;2.6 GHz;Socket AM3;45 nm;N/A;45 W;May 3rd, 2011;AMD
Athlon II X4 631;/cpu-specs/athlon-ii-x4-631.c777;Llano;4 ;2.6 GHz;Socket FM1;32 nm;N/A;100 W;Aug 17th, 2011;AMD
Athlon II X4 651;/cpu-specs/athlon-ii-x4-651.c871;Llano;4 ;3 GHz;Socket FM1;32 nm;N/A;100 W;Nov 14th, 2011;AMD
Athlon II X4 651K;/cpu-specs/athlon-ii-x4-651k.c1048;Llano;4 ;3 GHz;Socket FM1;32 nm;N/A;100 W;Nov 14th, 2011;AMD
C-30;/cpu-specs/c-30.c794;Ontario;1 ;1200 MHz;Socket FT1;40 nm;N/A;9 W;Jan 4th, 2011;AMD
C-50;/cpu-specs/c-50.c795;Ontario;2 ;1000 MHz;Socket FT1;40 nm;N/A;9 W;Jan 4th, 2011;AMD
C-60;/cpu-specs/c-60.c796;Ontario;2 ;1000 to 1333 MHz;Socket FT1;40 nm;N/A;9 W;Aug 22nd, 2011;AMD
E-240;/cpu-specs/e-240.c793;Zacate;1 ;1500 MHz;Socket FT1;40 nm;N/A;18 W;Jan 4th, 2011;AMD
E-300;/cpu-specs/e-300.c792;Zacate;2 ;1300 MHz;Socket FT1;40 nm;N/A;18 W;Aug 22nd, 2011;AMD
E-350;/cpu-specs/e-350.c790;Zacate;2 ;1600 MHz;Socket FT1;40 nm;N/A;18 W;Jan 4th, 2011;AMD
E-450;/cpu-specs/e-450.c791;Zacate;2 ;1650 MHz;Socket FT1;40 nm;N/A;18 W;Aug 22nd, 2011;AMD
E2-3000M;/cpu-specs/e2-3000m.c884;Llano;2 ;1.8 to 2.4 GHz;Socket FS1;32 nm;N/A;35 W;Dec 20th, 2011;AMD
E2-3200;/cpu-specs/e2-3200.c883;Llano;2 ;2.4 GHz;Socket FM1;32 nm;N/A;65 W;Sep 7th, 2011;AMD
FX-4100;/cpu-specs/fx-4100.c828;Zambezi;4 ;3.6 to 3.8 GHz;Socket AM3+;32 nm;8 MB;95 W;Oct 12th, 2011;AMD
FX-6100;/cpu-specs/fx-6100.c827;Zambezi;6 ;3.3 to 3.9 GHz;Socket AM3+;32 nm;8 MB;95 W;Oct 12th, 2011;AMD
FX-8100;/cpu-specs/fx-8100.c962;Zambezi;8 ;2.8 to 3.7 GHz;Socket AM3+;32 nm;8 MB;95 W;Oct 12th, 2011;AMD
FX-8120;/cpu-specs/fx-8120.c826;Zambezi;8 ;3.1 to 4 GHz;Socket AM3+;32 nm;8 MB;125 W;Oct 12th, 2011;AMD
FX-8150;/cpu-specs/fx-8150.c825;Zambezi;8 ;3.6 to 4.2 GHz;Socket AM3+;32 nm;8 MB;125 W;Oct 12th, 2011;AMD
Opteron 4226;/cpu-specs/opteron-4226.c3681;Valencia;6 ;2.7 to 3.1 GHz;Socket C32;32 nm;8 MB;95 W;Nov 14th, 2011;AMD
Opteron 4228 HE;/cpu-specs/opteron-4228-he.c3682;Valencia;6 ;2.8 to 3.6 GHz;Socket C32;32 nm;8 MB;65 W;Nov 14th, 2011;AMD
Opteron 4230 HE;/cpu-specs/opteron-4230-he.c3683;Valencia;6 ;2.9 to 3.7 GHz;Socket C32;32 nm;8 MB;65 W;Nov 14th, 2011;AMD
Opteron 4234;/cpu-specs/opteron-4234.c3684;Valencia;6 ;3.1 to 3.5 GHz;Socket C32;32 nm;8 MB;95 W;Nov 14th, 2011;AMD
Opteron 4238;/cpu-specs/opteron-4238.c3685;Valencia;6 ;3.3 to 3.7 GHz;Socket C32;32 nm;8 MB;95 W;Nov 14th, 2011;AMD
Opteron 4256 EE;/cpu-specs/opteron-4256-ee.c3687;Valencia;8 ;1.6 to 2.8 GHz;Socket C32;32 nm;8 MB;35 W;Nov 14th, 2011;AMD
Opteron 4274 HE;/cpu-specs/opteron-4274-he.c3688;Valencia;8 ;2.5 to 3.5 GHz;Socket C32;32 nm;8 MB;65 W;Nov 14th, 2011;AMD
Opteron 4280;/cpu-specs/opteron-4280.c3690;Valencia;8 ;2.8 to 3.5 GHz;Socket C32;32 nm;8 MB;95 W;Nov 14th, 2011;AMD
Opteron 4284;/cpu-specs/opteron-4284.c3691;Valencia;8 ;3 to 3.7 GHz;Socket C32;32 nm;8 MB;95 W;Nov 14th, 2011;AMD
Opteron 6180 SE;/cpu-specs/opteron-6180-se.c2763;Magny-Cours;12 ;2.5 GHz;Socket G34;45 nm;12 MB;140 W;Feb 14th, 2011;AMD
Opteron 6262 HE;/cpu-specs/opteron-6262-he.c1112;Interlagos;16 ;1.6 to 2.9 GHz;Socket G34;32 nm;16 MB;85 W;Nov 14th, 2011;AMD
Opteron 6272;/cpu-specs/opteron-6272.c1302;Interlagos;16 ;2.1 to 3 GHz;Socket G34;32 nm;16 MB;115 W;Nov 14th, 2011;AMD
Opteron 6274;/cpu-specs/opteron-6274.c1301;Interlagos;16 ;2.2 to 3.1 GHz;Socket G34;32 nm;16 MB;115 W;Nov 14th, 2011;AMD
Opteron 6276;/cpu-specs/opteron-6276.c1300;Interlagos;16 ;2.3 to 3.2 GHz;Socket G34;32 nm;8 MB;115 W;Nov 14th, 2011;AMD
Opteron 6282 SE;/cpu-specs/opteron-6282-se.c1298;Interlagos;16 ;2.6 to 3.3 GHz;Socket G34;32 nm;8 MB;140 W;Nov 14th, 2011;AMD
Phenom II X4 650T;/cpu-specs/phenom-ii-x4-650t.c752;Zosma;4 ;2.7 to 3.2 GHz;Socket AM3;45 nm;4 MB;95 W;Jul 1st, 2011;AMD
Phenom II X4 840;/cpu-specs/phenom-ii-x4-840.c749;Propus;4 ;3.2 GHz;Socket AM3;45 nm;N/A;95 W;Jan 4th, 2011;AMD
Phenom II X4 850;/cpu-specs/phenom-ii-x4-850.c750;Propus;4 ;3.3 GHz;Socket AM3;45 nm;N/A;95 W;Jun 1st, 2011;AMD
Phenom II X4 975 BE;/cpu-specs/phenom-ii-x4-975-be.c700;Deneb;4 ;3.6 GHz;Socket AM3;45 nm;6 MB;125 W;Jan 4th, 2011;AMD
Phenom II X4 980 BE;/cpu-specs/phenom-ii-x4-980-be.c702;Deneb;4 ;3.7 GHz;Socket AM3;45 nm;6 MB;125 W;May 3rd, 2011;AMD
Sempron 130;/cpu-specs/sempron-130.c822;Sargas;1 ;2.6 GHz;Socket AM3;45 nm;N/A;45 W;Aug 1st, 2011;AMD
Z-01;/cpu-specs/z-01.c1179;Desna;2 ;1000 MHz;Socket FT1;40 nm;N/A;6 W;Jun 1st, 2011;AMD
Atom D2500;/cpu-specs/atom-d2500.c1401;Cedarview;2  / 4;1867 MHz;BGA 437;32 nm;N/A;10 W;Nov 1st, 2011;Intel
Atom D2550;/cpu-specs/atom-d2550.c1402;Cedarview;2  / 4;1867 MHz;BGA 437;32 nm;N/A;10 W;Nov 1st, 2011;Intel
Atom D2700;/cpu-specs/atom-d2700.c1403;Cedarview;2  / 4;2.133 GHz;BGA 437;32 nm;N/A;10 W;Nov 1st, 2011;Intel
Atom N2600;/cpu-specs/atom-n2600.c1407;Cedarview;2  / 4;1600 MHz;BGA 559;32 nm;N/A;4 W;Dec 1st, 2011;Intel
Atom N2800;/cpu-specs/atom-n2800.c1406;Cedarview;2  / 4;1867 MHz;BGA 559;32 nm;N/A;7 W;Dec 1st, 2011;Intel
Atom N570;/cpu-specs/atom-n570.c1409;Pineview;2  / 4;1667 MHz;BGA 559;45 nm;N/A;9 W;Mar 1st, 2011;Intel
Atom Z650;/cpu-specs/atom-z650.c1434;Lincroft;1 ;1200 MHz;BGA 518;45 nm;N/A;3 W;Apr 11th, 2011;Intel
Atom Z670;/cpu-specs/atom-z670.c1435;Lincroft;1 ;1500 MHz;BGA 518;45 nm;N/A;3 W;Apr 11th, 2011;Intel
Celeron 725C;/cpu-specs/celeron-725c.c1582;Sandy Bridge;1 ;1300 MHz;BGA 1023;32 nm;1.5 MB;17 W;Jul 1st, 2011;Intel
Celeron 787;/cpu-specs/celeron-787.c1331;Sandy Bridge;1 ;1300 MHz;BGA 1023;32 nm;1.5 MB;17 W;Jul 1st, 2011;Intel
Celeron 847;/cpu-specs/celeron-847.c1334;Sandy Bridge;2 ;1100 MHz;BGA 1023;32 nm;2 MB;17 W;Jun 19th, 2011;Intel
Celeron 857;/cpu-specs/celeron-857.c1335;Sandy Bridge;2 ;1200 MHz;BGA 1023;32 nm;2 MB;17 W;Jul 1st, 2011;Intel
Celeron B710;/cpu-specs/celeron-b710.c1322;Sandy Bridge;1 ;1600 MHz;Socket G2 (988B);32 nm;1.5 MB;35 W;Jun 19th, 2011;Intel
Celeron B800;/cpu-specs/celeron-b800.c1325;Sandy Bridge;2 ;1500 MHz;Socket G2 (988B);32 nm;2 MB;35 W;Jun 19th, 2011;Intel
Celeron B810;/cpu-specs/celeron-b810.c1326;Sandy Bridge;2 ;1600 MHz;Socket G2 (988B);32 nm;2 MB;35 W;Mar 1st, 2011;Intel
Celeron B840;/cpu-specs/celeron-b840.c1330;Sandy Bridge;2 ;1900 MHz;Socket G2 (988B);32 nm;2 MB;35 W;Jul 1st, 2011;Intel
Celeron G440;/cpu-specs/celeron-g440.c831;Sandy Bridge;1 ;1600 MHz;Socket 1155;32 nm;1 MB;35 W;Sep 4th, 2011;Intel
Celeron G460;/cpu-specs/celeron-g460.c870;Sandy Bridge;1 ;1800 MHz;Socket 1155;32 nm;1.5 MB;35 W;Dec 12th, 2011;Intel
Celeron G530;/cpu-specs/celeron-g530.c824;Sandy Bridge;2 ;2.4 GHz;Socket 1155;32 nm;2 MB;65 W;Sep 4th, 2011;Intel
Celeron G530T;/cpu-specs/celeron-g530t.c830;Sandy Bridge;2 ;2000 MHz;Socket 1155;32 nm;2 MB;35 W;Sep 4th, 2011;Intel
Celeron G540;/cpu-specs/celeron-g540.c829;Sandy Bridge;2 ;2.5 GHz;Socket 1155;32 nm;2 MB;65 W;Sep 4th, 2011;Intel
Celeron G540T;/cpu-specs/celeron-g540t.c1647;Sandy Bridge;2 ;2.1 GHz;Socket 1155;32 nm;2 MB;35 W;Sep 4th, 2011;Intel
Celeron G550T;/cpu-specs/celeron-g550t.c1648;Sandy Bridge;2 ;2.2 GHz;Socket 1155;32 nm;2 MB;35 W;Sep 4th, 2011;Intel
Pentium 350;/cpu-specs/pentium-350.c869;Sandy Bridge;2  / 4;1200 MHz;Socket 1155;32 nm;3 MB;15 W;Nov 21st, 2011;Intel
Pentium 957;/cpu-specs/pentium-957.c1318;Sandy Bridge;2 ;1200 MHz;BGA 1023;32 nm;2 MB;17 W;Jun 19th, 2011;Intel
Pentium 967;/cpu-specs/pentium-967.c1319;Sandy Bridge;2 ;1300 MHz;BGA 1023;32 nm;2 MB;17 W;Oct 2nd, 2011;Intel
Pentium B940;/cpu-specs/pentium-b940.c1313;Sandy Bridge;2 ;2000 MHz;Socket G2 (988B);32 nm;2 MB;35 W;Jun 19th, 2011;Intel
Pentium B950;/cpu-specs/pentium-b950.c1314;Sandy Bridge;2 ;2.1 GHz;Socket G2 (988B);32 nm;2 MB;35 W;Jun 19th, 2011;Intel
Pentium B960;/cpu-specs/pentium-b960.c1315;Sandy Bridge;2 ;2.2 GHz;Socket G2 (988B);32 nm;2 MB;35 W;Oct 2nd, 2011;Intel
Pentium G620;/cpu-specs/pentium-g620.c770;Sandy Bridge;2 ;2.6 GHz;Socket 1155;32 nm;3 MB;65 W;May 22nd, 2011;Intel
Pentium G620T;/cpu-specs/pentium-g620t.c771;Sandy Bridge;2 ;2.2 GHz;Socket 1155;32 nm;3 MB;35 W;May 22nd, 2011;Intel
Pentium G622;/cpu-specs/pentium-g622.c772;Sandy Bridge;2 ;2.6 GHz;Socket 1155;32 nm;3 MB;65 W;May 22nd, 2011;Intel
Pentium G630;/cpu-specs/pentium-g630.c802;Sandy Bridge;2 ;2.7 GHz;Socket 1155;32 nm;3 MB;65 W;Sep 4th, 2011;Intel
Pentium G630T;/cpu-specs/pentium-g630t.c803;Sandy Bridge;2 ;2.3 GHz;Socket 1155;32 nm;3 MB;35 W;Sep 4th, 2011;Intel
Pentium G632;/cpu-specs/pentium-g632.c804;Sandy Bridge;2 ;2.7 GHz;Socket 1155;32 nm;3 MB;65 W;Sep 4th, 2011;Intel
Pentium G6960;/cpu-specs/pentium-g6960.c715;Clarkdale;2 ;2.933 GHz;Socket 1156;32 nm;3 MB;73 W;Jan 9th, 2011;Intel
Pentium G840;/cpu-specs/pentium-g840.c773;Sandy Bridge;2 ;2.8 GHz;Socket 1155;32 nm;3 MB;65 W;May 22nd, 2011;Intel
Pentium G850;/cpu-specs/pentium-g850.c774;Sandy Bridge;2 ;2.9 GHz;Socket 1155;32 nm;3 MB;65 W;May 22nd, 2011;Intel
Pentium G860;/cpu-specs/pentium-g860.c805;Sandy Bridge;2 ;3 GHz;Socket 1155;32 nm;3 MB;65 W;Sep 4th, 2011;Intel
Pentium P6300;/cpu-specs/pentium-p6300.c1359;Arrandale;2 ;2.266 GHz;Socket G1;32 nm;3 MB;35 W;Jan 9th, 2011;Intel
Pentium U5600;/cpu-specs/pentium-u5600.c1360;Arrandale;2 ;1333 MHz;BGA 1288;32 nm;3 MB;18 W;Jan 9th, 2011;Intel
Core i3-2100;/cpu-specs/core-i3-2100.c736;Sandy Bridge;2  / 4;3.1 GHz;Socket 1155;32 nm;3 MB;65 W;Feb 20th, 2011;Intel
Core i3-2100T;/cpu-specs/core-i3-2100t.c738;Sandy Bridge;2  / 4;2.5 GHz;Socket 1155;32 nm;3 MB;35 W;Feb 20th, 2011;Intel
Core i3-2102;/cpu-specs/core-i3-2102.c800;Sandy Bridge;2  / 4;3.1 GHz;Socket 1155;32 nm;3 MB;65 W;Jun 1st, 2011;Intel
Core i3-2105;/cpu-specs/core-i3-2105.c737;Sandy Bridge;2  / 4;3.1 GHz;Socket 1155;32 nm;3 MB;65 W;May 22nd, 2011;Intel
Core i3-2120;/cpu-specs/core-i3-2120.c739;Sandy Bridge;2  / 4;3.3 GHz;Socket 1155;32 nm;3 MB;65 W;Feb 20th, 2011;Intel
Core i3-2120T;/cpu-specs/core-i3-2120t.c799;Sandy Bridge;2  / 4;2.6 GHz;Socket 1155;32 nm;3 MB;35 W;Sep 4th, 2011;Intel
Core i3-2125;/cpu-specs/core-i3-2125.c798;Sandy Bridge;2  / 4;3.3 GHz;Socket 1155;32 nm;3 MB;65 W;Sep 4th, 2011;Intel
Core i3-2130;/cpu-specs/core-i3-2130.c797;Sandy Bridge;2  / 4;3.4 GHz;Socket 1155;32 nm;3 MB;65 W;Sep 4th, 2011;Intel
Core i3-2310E;/cpu-specs/core-i3-2310e.c1389;Sandy Bridge;2  / 4;2.1 GHz;BGA 1023;32 nm;3 MB;35 W;Feb 1st, 2011;Intel
Core i3-2310M;/cpu-specs/core-i3-2310m.c1347;Sandy Bridge;2  / 4;2.1 GHz;BGA 1023;32 nm;3 MB;35 W;Feb 1st, 2011;Intel
Core i3-2310M;/cpu-specs/core-i3-2310m.c1346;Sandy Bridge;2  / 4;2.1 GHz;Socket G2 (988B);32 nm;3 MB;35 W;Feb 1st, 2011;Intel
Core i3-2312M;/cpu-specs/core-i3-2312m.c1345;Sandy Bridge;2  / 4;2.1 GHz;Socket G2 (988B);32 nm;3 MB;35 W;Mar 1st, 2011;Intel
Core i3-2312M;/cpu-specs/core-i3-2312m.c1652;Sandy Bridge;2  / 4;2.1 GHz;BGA 1023;32 nm;3 MB;35 W;Sep 1st, 2011;Intel
Core i3-2330E;/cpu-specs/core-i3-2330e.c1390;Sandy Bridge;2  / 4;2.2 GHz;Socket G2 (988B);32 nm;3 MB;35 W;Jun 1st, 2011;Intel
Core i3-2330M;/cpu-specs/core-i3-2330m.c1344;Sandy Bridge;2  / 4;2.2 GHz;BGA 1023;32 nm;3 MB;35 W;Jun 1st, 2011;Intel
Core i3-2330M;/cpu-specs/core-i3-2330m.c1342;Sandy Bridge;2  / 4;2.2 GHz;Socket G2 (988B);32 nm;3 MB;35 W;Jun 1st, 2011;Intel
Core i3-2332M;/cpu-specs/core-i3-2332m.c1651;Sandy Bridge;2  / 4;2.2 GHz;Socket G2 (988B);32 nm;3 MB;35 W;Sep 1st, 2011;Intel
Core i3-2340UE;/cpu-specs/core-i3-2340ue.c1394;Sandy Bridge;2  / 4;1300 MHz;BGA 1023;32 nm;3 MB;17 W;Jun 1st, 2011;Intel
Core i3-2350M;/cpu-specs/core-i3-2350m.c1312;Sandy Bridge;2  / 4;2.3 GHz;Socket G2 (988B);32 nm;3 MB;35 W;Oct 1st, 2011;Intel
Core i3-2357M;/cpu-specs/core-i3-2357m.c1391;Sandy Bridge;2  / 4;1300 MHz;BGA 1023;32 nm;3 MB;17 W;Jun 1st, 2011;Intel
Core i3-2367M;/cpu-specs/core-i3-2367m.c1392;Sandy Bridge;2  / 4;1400 MHz;BGA 1023;32 nm;3 MB;17 W;Oct 1st, 2011;Intel
Core i3-390M;/cpu-specs/core-i3-390m.c1875;Arrandale;2  / 4;2.667 GHz;Socket G1;32 nm;3 MB;35 W;Jan 9th, 2011;Intel
Core i5-2300;/cpu-specs/core-i5-2300.c731;Sandy Bridge;4 ;2.8 to 3.1 GHz;Socket 1155;32 nm;6 MB;95 W;Jan 9th, 2011;Intel
Core i5-2310;/cpu-specs/core-i5-2310.c732;Sandy Bridge;4 ;2.9 to 3.2 GHz;Socket 1155;32 nm;6 MB;95 W;May 22nd, 2011;Intel
Core i5-2320;/cpu-specs/core-i5-2320.c801;Sandy Bridge;4 ;3 to 3.3 GHz;Socket 1155;32 nm;6 MB;95 W;Sep 4th, 2011;Intel
Core i5-2390T;/cpu-specs/core-i5-2390t.c733;Sandy Bridge;2  / 4;2.7 to 3.5 GHz;Socket 1155;32 nm;3 MB;35 W;Feb 20th, 2011;Intel
Core i5-2400;/cpu-specs/core-i5-2400.c734;Sandy Bridge;4 ;3.1 to 3.4 GHz;Socket 1155;32 nm;6 MB;95 W;Jan 9th, 2011;Intel
Core i5-2400S;/cpu-specs/core-i5-2400s.c735;Sandy Bridge;4 ;2.5 to 3.3 GHz;Socket 1155;32 nm;6 MB;65 W;Jan 9th, 2011;Intel
Core i5-2405S;/cpu-specs/core-i5-2405s.c730;Sandy Bridge;4 ;2.5 to 3.3 GHz;Socket 1155;32 nm;6 MB;65 W;May 22nd, 2011;Intel
Core i5-2410M;/cpu-specs/core-i5-2410m.c1373;Sandy Bridge;2  / 4;2.3 GHz;BGA 1023;32 nm;3 MB;35 W;Feb 1st, 2011;Intel
Core i5-2410M;/cpu-specs/core-i5-2410m.c1372;Sandy Bridge;2  / 4;2.3 GHz;Socket G2 (988B);32 nm;3 MB;35 W;Feb 1st, 2011;Intel
Core i5-2415M;/cpu-specs/core-i5-2415m.c1369;Sandy Bridge;2  / 4;2.3 GHz;BGA 1023;32 nm;3 MB;35 W;Sep 1st, 2011;Intel
Core i5-2430M;/cpu-specs/core-i5-2430m.c1371;Sandy Bridge;2  / 4;2.4 GHz;Socket G2 (988B);32 nm;3 MB;35 W;Oct 1st, 2011;Intel
Core i5-2430M;/cpu-specs/core-i5-2430m.c1370;Sandy Bridge;2  / 4;2.4 GHz;BGA 1023;32 nm;3 MB;35 W;Oct 1st, 2011;Intel
Core i5-2435M;/cpu-specs/core-i5-2435m.c1368;Sandy Bridge;2  / 4;2.4 GHz;BGA 1023;32 nm;3 MB;35 W;Sep 1st, 2011;Intel
Core i5-2435M;/cpu-specs/core-i5-2435m.c1367;Sandy Bridge;2  / 4;2.4 GHz;Socket G2 (988B);32 nm;3 MB;35 W;Sep 1st, 2011;Intel
Core i5-2467M;/cpu-specs/core-i5-2467m.c1378;Sandy Bridge;2  / 4;1600 MHz;BGA 1023;32 nm;3 MB;17 W;Jun 1st, 2011;Intel
Core i5-2500;/cpu-specs/core-i5-2500.c726;Sandy Bridge;4 ;3.3 to 3.7 GHz;Socket 1155;32 nm;6 MB;95 W;Jan 9th, 2011;Intel
Core i5-2500K;/cpu-specs/core-i5-2500k.c725;Sandy Bridge;4 ;3.3 to 3.7 GHz;Socket 1155;32 nm;6 MB;95 W;Jan 9th, 2011;Intel
Core i5-2500S;/cpu-specs/core-i5-2500s.c727;Sandy Bridge;4 ;2.7 to 3.7 GHz;Socket 1155;32 nm;6 MB;65 W;Jan 9th, 2011;Intel
Core i5-2500T;/cpu-specs/core-i5-2500t.c729;Sandy Bridge;4 ;2.3 to 3.3 GHz;Socket 1155;32 nm;6 MB;45 W;Jan 9th, 2011;Intel
Core i5-2510E;/cpu-specs/core-i5-2510e.c1374;Sandy Bridge;2  / 4;2.5 GHz;Socket G2 (988B);32 nm;3 MB;35 W;Feb 1st, 2011;Intel
Core i5-2515E;/cpu-specs/core-i5-2515e.c1375;Sandy Bridge;2  / 4;2.5 GHz;BGA 1023;32 nm;3 MB;35 W;Feb 1st, 2011;Intel
Core i5-2520M;/cpu-specs/core-i5-2520m.c1307;Sandy Bridge;2  / 4;2.5 GHz;BGA 1023;32 nm;3 MB;35 W;Feb 1st, 2011;Intel
Core i5-2520M;/cpu-specs/core-i5-2520m.c1308;Sandy Bridge;2  / 4;2.5 GHz;Socket G2 (988B);32 nm;3 MB;35 W;Feb 1st, 2011;Intel
Core i5-2537M;/cpu-specs/core-i5-2537m.c1376;Sandy Bridge;2  / 4;1400 MHz;BGA 1023;32 nm;3 MB;17 W;Feb 1st, 2011;Intel
Core i5-2540M;/cpu-specs/core-i5-2540m.c1306;Sandy Bridge;2  / 4;2.6 GHz;BGA 1023;32 nm;3 MB;35 W;Feb 1st, 2011;Intel
Core i5-2540M;/cpu-specs/core-i5-2540m.c1305;Sandy Bridge;2  / 4;2.6 GHz;Socket G2 (988B);32 nm;3 MB;35 W;Feb 1st, 2011;Intel
Core i5-2557M;/cpu-specs/core-i5-2557m.c1377;Sandy Bridge;2  / 4;1700 MHz;BGA 1023;32 nm;3 MB;17 W;Jun 1st, 2011;Intel
Core i5-480M;/cpu-specs/core-i5-480m.c1871;Arrandale;2  / 4;2.667 to 2.933 GHz;Socket G1;32 nm;3 MB;35 W;Jan 9th, 2011;Intel
Core i7-2600;/cpu-specs/core-i7-2600.c724;Sandy Bridge;4  / 8;3.4 to 3.8 GHz;Socket 1155;32 nm;8 MB;95 W;Jan 9th, 2011;Intel
Core i7-2600K;/cpu-specs/core-i7-2600k.c705;Sandy Bridge;4  / 8;3.4 to 3.8 GHz;Socket 1155;32 nm;8 MB;95 W;Jan 9th, 2011;Intel
Core i7-2600S;/cpu-specs/core-i7-2600s.c728;Sandy Bridge;4  / 8;2.8 to 3.8 GHz;Socket 1155;32 nm;8 MB;65 W;Jan 9th, 2011;Intel
Core i7-2630QM;/cpu-specs/core-i7-2630qm.c958;Sandy Bridge;4  / 8;2 to 2.9 GHz;Socket G2 (988B);32 nm;6 MB;45 W;Jan 3rd, 2011;Intel
Core i7-2635QM;/cpu-specs/core-i7-2635qm.c986;Sandy Bridge;4  / 8;2 to 2.9 GHz;BGA 1224;32 nm;6 MB;45 W;Jan 3rd, 2011;Intel
Core i7-2670QM;/cpu-specs/core-i7-2670qm.c987;Sandy Bridge;4  / 8;2.2 to 3.1 GHz;Socket G2 (988B);32 nm;6 MB;45 W;Oct 12th, 2011;Intel
Core i7-2675QM;/cpu-specs/core-i7-2675qm.c988;Sandy Bridge;4  / 8;2.2 to 3.1 GHz;BGA 1224;32 nm;6 MB;45 W;Oct 12th, 2011;Intel
Core i7-2700K;/cpu-specs/core-i7-2700k.c841;Sandy Bridge;4  / 8;3.5 to 3.9 GHz;Socket 1155;32 nm;8 MB;95 W;Oct 24th, 2011;Intel
Core i7-2710QE;/cpu-specs/core-i7-2710qe.c999;Sandy Bridge;4  / 8;2.1 to 3 GHz;Socket G2 (988B);32 nm;6 MB;45 W;Jan 3rd, 2011;Intel
Core i7-2715QE;/cpu-specs/core-i7-2715qe.c1000;Sandy Bridge;4  / 8;2.1 to 3 GHz;BGA 1023;32 nm;6 MB;45 W;Jan 3rd, 2011;Intel
Core i7-2720QM;/cpu-specs/core-i7-2720qm.c990;Sandy Bridge;4  / 8;2.2 to 3.3 GHz;Socket G2 (988B);32 nm;6 MB;45 W;Jan 3rd, 2011;Intel
Core i7-2720QM;/cpu-specs/core-i7-2720qm.c989;Sandy Bridge;4  / 8;2.2 to 3.3 GHz;BGA 1224;32 nm;6 MB;45 W;Jan 3rd, 2011;Intel
Core i7-2760QM;/cpu-specs/core-i7-2760qm.c991;Sandy Bridge;4  / 8;2.4 to 3.5 GHz;Socket G2 (988B);32 nm;6 MB;45 W;Sep 4th, 2011;Intel
Core i7-2760QM;/cpu-specs/core-i7-2760qm.c992;Sandy Bridge;4  / 8;2.4 to 3.5 GHz;BGA 1224;32 nm;6 MB;45 W;Sep 4th, 2011;Intel
Core i7-2820QM;/cpu-specs/core-i7-2820qm.c994;Sandy Bridge;4  / 8;2.3 to 3.4 GHz;Socket G2 (988B);32 nm;8 MB;45 W;Jan 3rd, 2011;Intel
Core i7-2820QM;/cpu-specs/core-i7-2820qm.c993;Sandy Bridge;4  / 8;2.3 to 3.4 GHz;BGA 1224;32 nm;8 MB;45 W;Jan 3rd, 2011;Intel
Core i7-2860QM;/cpu-specs/core-i7-2860qm.c996;Sandy Bridge;4  / 8;2.5 to 3.6 GHz;BGA 1224;32 nm;8 MB;45 W;Sep 4th, 2011;Intel
Core i7-2860QM;/cpu-specs/core-i7-2860qm.c995;Sandy Bridge;4  / 8;2.5 to 3.6 GHz;Socket G2 (988B);32 nm;8 MB;45 W;Sep 4th, 2011;Intel
Core i7-3930K;/cpu-specs/core-i7-3930k.c858;Sandy Bridge-E;6  / 12;3.2 to 3.8 GHz;Socket 2011;32 nm;12 MB;130 W;Nov 14th, 2011;Intel
Core i7-980;/cpu-specs/core-i7-980.c720;Gulftown;6  / 12;3.333 to 3.6 GHz;Socket 1366;32 nm;12 MB;130 W;Jun 26th, 2011;Intel
Core i7-2920XM;/cpu-specs/core-i7-2920xm.c997;Sandy Bridge;4  / 8;2.5 to 3.5 GHz;Socket G2 (988B);32 nm;8 MB;55 W;Jan 3rd, 2011;Intel
Core i7-2960XM;/cpu-specs/core-i7-2960xm.c998;Sandy Bridge;4  / 8;2.7 to 3.7 GHz;Socket G2 (988B);32 nm;8 MB;55 W;Sep 4th, 2011;Intel
Core i7-3960X;/cpu-specs/core-i7-3960x.c857;Sandy Bridge-E;6  / 12;3.3 to 3.9 GHz;Socket 2011;32 nm;15 MB;130 W;Nov 14th, 2011;Intel
Core i7-990X;/cpu-specs/core-i7-990x.c721;Gulftown;6  / 12;3.466 to 3.733 GHz;Socket 1366;32 nm;12 MB;130 W;Feb 24th, 2011;Intel
Xeon E5603;/cpu-specs/xeon-e5603.c930;Westmere-EP;4 ;1600 MHz;Socket 1366;32 nm;4 MB;80 W;Feb 14th, 2011;Intel
Xeon E5606;/cpu-specs/xeon-e5606.c931;Westmere-EP;4 ;2.133 GHz;Socket 1366;32 nm;8 MB;80 W;Feb 14th, 2011;Intel
Xeon E5607;/cpu-specs/xeon-e5607.c932;Westmere-EP;4 ;2.266 GHz;Socket 1366;32 nm;8 MB;80 W;Feb 14th, 2011;Intel
Xeon E5649;/cpu-specs/xeon-e5649.c945;Westmere-EP;6  / 12;2.533 to 2.8 GHz;Socket 1366;32 nm;12 MB;80 W;Feb 14th, 2011;Intel
Xeon W3690;/cpu-specs/xeon-w3690.c929;Gulftown;6  / 12;3.466 to 3.733 GHz;Socket 1366;32 nm;12 MB;130 W;Feb 14th, 2011;Intel
Xeon X5647;/cpu-specs/xeon-x5647.c936;Westmere-EP;4  / 8;2.933 to 3.2 GHz;Socket 1366;32 nm;12 MB;130 W;Feb 14th, 2011;Intel
Xeon X5672;/cpu-specs/xeon-x5672.c938;Westmere-EP;4  / 8;3.2 to 3.6 GHz;Socket 1366;32 nm;12 MB;95 W;Feb 14th, 2011;Intel
Xeon X5675;/cpu-specs/xeon-x5675.c949;Westmere-EP;6  / 12;3.066 to 3.466 GHz;Socket 1366;32 nm;12 MB;95 W;Feb 14th, 2011;Intel
Xeon X5687;/cpu-specs/xeon-x5687.c940;Westmere-EP;4  / 8;3.6 to 3.866 GHz;Socket 1366;32 nm;12 MB;130 W;Feb 14th, 2011;Intel
Xeon X5690;/cpu-specs/xeon-x5690.c951;Westmere-EP;6  / 12;3.466 to 3.733 GHz;Socket 1366;32 nm;12 MB;130 W;Feb 14th, 2011;Intel
Xeon X5698;/cpu-specs/xeon-x5698.c954;Westmere-EP;2  / 4;4.4 GHz;Socket 1366;32 nm;12 MB;130 W;Feb 14th, 2011;Intel
Xeon E7-8850;/cpu-specs/xeon-e7-8850.c1468;Westmere-EX;10  / 20;2 to 2.4 GHz;Socket 1567;32 nm;30 MB;130 W;Apr 3rd, 2011;Intel
Xeon E7-8860;/cpu-specs/xeon-e7-8860.c1467;Westmere-EX;10  / 20;2.276 to 2.667 GHz;Socket 1567;32 nm;30 MB;130 W;Apr 3rd, 2011;Intel
Xeon E7-8870;/cpu-specs/xeon-e7-8870.c1466;Westmere-EX;10  / 20;2.4 to 2.8 GHz;Socket 1567;32 nm;30 MB;130 W;Apr 3rd, 2011;Intel
Xeon E3-1220;/cpu-specs/xeon-e3-1220.c809;Sandy Bridge;4 ;3.1 to 3.4 GHz;Socket 1155;32 nm;8 MB;80 W;Apr 3rd, 2011;Intel
Xeon E3-1220L;/cpu-specs/xeon-e3-1220l.c808;Sandy Bridge;2  / 4;2.2 to 3.4 GHz;Socket 1155;32 nm;3 MB;20 W;Apr 3rd, 2011;Intel
Xeon E3-1225;/cpu-specs/xeon-e3-1225.c810;Sandy Bridge;4 ;3.1 to 3.4 GHz;Socket 1155;32 nm;6 MB;95 W;Apr 3rd, 2011;Intel
Xeon E3-1230;/cpu-specs/xeon-e3-1230.c811;Sandy Bridge;4  / 8;3.2 to 3.6 GHz;Socket 1155;32 nm;8 MB;80 W;Apr 3rd, 2011;Intel
Xeon E3-1235;/cpu-specs/xeon-e3-1235.c812;Sandy Bridge;4  / 8;3.2 to 3.6 GHz;Socket 1155;32 nm;8 MB;95 W;Apr 3rd, 2011;Intel
Xeon E3-1240;/cpu-specs/xeon-e3-1240.c813;Sandy Bridge;4  / 8;3.3 to 3.7 GHz;Socket 1155;32 nm;8 MB;80 W;Apr 3rd, 2011;Intel
Xeon E3-1245;/cpu-specs/xeon-e3-1245.c814;Sandy Bridge;4  / 8;3.3 to 3.7 GHz;Socket 1155;32 nm;8 MB;95 W;Apr 3rd, 2011;Intel
Xeon E3-1260L;/cpu-specs/xeon-e3-1260l.c819;Sandy Bridge;4  / 8;2.4 to 3.3 GHz;Socket 1155;32 nm;8 MB;45 W;Apr 3rd, 2011;Intel
Xeon E3-1270;/cpu-specs/xeon-e3-1270.c815;Sandy Bridge;4  / 8;3.4 to 3.8 GHz;Socket 1155;32 nm;8 MB;80 W;Apr 3rd, 2011;Intel
Xeon E3-1275;/cpu-specs/xeon-e3-1275.c816;Sandy Bridge;4  / 8;3.4 to 3.8 GHz;Socket 1155;32 nm;8 MB;95 W;Apr 3rd, 2011;Intel
Xeon E3-1280;/cpu-specs/xeon-e3-1280.c817;Sandy Bridge;4  / 8;3.5 to 3.9 GHz;Socket 1155;32 nm;8 MB;95 W;Apr 3rd, 2011;Intel
Xeon E3-1290;/cpu-specs/xeon-e3-1290.c818;Sandy Bridge;4  / 8;3.6 to 4 GHz;Socket 1155;32 nm;8 MB;95 W;May 29th, 2011;Intel
Nano QuadCore L4700;/cpu-specs/nano-quadcore-l4700.c2800;CNQ;4 ;1200 to 1466 MHz;VIA nanoBGA2;40 nm;N/A;28 W;May 12th, 2011;VIA
Nano QuadCore L4800;/cpu-specs/nano-quadcore-l4800.c2799;CNQ;4 ;1466 to 1600 MHz;VIA nanoBGA2;40 nm;N/A;28 W;May 12th, 2011;VIA
Nano U2225;/cpu-specs/nano-u2225.c2816;CNA;1 ;1300 MHz;VIA nanoBGA2;65 nm;N/A;10 W;Jan 2011;VIA
Nano U2250;/cpu-specs/nano-u2250.c2815;CNA;1 ;1300 to 1600 MHz;VIA nanoBGA2;65 nm;N/A;10 W;Jan 2011;VIA
Nano X2 U4300;/cpu-specs/nano-x2-u4300.c2814;CNC;2 ;1200 to 1467 MHz;VIA nanoBGA2;40 nm;N/A;13 W;Jan 2011;VIA
Athlon II X2 210e;/cpu-specs/athlon-ii-x2-210e.c684;Regor;2 ;2.6 GHz;Socket AM3;45 nm;N/A;45 W;Sep 21st, 2010;AMD
Athlon II X2 220;/cpu-specs/athlon-ii-x2-220.c689;Regor;2 ;2.8 GHz;Socket AM3;45 nm;N/A;65 W;Sep 21st, 2010;AMD
Athlon II X2 245e;/cpu-specs/athlon-ii-x2-245e.c687;Regor;2 ;2.9 GHz;Socket AM3;45 nm;N/A;45 W;May 11th, 2010;AMD
Athlon II X2 250e;/cpu-specs/athlon-ii-x2-250e.c1529;Regor;2 ;3 GHz;Socket AM3;45 nm;N/A;45 W;Sep 21st, 2010;AMD
Athlon II X2 255;/cpu-specs/athlon-ii-x2-255.c690;Regor;2 ;3.1 GHz;Socket AM3;45 nm;N/A;65 W;Jan 25th, 2010;AMD
Athlon II X2 260;/cpu-specs/athlon-ii-x2-260.c691;Regor;2 ;3.2 GHz;Socket AM3;45 nm;N/A;65 W;May 11th, 2010;AMD
Athlon II X2 265;/cpu-specs/athlon-ii-x2-265.c1527;Regor;2 ;3.3 GHz;Socket AM3;45 nm;N/A;65 W;Sep 21st, 2010;AMD
Athlon II X2 270u;/cpu-specs/athlon-ii-x2-270u.c1528;Regor;2 ;2000 MHz;Socket AM3;45 nm;N/A;25 W;Sep 21st, 2010;AMD
Athlon II X3 415e;/cpu-specs/athlon-ii-x3-415e.c692;Rana;3 ;2.5 GHz;Socket AM3;45 nm;N/A;45 W;May 11th, 2010;AMD
Athlon II X3 420e;/cpu-specs/athlon-ii-x3-420e.c766;Rana;3 ;2.6 GHz;Socket AM3;45 nm;N/A;45 W;Sep 21st, 2010;AMD
Athlon II X3 440;/cpu-specs/athlon-ii-x3-440.c695;Rana;3 ;3 GHz;Socket AM3;45 nm;N/A;95 W;Jan 25th, 2010;AMD
Athlon II X3 445;/cpu-specs/athlon-ii-x3-445.c696;Rana;3 ;3.1 GHz;Socket AM3;45 nm;N/A;95 W;May 11th, 2010;AMD
Athlon II X3 450;/cpu-specs/athlon-ii-x3-450.c697;Rana;3 ;3.2 GHz;Socket AM3;45 nm;N/A;95 W;Sep 21st, 2010;AMD
Athlon II X3 455;/cpu-specs/athlon-ii-x3-455.c768;Rana;3 ;3.3 GHz;Socket AM3;45 nm;N/A;95 W;Dec 7th, 2010;AMD
Athlon II X4 610e;/cpu-specs/athlon-ii-x4-610e.c780;Propus;4 ;2.4 GHz;Socket AM3;45 nm;N/A;45 W;May 11th, 2010;AMD
Athlon II X4 615e;/cpu-specs/athlon-ii-x4-615e.c781;Propus;4 ;2.5 GHz;Socket AM3;45 nm;N/A;45 W;Sep 21st, 2010;AMD
Athlon II X4 635;/cpu-specs/athlon-ii-x4-635.c785;Propus;4 ;2.9 GHz;Socket AM3;45 nm;N/A;95 W;Jan 25th, 2010;AMD
Athlon II X4 640;/cpu-specs/athlon-ii-x4-640.c787;Propus;4 ;3 GHz;Socket AM3;45 nm;N/A;95 W;May 11th, 2010;AMD
Athlon II X4 645;/cpu-specs/athlon-ii-x4-645.c786;Propus;4 ;3.1 GHz;Socket AM3;45 nm;N/A;95 W;Sep 21st, 2010;AMD
Opteron 6168;/cpu-specs/opteron-6168.c1194;Magny-Cours;12 ;1900 MHz;Socket G34;45 nm;12 MB;115 W;Mar 29th, 2010;AMD
Phenom II X2 555 BE;/cpu-specs/phenom-ii-x2-555-be.c679;Callisto;2 ;3.2 GHz;Socket AM3;45 nm;6 MB;80 W;Jan 25th, 2010;AMD
Phenom II X2 560 BE;/cpu-specs/phenom-ii-x2-560-be.c680;Callisto;2 ;3.3 GHz;Socket AM3;45 nm;6 MB;80 W;Sep 21st, 2010;AMD
Phenom II X2 565 BE;/cpu-specs/phenom-ii-x2-565-be.c761;Callisto;2 ;3.4 GHz;Socket AM3;45 nm;6 MB;80 W;Dec 7th, 2010;AMD
Phenom II X2 570 BE;/cpu-specs/phenom-ii-x2-570-be.c762;Callisto;2 ;3.5 GHz;Socket AM3;45 nm;6 MB;80 W;May 3rd, 2010;AMD
Phenom II X2 B57;/cpu-specs/phenom-ii-x2-b57.c765;Callisto;2 ;3.2 GHz;Socket AM3;45 nm;6 MB;80 W;May 11th, 2010;AMD
Phenom II X3 715 BE;/cpu-specs/phenom-ii-x3-715-be.c757;Heka;3 ;2.8 GHz;Socket AM2+;45 nm;6 MB;95 W;Oct 1st, 2010;AMD
Phenom II X3 720;/cpu-specs/phenom-ii-x3-720.c756;Heka;3 ;2.8 GHz;Socket AM3;45 nm;6 MB;95 W;Jan 1st, 2010;AMD
Phenom II X3 B77;/cpu-specs/phenom-ii-x3-b77.c760;Heka;3 ;3.2 GHz;Socket AM3;45 nm;6 MB;95 W;May 11th, 2010;AMD
Phenom II X4 840T;/cpu-specs/phenom-ii-x4-840t.c751;Zosma;4 ;2.9 to 3.2 GHz;Socket AM3;45 nm;6 MB;95 W;Sep 1st, 2010;AMD
Phenom II X4 910e;/cpu-specs/phenom-ii-x4-910e.c614;Deneb;4 ;2.6 GHz;Socket AM3;45 nm;6 MB;65 W;Jan 25th, 2010;AMD
Phenom II X4 960T BE;/cpu-specs/phenom-ii-x4-960t-be.c745;Zosma;4 ;3 to 3.4 GHz;Socket AM3;45 nm;6 MB;95 W;Jun 1st, 2010;AMD
Phenom II X4 970 BE;/cpu-specs/phenom-ii-x4-970-be.c699;Deneb;4 ;3.5 GHz;Socket AM3;45 nm;6 MB;125 W;Sep 21st, 2010;AMD
Phenom II X4 970 BE;/cpu-specs/phenom-ii-x4-970-be.c744;Zosma;4 ;3.5 GHz;Socket AM3;45 nm;6 MB;125 W;Oct 1st, 2010;AMD
Phenom II X4 B97;/cpu-specs/phenom-ii-x4-b97.c755;Deneb;4 ;3.2 GHz;Socket AM3;45 nm;6 MB;95 W;May 11th, 2010;AMD
Phenom II X6 1035T;/cpu-specs/phenom-ii-x6-1035t.c677;Thuban;6 ;2.6 to 3.1 GHz;Socket AM3;45 nm;6 MB;95 W;Apr 27th, 2010;AMD
Phenom II X6 1045T;/cpu-specs/phenom-ii-x6-1045t.c743;Thuban;6 ;2.7 to 3.2 GHz;Socket AM3;45 nm;6 MB;95 W;Sep 1st, 2010;AMD
Phenom II X6 1055T (125W);/cpu-specs/phenom-ii-x6-1055t-125w.c672;Thuban;6 ;2.8 to 3.3 GHz;Socket AM3;45 nm;6 MB;125 W;Apr 27th, 2010;AMD
Phenom II X6 1055T (95W);/cpu-specs/phenom-ii-x6-1055t-95w.c675;Thuban;6 ;2.8 to 3.3 GHz;Socket AM3;45 nm;6 MB;95 W;May 1st, 2010;AMD
Phenom II X6 1065T;/cpu-specs/phenom-ii-x6-1065t.c742;Thuban;6 ;2.9 to 3.4 GHz;Socket AM3;45 nm;6 MB;125 W;Dec 7th, 2010;AMD
Phenom II X6 1075T;/cpu-specs/phenom-ii-x6-1075t.c671;Thuban;6 ;3 to 3.5 GHz;Socket AM3;45 nm;6 MB;125 W;Sep 21st, 2010;AMD
Phenom II X6 1090T BE;/cpu-specs/phenom-ii-x6-1090t-be.c670;Thuban;6 ;3.2 to 3.6 GHz;Socket AM3;45 nm;6 MB;125 W;Apr 27th, 2010;AMD
Phenom II X6 1100T BE;/cpu-specs/phenom-ii-x6-1100t-be.c698;Thuban;6 ;3.3 to 3.7 GHz;Socket AM3;45 nm;6 MB;125 W;Dec 7th, 2010;AMD
Sempron 145;/cpu-specs/sempron-145.c605;Sargas;1 ;2.8 GHz;Socket AM3;45 nm;N/A;45 W;Sep 1st, 2010;AMD
Sempron 150;/cpu-specs/sempron-150.c821;Sargas;1 ;2.9 GHz;Socket AM3;45 nm;N/A;45 W;Dec 7th, 2010;AMD
Sempron 180;/cpu-specs/sempron-180.c823;Regor;2 ;2.4 GHz;Socket AM3;45 nm;N/A;45 W;Sep 1st, 2010;AMD
Atom D410;/cpu-specs/atom-d410.c1397;Pineview;1  / 2;1667 MHz;BGA 437;45 nm;N/A;10 W;Jan 4th, 2010;Intel
Atom D425;/cpu-specs/atom-d425.c1398;Pineview;1  / 2;1834 MHz;BGA 437;45 nm;N/A;10 W;Jun 21st, 2010;Intel
Atom D525;/cpu-specs/atom-d525.c1399;Pineview;2  / 4;1834 MHz;BGA 437;45 nm;N/A;13 W;Jun 21st, 2010;Intel
Atom E620;/cpu-specs/atom-e620.c1441;Tunnel Creek;1  / 2;600 MHz;BGA 676;45 nm;N/A;3 W;Sep 14th, 2010;Intel
Atom E620T;/cpu-specs/atom-e620t.c1442;Tunnel Creek;1  / 2;600 MHz;BGA 676;45 nm;N/A;3 W;Sep 14th, 2010;Intel
Atom E625C;/cpu-specs/atom-e625c.c1449;Stellarton;1  / 2;600 MHz;BGA 1466;45 nm;N/A;3 W;Nov 22nd, 2010;Intel
Atom E625CT;/cpu-specs/atom-e625ct.c1450;Stellarton;1  / 2;600 MHz;BGA 1466;45 nm;N/A;3 W;Nov 22nd, 2010;Intel
Atom E640;/cpu-specs/atom-e640.c1443;Tunnel Creek;1  / 2;1000 MHz;BGA 676;45 nm;N/A;3 W;Sep 14th, 2010;Intel
Atom E640T;/cpu-specs/atom-e640t.c1444;Tunnel Creek;1  / 2;1000 MHz;BGA 676;45 nm;N/A;3 W;Sep 14th, 2010;Intel
Atom E645C;/cpu-specs/atom-e645c.c1451;Stellarton;1  / 2;1000 MHz;BGA 1466;45 nm;N/A;4 W;Nov 22nd, 2010;Intel
Atom E645CT;/cpu-specs/atom-e645ct.c1452;Stellarton;1  / 2;1000 MHz;BGA 1466;45 nm;N/A;4 W;Nov 22nd, 2010;Intel
Atom E660;/cpu-specs/atom-e660.c1445;Tunnel Creek;1  / 2;1300 MHz;BGA 676;45 nm;N/A;3 W;Sep 14th, 2010;Intel
Atom E660T;/cpu-specs/atom-e660t.c1446;Tunnel Creek;1  / 2;1300 MHz;BGA 676;45 nm;N/A;3 W;Sep 14th, 2010;Intel
Atom E665C;/cpu-specs/atom-e665c.c1453;Stellarton;1  / 2;1300 MHz;BGA 1466;45 nm;N/A;4 W;Nov 22nd, 2010;Intel
Atom E665CT;/cpu-specs/atom-e665ct.c1454;Stellarton;1  / 2;1300 MHz;BGA 1466;45 nm;N/A;7 W;Nov 22nd, 2010;Intel
Atom E680;/cpu-specs/atom-e680.c1447;Tunnel Creek;1  / 2;1600 MHz;BGA 676;45 nm;N/A;4 W;Sep 14th, 2010;Intel
Atom E680T;/cpu-specs/atom-e680t.c1448;Tunnel Creek;1  / 2;1600 MHz;BGA 676;45 nm;N/A;4 W;Sep 14th, 2010;Intel
Atom N455;/cpu-specs/atom-n455.c1413;Pineview;1  / 2;1667 MHz;BGA 559;45 nm;N/A;7 W;Jun 1st, 2010;Intel
Atom N470;/cpu-specs/atom-n470.c1414;Pineview;1  / 2;1834 MHz;BGA 559;45 nm;N/A;7 W;Mar 1st, 2010;Intel
Atom N475;/cpu-specs/atom-n475.c1415;Pineview;1  / 2;1834 MHz;BGA 559;45 nm;N/A;7 W;Jun 1st, 2010;Intel
Atom N550;/cpu-specs/atom-n550.c1408;Pineview;2  / 4;1500 MHz;BGA 559;45 nm;N/A;9 W;Aug 23rd, 2010;Intel
Atom Z560;/cpu-specs/atom-z560.c1585;Silverthorne;1  / 2;2.133 GHz;BGA 441;45 nm;N/A;2 W;Jun 1st, 2010;Intel
Atom Z600;/cpu-specs/atom-z600.c1427;Lincroft;1 ;1200 MHz;BGA 518;45 nm;N/A;1 W;May 4th, 2010;Intel
Atom Z605;/cpu-specs/atom-z605.c1428;Lincroft;1 ;1000 MHz;BGA 518;45 nm;N/A;2 W;May 4th, 2010;Intel
Atom Z610;/cpu-specs/atom-z610.c1429;Lincroft;1 ;800 MHz;BGA 518;45 nm;N/A;1 W;May 4th, 2010;Intel
Atom Z612;/cpu-specs/atom-z612.c1430;Lincroft;1 ;900 MHz;BGA 518;45 nm;N/A;1 W;May 4th, 2010;Intel
Atom Z615;/cpu-specs/atom-z615.c1431;Lincroft;1 ;1600 MHz;BGA 518;45 nm;N/A;2 W;May 4th, 2010;Intel
Atom Z620;/cpu-specs/atom-z620.c1432;Lincroft;1 ;900 MHz;BGA 518;45 nm;N/A;1 W;May 4th, 2010;Intel
Atom Z625;/cpu-specs/atom-z625.c1433;Lincroft;1 ;1900 MHz;BGA 518;45 nm;N/A;2 W;May 4th, 2010;Intel
Celeron E3400;/cpu-specs/celeron-e3400.c834;Wolfdale;2 ;2.6 GHz;Socket 775;45 nm;N/A;65 W;Jan 17th, 2010;Intel
Celeron E3500;/cpu-specs/celeron-e3500.c835;Wolfdale;2 ;2.7 GHz;Socket 775;45 nm;N/A;65 W;Aug 29th, 2010;Intel
Celeron G1101;/cpu-specs/celeron-g1101.c717;Clarkdale;2 ;2.266 GHz;Socket 1156;32 nm;2 MB;73 W;Jan 7th, 2010;Intel
Celeron P1053;/cpu-specs/celeron-p1053.c775;Jasper Forest;1  / 2;1333 MHz;Socket 1366;45 nm;2 MB;30 W;Feb 12th, 2010;Intel
Pentium G6950;/cpu-specs/pentium-g6950.c716;Clarkdale;2 ;2.8 GHz;Socket 1156;32 nm;3 MB;73 W;Jan 7th, 2010;Intel
Pentium G6951;/cpu-specs/pentium-g6951.c667;Clarkdale;2 ;2.8 GHz;Socket 1156;32 nm;3 MB;73 W;Sep 1st, 2010;Intel
Pentium P6000;/cpu-specs/pentium-p6000.c1356;Arrandale;2 ;1877 MHz;Socket G1;32 nm;3 MB;35 W;Jun 20th, 2010;Intel
Pentium P6100;/cpu-specs/pentium-p6100.c1357;Arrandale;2 ;2000 MHz;Socket G1;32 nm;3 MB;35 W;Sep 26th, 2010;Intel
Pentium P6200;/cpu-specs/pentium-p6200.c1358;Arrandale;2 ;2.133 GHz;Socket G1;32 nm;3 MB;35 W;Sep 26th, 2010;Intel
Pentium U5400;/cpu-specs/pentium-u5400.c1361;Arrandale;2 ;1200 MHz;BGA 1288;32 nm;3 MB;18 W;May 25th, 2010;Intel
Pentium Dual-Core T4500;/cpu-specs/pentium-dual-core-t4500.c1366;Penryn;2 ;2.3 GHz;Socket P;45 nm;N/A;35 W;Jan 1st, 2010;Intel
Pentium E5500;/cpu-specs/pentium-e5500.c854;Wolfdale;2 ;2.8 GHz;Socket 775;45 nm;N/A;65 W;Apr 18th, 2010;Intel
Pentium E5700;/cpu-specs/pentium-e5700.c855;Wolfdale;2 ;3 GHz;Socket 775;45 nm;N/A;65 W;Aug 8th, 2010;Intel
Pentium E5800;/cpu-specs/pentium-e5800.c856;Wolfdale;2 ;3.2 GHz;Socket 775;45 nm;N/A;65 W;Nov 28th, 2010;Intel
Pentium E6600;/cpu-specs/pentium-e6600.c866;Wolfdale;2 ;3.067 GHz;Socket 775;45 nm;N/A;65 W;Jan 17th, 2010;Intel
Pentium E6700;/cpu-specs/pentium-e6700.c867;Wolfdale;2 ;3.2 GHz;Socket 775;45 nm;N/A;65 W;May 30th, 2010;Intel
Pentium E6800;/cpu-specs/pentium-e6800.c868;Wolfdale;2 ;3.333 GHz;Socket 775;45 nm;N/A;65 W;Aug 29th, 2010;Intel
Core i3-330M;/cpu-specs/core-i3-330m.c3658;Arrandale;2  / 4;2.133 GHz;Socket G1;32 nm;3 MB;35 W;Jan 7th, 2010;Intel
Core i3-350M;/cpu-specs/core-i3-350m.c1878;Arrandale;2  / 4;2.267 GHz;Socket G1;32 nm;3 MB;35 W;Jan 7th, 2010;Intel
Core i3-370M;/cpu-specs/core-i3-370m.c1877;Arrandale;2  / 4;2.4 GHz;Socket G1;32 nm;3 MB;35 W;Jun 20th, 2010;Intel
Core i3-380M;/cpu-specs/core-i3-380m.c1876;Arrandale;2  / 4;2.534 GHz;Socket G1;32 nm;3 MB;35 W;Oct 26th, 2010;Intel
Core i3-530;/cpu-specs/core-i3-530.c666;Clarkdale;2  / 4;2.933 GHz;Socket 1156;32 nm;4 MB;73 W;Jan 7th, 2010;Intel
Core i3-540;/cpu-specs/core-i3-540.c665;Clarkdale;2  / 4;3.066 GHz;Socket 1156;32 nm;4 MB;73 W;Jan 7th, 2010;Intel
Core i3-550;/cpu-specs/core-i3-550.c713;Clarkdale;2  / 4;3.2 GHz;Socket 1156;32 nm;4 MB;73 W;May 30th, 2010;Intel
Core i3-560;/cpu-specs/core-i3-560.c714;Clarkdale;2  / 4;3.333 GHz;Socket 1156;32 nm;4 MB;73 W;Aug 29th, 2010;Intel
Core i5-430M;/cpu-specs/core-i5-430m.c1874;Arrandale;2  / 4;2.267 to 2.534 GHz;Socket G1;32 nm;3 MB;35 W;Jan 7th, 2010;Intel
Core i5-450M;/cpu-specs/core-i5-450m.c1873;Arrandale;2  / 4;2.4 to 2.666 GHz;Socket G1;32 nm;3 MB;35 W;Sep 26th, 2010;Intel
Core i5-460M;/cpu-specs/core-i5-460m.c1872;Arrandale;2  / 4;2.534 to 2.8 GHz;Socket G1;32 nm;3 MB;35 W;Sep 26th, 2010;Intel
Core i5-540M;/cpu-specs/core-i5-540m.c1868;Arrandale;2  / 4;2.533 to 3.073 GHz;Socket G1;32 nm;3 MB;35 W;Jan 7th, 2010;Intel
Core i5-560M;/cpu-specs/core-i5-560m.c1869;Arrandale;2  / 4;2.667 to 3.2 GHz;Socket G1;32 nm;3 MB;35 W;Sep 26th, 2010;Intel
Core i5-580M;/cpu-specs/core-i5-580m.c1870;Arrandale;2  / 4;2.667 to 3.333 GHz;Socket G1;32 nm;3 MB;35 W;Sep 26th, 2010;Intel
Core i5-650;/cpu-specs/core-i5-650.c664;Clarkdale;2  / 4;3.2 to 3.466 GHz;Socket 1156;32 nm;4 MB;73 W;Jan 7th, 2010;Intel
Core i5-655K;/cpu-specs/core-i5-655k.c712;Clarkdale;2  / 4;3.2 to 3.466 GHz;Socket 1156;32 nm;4 MB;73 W;May 30th, 2010;Intel
Core i5-660;/cpu-specs/core-i5-660.c663;Clarkdale;2  / 4;3.333 to 3.6 GHz;Socket 1156;32 nm;4 MB;73 W;Jan 7th, 2010;Intel
Core i5-661;/cpu-specs/core-i5-661.c711;Clarkdale;2  / 4;3.333 to 3.6 GHz;Socket 1156;32 nm;4 MB;87 W;Jan 7th, 2010;Intel
Core i5-670;/cpu-specs/core-i5-670.c662;Clarkdale;2  / 4;3.466 to 3.733 GHz;Socket 1156;32 nm;4 MB;73 W;Jan 7th, 2010;Intel
Core i5-680;/cpu-specs/core-i5-680.c710;Clarkdale;2  / 4;3.6 to 3.866 GHz;Socket 1156;32 nm;4 MB;73 W;Apr 19th, 2010;Intel
Core i5-750s;/cpu-specs/core-i5-750s.c661;Lynnfield;4 ;2.4 to 3.2 GHz;Socket 1156;45 nm;8 MB;82 W;Jan 7th, 2010;Intel
Core i5-760;/cpu-specs/core-i5-760.c707;Lynnfield;4 ;2.8 to 3.333 GHz;Socket 1156;45 nm;8 MB;95 W;Jul 18th, 2010;Intel
Core i7-610E;/cpu-specs/core-i7-610e.c3217;Arrandale;2  / 4;2.533 to 3.2 GHz;BGA 1288;32 nm;4 MB;35 W;Jan 7th, 2010;Intel
Core i7-620LE;/cpu-specs/core-i7-620le.c3218;Arrandale;2  / 4;2 to 2.8 GHz;BGA 1288;32 nm;4 MB;25 W;Jan 7th, 2010;Intel
Core i7-620LM;/cpu-specs/core-i7-620lm.c3219;Arrandale;2  / 4;2 to 2.8 GHz;BGA 1288;32 nm;4 MB;25 W;Jan 7th, 2010;Intel
Core i7-620M;/cpu-specs/core-i7-620m.c1384;Arrandale;2  / 4;2.677 to 3.333 GHz;Socket G1;32 nm;4 MB;35 W;Jan 7th, 2010;Intel
Core i7-620M;/cpu-specs/core-i7-620m.c1383;Arrandale;2  / 4;2.677 to 3.333 GHz;BGA 1288;32 nm;4 MB;35 W;Jan 7th, 2010;Intel
Core i7-620UE;/cpu-specs/core-i7-620ue.c3220;Arrandale;2  / 4;1.067 to 2.133 GHz;BGA 1288;32 nm;4 MB;18 W;Jan 7th, 2010;Intel
Core i7-620UM;/cpu-specs/core-i7-620um.c3221;Arrandale;2  / 4;1.067 to 2.133 GHz;BGA 1288;32 nm;4 MB;18 W;Jan 7th, 2010;Intel
Core i7-640LM;/cpu-specs/core-i7-640lm.c3222;Arrandale;2  / 4;2.133 to 2.933 GHz;BGA 1288;32 nm;4 MB;25 W;Jan 7th, 2010;Intel
Core i7-640M;/cpu-specs/core-i7-640m.c1382;Arrandale;2  / 4;2.8 to 3.467 GHz;BGA 1288;32 nm;4 MB;35 W;Sep 26th, 2010;Intel
Core i7-640M;/cpu-specs/core-i7-640m.c1381;Arrandale;2  / 4;2.8 to 3.467 GHz;Socket G1;32 nm;4 MB;35 W;Sep 26th, 2010;Intel
Core i7-640UM;/cpu-specs/core-i7-640um.c3223;Arrandale;2  / 4;1.2 to 2.267 GHz;BGA 1288;32 nm;4 MB;18 W;Jan 7th, 2010;Intel
Core i7-660UE;/cpu-specs/core-i7-660ue.c3225;Arrandale;2  / 4;1.333 to 2.4 GHz;BGA 1288;32 nm;4 MB;18 W;Aug 2nd, 2010;Intel
Core i7-660UM;/cpu-specs/core-i7-660um.c3224;Arrandale;2  / 4;1.333 to 2.4 GHz;BGA 1288;32 nm;4 MB;18 W;May 24th, 2010;Intel
Core i7-680UM;/cpu-specs/core-i7-680um.c3226;Arrandale;2  / 4;1.467 to 2.533 GHz;BGA 1288;32 nm;4 MB;18 W;Sep 26th, 2010;Intel
Core i7-740QM;/cpu-specs/core-i7-740qm.c3214;Clarksfield;4  / 8;1.733 to 2.933 GHz;Socket G1;45 nm;6 MB;45 W;Jun 20th, 2010;Intel
Core i7-840QM;/cpu-specs/core-i7-840qm.c3216;Clarksfield;4  / 8;1.867 to 3.2 GHz;Socket G1;45 nm;8 MB;45 W;Jun 20th, 2010;Intel
Core i7-860S;/cpu-specs/core-i7-860s.c660;Lynnfield;4  / 8;2.533 to 3.466 GHz;Socket 1156;45 nm;8 MB;82 W;Jan 7th, 2010;Intel
Core i7-870S;/cpu-specs/core-i7-870s.c709;Lynnfield;4  / 8;2.666 to 3.6 GHz;Socket 1156;45 nm;8 MB;82 W;Jul 19th, 2010;Intel
Core i7-875K;/cpu-specs/core-i7-875k.c706;Lynnfield;4  / 8;2.933 to 3.6 GHz;Socket 1156;45 nm;8 MB;95 W;May 30th, 2010;Intel
Core i7-880;/cpu-specs/core-i7-880.c708;Lynnfield;4  / 8;3.066 to 3.733 GHz;Socket 1156;45 nm;8 MB;95 W;May 30th, 2010;Intel
Core i7-930;/cpu-specs/core-i7-930.c718;Bloomfield;4  / 8;2.8 to 3.066 GHz;Socket 1366;45 nm;8 MB;130 W;Feb 28th, 2010;Intel
Core i7-970;/cpu-specs/core-i7-970.c722;Gulftown;6  / 12;3.2 to 3.466 GHz;Socket 1366;32 nm;12 MB;130 W;Jul 19th, 2010;Intel
Core i7-940XM;/cpu-specs/core-i7-940xm.c3206;Clarksfield;4  / 8;2.133 to 3.333 GHz;Socket G1;45 nm;8 MB;55 W;Jun 20th, 2010;Intel
Core i7-980X;/cpu-specs/core-i7-980x.c723;Gulftown;6  / 12;3.333 to 3.6 GHz;Socket 1366;32 nm;12 MB;130 W;Mar 16th, 2010;Intel
Xeon E5503;/cpu-specs/xeon-e5503.c910;Gainestown;2 ;2000 MHz;Socket 1366;45 nm;4 MB;80 W;Mar 16th, 2010;Intel
Xeon E5507;/cpu-specs/xeon-e5507.c913;Gainestown;4 ;2.266 GHz;Socket 1366;45 nm;4 MB;80 W;Mar 16th, 2010;Intel
Xeon E5620;/cpu-specs/xeon-e5620.c933;Westmere-EP;4  / 8;2.4 to 2.666 GHz;Socket 1366;32 nm;12 MB;80 W;Mar 16th, 2010;Intel
Xeon E5630;/cpu-specs/xeon-e5630.c934;Westmere-EP;4  / 8;2.533 to 2.8 GHz;Socket 1366;32 nm;12 MB;80 W;Mar 16th, 2010;Intel
Xeon E5640;/cpu-specs/xeon-e5640.c935;Westmere-EP;4  / 8;2.666 to 2.933 GHz;Socket 1366;32 nm;12 MB;80 W;Mar 16th, 2010;Intel
Xeon E5645;/cpu-specs/xeon-e5645.c944;Westmere-EP;6  / 12;2.4 to 2.666 GHz;Socket 1366;32 nm;12 MB;80 W;Mar 16th, 2010;Intel
Xeon L5609;/cpu-specs/xeon-l5609.c941;Westmere-EP;4 ;1866 MHz;Socket 1366;32 nm;12 MB;40 W;Mar 16th, 2010;Intel
Xeon L5618;/cpu-specs/xeon-l5618.c942;Westmere-EP;4  / 8;1.866 to 2.266 GHz;Socket 1366;32 nm;12 MB;40 W;Mar 16th, 2010;Intel
Xeon L5630;/cpu-specs/xeon-l5630.c943;Westmere-EP;4  / 8;2.133 to 2.4 GHz;Socket 1366;32 nm;12 MB;40 W;Mar 16th, 2010;Intel
Xeon L5638;/cpu-specs/xeon-l5638.c952;Westmere-EP;6  / 12;2 to 2.4 GHz;Socket 1366;32 nm;12 MB;60 W;Mar 16th, 2010;Intel
Xeon L5640;/cpu-specs/xeon-l5640.c953;Westmere-EP;6  / 12;2.266 to 2.8 GHz;Socket 1366;32 nm;12 MB;60 W;Mar 16th, 2010;Intel
Xeon LC3518;/cpu-specs/xeon-lc3518.c3314;Jasper Forest;1 ;1733 MHz;Socket 1366;45 nm;2 MB;23 W;Feb 11th, 2010;Intel
Xeon W3530;/cpu-specs/xeon-w3530.c901;Bloomfield;4  / 8;2.8 to 3.066 GHz;Socket 1366;45 nm;8 MB;130 W;Mar 16th, 2010;Intel
Xeon W3670;/cpu-specs/xeon-w3670.c927;Gulftown;6  / 12;3.2 to 3.466 GHz;Socket 1366;32 nm;12 MB;130 W;Aug 29th, 2010;Intel
Xeon W3680;/cpu-specs/xeon-w3680.c928;Gulftown;6  / 12;3.333 to 3.6 GHz;Socket 1366;32 nm;12 MB;130 W;Mar 16th, 2010;Intel
Xeon X5650;/cpu-specs/xeon-x5650.c946;Westmere-EP;6  / 12;2.666 to 3.066 GHz;Socket 1366;32 nm;12 MB;95 W;Mar 16th, 2010;Intel
Xeon X5660;/cpu-specs/xeon-x5660.c947;Westmere-EP;6  / 12;2.8 to 3.2 GHz;Socket 1366;32 nm;12 MB;95 W;Mar 16th, 2010;Intel
Xeon X5667;/cpu-specs/xeon-x5667.c937;Westmere-EP;4  / 8;3.066 to 3.466 GHz;Socket 1366;32 nm;12 MB;95 W;Mar 16th, 2010;Intel
Xeon X5670;/cpu-specs/xeon-x5670.c948;Westmere-EP;6  / 12;2.933 to 3.333 GHz;Socket 1366;32 nm;12 MB;95 W;Mar 16th, 2010;Intel
Xeon X5677;/cpu-specs/xeon-x5677.c939;Westmere-EP;4  / 8;3.466 to 3.733 GHz;Socket 1366;32 nm;12 MB;130 W;Mar 16th, 2010;Intel
Xeon X5680;/cpu-specs/xeon-x5680.c950;Westmere-EP;6  / 12;3.333 to 3.6 GHz;Socket 1366;32 nm;12 MB;130 W;Feb 14th, 2010;Intel
Aubrey Isle;/cpu-specs/aubrey-isle.c2053;Knights Ferry;32  / 128;1200 MHz;PCIe x16;45 nm;N/A;300 W;May 31st, 2010;Intel
Athlon 64 2650e;/cpu-specs/athlon-64-2650e.c581;Lima;1 ;1600 MHz;Socket AM2;65 nm;N/A;15 W;Jan 1st, 2009;AMD
Athlon 64 LE-1640;/cpu-specs/athlon-64-le-1640.c2159;Orleans;1 ;2.6 GHz;Socket AM2;90 nm;N/A;45 W;Jan 7th, 2009;AMD
Athlon II X2 215;/cpu-specs/athlon-ii-x2-215.c688;Regor;2 ;2.7 GHz;Socket AM3;45 nm;N/A;65 W;Oct 20th, 2009;AMD
Athlon II X2 235e;/cpu-specs/athlon-ii-x2-235e.c685;Regor;2 ;2.7 GHz;Socket AM3;45 nm;N/A;45 W;Oct 20th, 2009;AMD
Athlon II X2 240;/cpu-specs/athlon-ii-x2-240.c600;Regor;2 ;2.8 GHz;Socket AM3;45 nm;N/A;65 W;Jul 23rd, 2009;AMD
Athlon II X2 240e;/cpu-specs/athlon-ii-x2-240e.c686;Regor;2 ;2.8 GHz;Socket AM3;45 nm;N/A;45 W;Oct 20th, 2009;AMD
Athlon II X2 245;/cpu-specs/athlon-ii-x2-245.c601;Regor;2 ;2.9 GHz;Socket AM3;45 nm;N/A;65 W;Jul 23rd, 2009;AMD
Athlon II X2 250;/cpu-specs/athlon-ii-x2-250.c602;Regor;2 ;3 GHz;Socket AM3;45 nm;N/A;65 W;Jun 2nd, 2009;AMD
Athlon II X2 250u;/cpu-specs/athlon-ii-x2-250u.c682;Regor;2 ;1600 MHz;Socket AM3;45 nm;N/A;25 W;Oct 20th, 2009;AMD
Athlon II X2 260u;/cpu-specs/athlon-ii-x2-260u.c683;Regor;2 ;1800 MHz;Socket AM3;45 nm;N/A;25 W;Oct 20th, 2009;AMD
Athlon II X3 400e;/cpu-specs/athlon-ii-x3-400e.c623;Rana;3 ;2.2 GHz;Socket AM3;45 nm;N/A;45 W;Oct 20th, 2009;AMD
Athlon II X3 405e;/cpu-specs/athlon-ii-x3-405e.c624;Rana;3 ;2.3 GHz;Socket AM3;45 nm;N/A;45 W;Oct 20th, 2009;AMD
Athlon II X3 425;/cpu-specs/athlon-ii-x3-425.c693;Rana;3 ;2.7 GHz;Socket AM3;45 nm;N/A;95 W;Oct 20th, 2009;AMD
Athlon II X3 435;/cpu-specs/athlon-ii-x3-435.c694;Rana;3 ;2.9 GHz;Socket AM3;45 nm;N/A;95 W;Oct 9th, 2009;AMD
Athlon II X4 600e;/cpu-specs/athlon-ii-x4-600e.c778;Propus;4 ;2.2 GHz;Socket AM3;45 nm;N/A;45 W;Oct 20th, 2009;AMD
Athlon II X4 605e;/cpu-specs/athlon-ii-x4-605e.c779;Propus;4 ;2.3 GHz;Socket AM3;45 nm;N/A;45 W;Oct 20th, 2009;AMD
Athlon II X4 620;/cpu-specs/athlon-ii-x4-620.c783;Propus;4 ;2.6 GHz;Socket AM3;45 nm;N/A;95 W;Sep 16th, 2009;AMD
Athlon II X4 630;/cpu-specs/athlon-ii-x4-630.c784;Propus;4 ;2.8 GHz;Socket AM3;45 nm;N/A;95 W;Sep 16th, 2009;AMD
Athlon X2 7850 BE;/cpu-specs/athlon-x2-7850-be.c595;Kuma;2 ;2.8 GHz;Socket AM2+;65 nm;2 MB;95 W;Apr 28th, 2009;AMD
Opteron 1381;/cpu-specs/opteron-1381.c3857;Suzuka;4 ;2.5 GHz;Socket AM3;45 nm;6 MB;115 W;Jun 2nd, 2009;AMD
Opteron 1385;/cpu-specs/opteron-1385.c3858;Suzuka;4 ;2.7 GHz;Socket AM3;45 nm;6 MB;115 W;Jun 2nd, 2009;AMD
Opteron 1389;/cpu-specs/opteron-1389.c3859;Suzuka;4 ;2.9 GHz;Socket AM3;45 nm;6 MB;115 W;Jun 2nd, 2009;AMD
Opteron 13KS EE;/cpu-specs/opteron-13ks-ee.c3860;Suzuka;4 ;2000 MHz;Socket Fr2;45 nm;6 MB;50 W;Apr 22nd, 2009;AMD
Opteron 13QS HE;/cpu-specs/opteron-13qs-he.c3861;Suzuka;4 ;2.4 GHz;Socket Fr2;45 nm;6 MB;71 W;Apr 22nd, 2009;AMD
Phenom II 42 TWKR Black Edition;/cpu-specs/phenom-ii-42-twkr-black-edition.c701;Deneb;4 ;2000 MHz;Socket AM3;45 nm;6 MB;125 W;Jun 1st, 2009;AMD
Phenom II X2 545;/cpu-specs/phenom-ii-x2-545.c603;Callisto;2 ;3 GHz;Socket AM3;45 nm;6 MB;80 W;Jun 1st, 2009;AMD
Phenom II X2 550;/cpu-specs/phenom-ii-x2-550.c681;Callisto;2 ;3.1 GHz;Socket AM3;45 nm;6 MB;80 W;Nov 4th, 2009;AMD
Phenom II X2 550 BE;/cpu-specs/phenom-ii-x2-550-be.c604;Callisto;2 ;3.1 GHz;Socket AM3;45 nm;6 MB;80 W;Jun 1st, 2009;AMD
Phenom II X2 B53;/cpu-specs/phenom-ii-x2-b53.c763;Callisto;2 ;2.8 GHz;Socket AM3;45 nm;6 MB;80 W;Oct 1st, 2009;AMD
Phenom II X2 B55;/cpu-specs/phenom-ii-x2-b55.c764;Callisto;2 ;3 GHz;Socket AM3;45 nm;6 MB;80 W;Oct 1st, 2009;AMD
Phenom II X3 700e;/cpu-specs/phenom-ii-x3-700e.c606;Heka;3 ;2.4 GHz;Socket AM3;45 nm;6 MB;65 W;Jun 2nd, 2009;AMD
Phenom II X3 705e;/cpu-specs/phenom-ii-x3-705e.c607;Heka;3 ;2.5 GHz;Socket AM3;45 nm;6 MB;65 W;Jun 2nd, 2009;AMD
Phenom II X3 710;/cpu-specs/phenom-ii-x3-710.c608;Heka;3 ;2.6 GHz;Socket AM3;45 nm;6 MB;95 W;Feb 9th, 2009;AMD
Phenom II X3 720 BE;/cpu-specs/phenom-ii-x3-720-be.c609;Heka;3 ;2.8 GHz;Socket AM3;45 nm;6 MB;95 W;Feb 9th, 2009;AMD
Phenom II X3 740 BE;/cpu-specs/phenom-ii-x3-740-be.c678;Heka;3 ;3 GHz;Socket AM3;45 nm;6 MB;95 W;Sep 1st, 2009;AMD
Phenom II X3 B73;/cpu-specs/phenom-ii-x3-b73.c758;Heka;3 ;2.8 GHz;Socket AM3;45 nm;6 MB;95 W;Oct 1st, 2009;AMD
Phenom II X3 B75;/cpu-specs/phenom-ii-x3-b75.c759;Heka;3 ;3 GHz;Socket AM3;45 nm;6 MB;95 W;Oct 1st, 2009;AMD
Phenom II X4 805;/cpu-specs/phenom-ii-x4-805.c610;Deneb;4 ;2.5 GHz;Socket AM3;45 nm;4 MB;95 W;Feb 9th, 2009;AMD
Phenom II X4 810;/cpu-specs/phenom-ii-x4-810.c611;Deneb;4 ;2.6 GHz;Socket AM3;45 nm;4 MB;95 W;Feb 9th, 2009;AMD
Phenom II X4 820;/cpu-specs/phenom-ii-x4-820.c747;Deneb;4 ;2.8 GHz;Socket AM3;45 nm;4 MB;95 W;Sep 1st, 2009;AMD
Phenom II X4 830;/cpu-specs/phenom-ii-x4-830.c748;Deneb;4 ;2.8 GHz;Socket AM3;45 nm;4 MB;95 W;Sep 1st, 2009;AMD
Phenom II X4 900e;/cpu-specs/phenom-ii-x4-900e.c612;Deneb;4 ;2.4 GHz;Socket AM3;45 nm;6 MB;65 W;Jun 2nd, 2009;AMD
Phenom II X4 905e;/cpu-specs/phenom-ii-x4-905e.c613;Deneb;4 ;2.5 GHz;Socket AM3;45 nm;6 MB;65 W;Jun 2nd, 2009;AMD
Phenom II X4 910;/cpu-specs/phenom-ii-x4-910.c674;Deneb;4 ;2.6 GHz;Socket AM3;45 nm;6 MB;95 W;Feb 9th, 2009;AMD
Phenom II X4 920;/cpu-specs/phenom-ii-x4-920.c615;Deneb;4 ;2.8 GHz;Socket AM3;45 nm;6 MB;125 W;Jan 8th, 2009;AMD
Phenom II X4 925;/cpu-specs/phenom-ii-x4-925.c616;Deneb;4 ;2.8 GHz;Socket AM3;45 nm;6 MB;95 W;May 11th, 2009;AMD
Phenom II X4 940 BE;/cpu-specs/phenom-ii-x4-940-be.c617;Deneb;4 ;3 GHz;Socket AM2+;45 nm;6 MB;125 W;Jan 8th, 2009;AMD
Phenom II X4 945 (125W);/cpu-specs/phenom-ii-x4-945-125w.c618;Deneb;4 ;3 GHz;Socket AM3;45 nm;6 MB;125 W;Apr 23rd, 2009;AMD
Phenom II X4 945 (95W);/cpu-specs/phenom-ii-x4-945-95w.c619;Deneb;4 ;3 GHz;Socket AM3;45 nm;6 MB;95 W;Jul 22nd, 2009;AMD
Phenom II X4 955 (125W);/cpu-specs/phenom-ii-x4-955-125w.c673;Deneb;4 ;3.2 GHz;Socket AM3;45 nm;6 MB;125 W;Apr 1st, 2009;AMD
Phenom II X4 955 (95W);/cpu-specs/phenom-ii-x4-955-95w.c746;Deneb;4 ;3.2 GHz;Socket AM3;45 nm;6 MB;95 W;Apr 1st, 2009;AMD
Phenom II X4 955 BE;/cpu-specs/phenom-ii-x4-955-be.c620;Deneb;4 ;3.2 GHz;Socket AM3;45 nm;6 MB;125 W;Apr 23rd, 2009;AMD
Phenom II X4 965 BE (125W);/cpu-specs/phenom-ii-x4-965-be-125w.c676;Deneb;4 ;3.4 GHz;Socket AM3;45 nm;6 MB;125 W;Nov 7th, 2009;AMD
Phenom II X4 965 BE (140W);/cpu-specs/phenom-ii-x4-965-be-140w.c668;Deneb;4 ;3.4 GHz;Socket AM3;45 nm;6 MB;140 W;Aug 13th, 2009;AMD
Phenom II X4 B93;/cpu-specs/phenom-ii-x4-b93.c753;Deneb;4 ;2.8 GHz;Socket AM3;45 nm;6 MB;95 W;Oct 1st, 2009;AMD
Phenom II X4 B95;/cpu-specs/phenom-ii-x4-b95.c754;Deneb;4 ;3 GHz;Socket AM3;45 nm;6 MB;95 W;Oct 1st, 2009;AMD
Sempron 140;/cpu-specs/sempron-140.c820;Sargas;1 ;2.7 GHz;Socket AM3;45 nm;N/A;45 W;Jul 22nd, 2009;AMD
Atom CE4100;/cpu-specs/atom-ce4100.c1438;Sodaville;1 ;1200 MHz;BGA 951;45 nm;N/A;7 W;Sep 24th, 2009;Intel
Atom CE4130;/cpu-specs/atom-ce4130.c1439;Sodaville;1 ;1200 MHz;BGA 951;45 nm;N/A;7 W;Sep 24th, 2009;Intel
Atom CE4150;/cpu-specs/atom-ce4150.c1440;Sodaville;1 ;1200 MHz;BGA 951;45 nm;N/A;7 W;Sep 24th, 2009;Intel
Atom D510;/cpu-specs/atom-d510.c1400;Pineview;2  / 4;1667 MHz;BGA 437;45 nm;N/A;13 W;Dec 21st, 2009;Intel
Atom N450;/cpu-specs/atom-n450.c1412;Pineview;1  / 2;1667 MHz;BGA 559;45 nm;N/A;6 W;Dec 21st, 2009;Intel
Atom Z510P;/cpu-specs/atom-z510p.c1418;Silverthorne;1  / 2;1100 MHz;BGA 437;45 nm;N/A;2 W;Mar 2nd, 2009;Intel
Atom Z510PT;/cpu-specs/atom-z510pt.c1419;Silverthorne;1  / 2;1100 MHz;BGA 437;45 nm;N/A;2 W;Mar 2nd, 2009;Intel
Atom Z515;/cpu-specs/atom-z515.c1420;Silverthorne;1 ;1200 MHz;BGA 441;45 nm;N/A;1 W;Apr 8th, 2009;Intel
Atom Z520PT;/cpu-specs/atom-z520pt.c1422;Silverthorne;1  / 2;1334 MHz;BGA 437;45 nm;N/A;2 W;Mar 2nd, 2009;Intel
Atom Z530P;/cpu-specs/atom-z530p.c1424;Silverthorne;1  / 2;1600 MHz;BGA 437;45 nm;N/A;2 W;Mar 2nd, 2009;Intel
Atom Z550;/cpu-specs/atom-z550.c1426;Silverthorne;1  / 2;2000 MHz;BGA 441;45 nm;N/A;2 W;Apr 8th, 2009;Intel
Celeron E1600;/cpu-specs/celeron-e1600.c839;Allendale;2 ;2.4 GHz;Socket 775;65 nm;N/A;65 W;May 31st, 2009;Intel
Celeron E3200;/cpu-specs/celeron-e3200.c832;Wolfdale;2 ;2.4 GHz;Socket 775;45 nm;N/A;65 W;Aug 30th, 2009;Intel
Celeron E3300;/cpu-specs/celeron-e3300.c833;Wolfdale;2 ;2.5 GHz;Socket 775;45 nm;N/A;65 W;Aug 30th, 2009;Intel
Core 2 Duo E7500;/cpu-specs/core-2-duo-e7500.c1530;Wolfdale;2 ;2.933 GHz;Socket 775;45 nm;N/A;65 W;Jan 10th, 2009;Intel
Core 2 Duo E7600;/cpu-specs/core-2-duo-e7600.c1531;Wolfdale;2 ;3.067 GHz;Socket 775;45 nm;N/A;65 W;May 10th, 2009;Intel
Core 2 Duo E8135;/cpu-specs/core-2-duo-e8135.c2724;Penryn;2 ;2.667 GHz;Socket P;45 nm;N/A;44 W;Mar 3rd, 2009;Intel
Core 2 Duo E8235;/cpu-specs/core-2-duo-e8235.c2725;Penryn;2 ;2.8 GHz;Socket P;45 nm;N/A;44 W;Mar 3rd, 2009;Intel
Core 2 Duo E8335;/cpu-specs/core-2-duo-e8335.c2726;Penryn;2 ;2.933 GHz;Socket P;45 nm;N/A;44 W;Mar 3rd, 2009;Intel
Core 2 Duo E8435;/cpu-specs/core-2-duo-e8435.c2727;Penryn;2 ;3.067 GHz;Socket P;45 nm;N/A;44 W;Mar 3rd, 2009;Intel
Core 2 Duo P9700;/cpu-specs/core-2-duo-p9700.c2732;Penryn;2 ;2.8 GHz;Socket P;45 nm;N/A;28 W;Jun 2nd, 2009;Intel
Core 2 Duo T9900;/cpu-specs/core-2-duo-t9900.c2741;Penryn;2 ;3.067 GHz;Socket P;45 nm;N/A;35 W;Jun 2nd, 2009;Intel
Core 2 Quad Q7600;/cpu-specs/core-2-quad-q7600.c669;Yorkfield;4 ;2.7 GHz;Socket 775;45 nm;N/A;95 W;Aug 31st, 2009;Intel
Core 2 Quad Q8200S;/cpu-specs/core-2-quad-q8200s.c653;Yorkfield;4 ;2.333 GHz;Socket 775;45 nm;N/A;65 W;Jan 18th, 2009;Intel
Core 2 Quad Q8400;/cpu-specs/core-2-quad-q8400.c655;Yorkfield;4 ;2.666 GHz;Socket 775;45 nm;N/A;95 W;Apr 19th, 2009;Intel
Core 2 Quad Q8400S;/cpu-specs/core-2-quad-q8400s.c656;Yorkfield;4 ;2.666 GHz;Socket 775;45 nm;N/A;65 W;Apr 19th, 2009;Intel
Core 2 Quad Q9400S;/cpu-specs/core-2-quad-q9400s.c652;Yorkfield;4 ;2.666 GHz;Socket 775;45 nm;N/A;65 W;Jan 18th, 2009;Intel
Core 2 Quad Q9505;/cpu-specs/core-2-quad-q9505.c2840;Yorkfield;4 ;2.833 GHz;Socket 775;45 nm;N/A;95 W;2009;Intel
Core 2 Quad Q9550S;/cpu-specs/core-2-quad-q9550s.c651;Yorkfield;4 ;2.833 GHz;Socket 775;45 nm;N/A;65 W;Jan 27th, 2009;Intel
Core 2 Solo ULV SU3500;/cpu-specs/core-2-solo-ulv-su3500.c1092;Penryn-L;1 ;1400 MHz;BGA 956;45 nm;N/A;5 W;Mar 29th, 2009;Intel
Core i5-750;/cpu-specs/core-i5-750.c649;Lynnfield;4 ;2.666 to 3.2 GHz;Socket 1156;45 nm;8 MB;95 W;Sep 8th, 2009;Intel
Core i7-720QM;/cpu-specs/core-i7-720qm.c3213;Clarksfield;4  / 8;1.6 to 2.8 GHz;Socket G1;45 nm;6 MB;45 W;Sep 23rd, 2009;Intel
Core i7-820QM;/cpu-specs/core-i7-820qm.c3215;Clarksfield;4  / 8;1.733 to 3.067 GHz;Socket G1;45 nm;8 MB;45 W;Sep 23rd, 2009;Intel
Core i7-860;/cpu-specs/core-i7-860.c648;Lynnfield;4  / 8;2.8 to 3.466 GHz;Socket 1156;45 nm;8 MB;95 W;Sep 8th, 2009;Intel
Core i7-870;/cpu-specs/core-i7-870.c647;Lynnfield;4  / 8;2.933 to 3.6 GHz;Socket 1156;45 nm;8 MB;95 W;Sep 8th, 2009;Intel
Core i7-920XM;/cpu-specs/core-i7-920xm.c3207;Clarksfield;4  / 8;2 to 3.2 GHz;Socket G1;45 nm;8 MB;55 W;Sep 23rd, 2009;Intel
Core i7-950;/cpu-specs/core-i7-950.c644;Bloomfield;4  / 8;3.066 to 3.333 GHz;Socket 1366;45 nm;8 MB;130 W;Jun 2nd, 2009;Intel
Core i7-960;/cpu-specs/core-i7-960.c719;Bloomfield;4  / 8;3.2 to 3.466 GHz;Socket 1366;45 nm;8 MB;130 W;Oct 20th, 2009;Intel
Core i7-975;/cpu-specs/core-i7-975.c642;Bloomfield;4  / 8;3.333 to 3.6 GHz;Socket 1366;45 nm;8 MB;130 W;Jun 2nd, 2009;Intel
Pentium Dual-Core E2210;/cpu-specs/pentium-dual-core-e2210.c850;Wolfdale;2 ;2.2 GHz;Socket 775;45 nm;N/A;65 W;Jun 1st, 2009;Intel
Pentium Dual-Core T4200;/cpu-specs/pentium-dual-core-t4200.c1363;Penryn;2 ;2000 MHz;Socket P;45 nm;N/A;35 W;Jan 1st, 2009;Intel
Pentium Dual-Core T4300;/cpu-specs/pentium-dual-core-t4300.c1364;Penryn;2 ;2.1 GHz;Socket P;45 nm;N/A;35 W;Apr 1st, 2009;Intel
Pentium Dual-Core T4400;/cpu-specs/pentium-dual-core-t4400.c1365;Penryn;2 ;2.2 GHz;Socket P;45 nm;N/A;35 W;Dec 1st, 2009;Intel
Pentium E5400;/cpu-specs/pentium-e5400.c853;Wolfdale;2 ;2.7 GHz;Socket 775;45 nm;N/A;65 W;Jan 18th, 2009;Intel
Pentium E6300;/cpu-specs/pentium-e6300.c863;Wolfdale;2 ;2.8 GHz;Socket 775;45 nm;N/A;65 W;May 9th, 2009;Intel
Pentium E6500;/cpu-specs/pentium-e6500.c864;Wolfdale;2 ;2.933 GHz;Socket 775;45 nm;N/A;65 W;Aug 9th, 2009;Intel
Pentium E6500K;/cpu-specs/pentium-e6500k.c865;Wolfdale;2 ;2.933 GHz;Socket 775;45 nm;N/A;65 W;Aug 9th, 2009;Intel
Pentium SU2700;/cpu-specs/pentium-su2700.c1093;Penryn;1 ;1300 MHz;BGA 956;45 nm;N/A;10 W;Jun 2nd, 2009;Intel
Pentium SU4100;/cpu-specs/pentium-su4100.c1362;Penryn;2 ;1300 MHz;BGA 956;45 nm;N/A;10 W;Sep 1st, 2009;Intel
Xeon E5502;/cpu-specs/xeon-e5502.c909;Gainestown;2 ;1866 MHz;Socket 1366;45 nm;4 MB;80 W;Mar 30th, 2009;Intel
Xeon E5504;/cpu-specs/xeon-e5504.c911;Gainestown;4 ;2000 MHz;Socket 1366;45 nm;4 MB;80 W;Mar 30th, 2009;Intel
Xeon E5506;/cpu-specs/xeon-e5506.c912;Gainestown;4 ;2.133 GHz;Socket 1366;45 nm;4 MB;80 W;Mar 30th, 2009;Intel
Xeon E5520;/cpu-specs/xeon-e5520.c916;Gainestown;4  / 8;2.266 to 2.533 GHz;Socket 1366;45 nm;8 MB;80 W;Mar 30th, 2009;Intel
Xeon E5530;/cpu-specs/xeon-e5530.c917;Gainestown;4  / 8;2.4 to 2.666 GHz;Socket 1366;45 nm;8 MB;80 W;Mar 30th, 2009;Intel
Xeon E5540;/cpu-specs/xeon-e5540.c918;Gainestown;4  / 8;2.533 to 2.8 GHz;Socket 1366;45 nm;8 MB;80 W;Mar 30th, 2009;Intel
Xeon L5506;/cpu-specs/xeon-l5506.c914;Gainestown;4 ;2.133 GHz;Socket 1366;45 nm;4 MB;60 W;Mar 30th, 2009;Intel
Xeon L5508;/cpu-specs/xeon-l5508.c915;Gainestown;2  / 4;2 to 2.4 GHz;Socket 1366;45 nm;8 MB;38 W;Mar 30th, 2009;Intel
Xeon L5518;/cpu-specs/xeon-l5518.c924;Gainestown;4  / 8;2.133 to 2.4 GHz;Socket 1366;45 nm;8 MB;60 W;Mar 30th, 2009;Intel
Xeon L5520;/cpu-specs/xeon-l5520.c925;Gainestown;4  / 8;2.266 to 2.533 GHz;Socket 1366;45 nm;8 MB;60 W;Mar 30th, 2009;Intel
Xeon L5530;/cpu-specs/xeon-l5530.c926;Gainestown;4  / 8;2.4 to 2.666 GHz;Socket 1366;45 nm;8 MB;60 W;Aug 9th, 2009;Intel
Xeon W3503;/cpu-specs/xeon-w3503.c907;Bloomfield;2 ;2.4 GHz;Socket 1366;45 nm;4 MB;130 W;Mar 30th, 2009;Intel
Xeon W3505;/cpu-specs/xeon-w3505.c908;Bloomfield;2 ;2.533 GHz;Socket 1366;45 nm;4 MB;130 W;Mar 30th, 2009;Intel
Xeon W3520;/cpu-specs/xeon-w3520.c900;Bloomfield;4  / 8;2.666 to 2.933 GHz;Socket 1366;45 nm;8 MB;130 W;Mar 30th, 2009;Intel
Xeon W3540;/cpu-specs/xeon-w3540.c902;Bloomfield;4  / 8;2.933 to 3.2 GHz;Socket 1366;45 nm;8 MB;130 W;Mar 30th, 2009;Intel
Xeon W3550;/cpu-specs/xeon-w3550.c903;Bloomfield;4  / 8;3.066 to 3.333 GHz;Socket 1366;45 nm;8 MB;130 W;Aug 9th, 2009;Intel
Xeon W3565;/cpu-specs/xeon-w3565.c904;Bloomfield;4  / 8;3.2 to 3.466 GHz;Socket 1366;45 nm;8 MB;130 W;Nov 1st, 2009;Intel
Xeon W3570;/cpu-specs/xeon-w3570.c905;Bloomfield;4  / 8;3.2 to 3.466 GHz;Socket 1366;45 nm;8 MB;130 W;Mar 30th, 2009;Intel
Xeon W3580;/cpu-specs/xeon-w3580.c906;Bloomfield;4  / 8;3.333 to 3.6 GHz;Socket 1366;45 nm;8 MB;130 W;Aug 9th, 2009;Intel
Xeon W5580;/cpu-specs/xeon-w5580.c922;Gainestown;4  / 8;3.2 to 3.466 GHz;Socket 1366;45 nm;8 MB;130 W;Mar 30th, 2009;Intel
Xeon W5590;/cpu-specs/xeon-w5590.c923;Gainestown;4  / 8;3.333 to 3.6 GHz;Socket 1366;45 nm;8 MB;130 W;Aug 9th, 2009;Intel
Xeon X5550;/cpu-specs/xeon-x5550.c919;Gainestown;4  / 8;2.666 to 3.066 GHz;Socket 1366;45 nm;8 MB;95 W;Mar 30th, 2009;Intel
Xeon X5560;/cpu-specs/xeon-x5560.c920;Gainestown;4  / 8;2.8 to 3.2 GHz;Socket 1366;45 nm;8 MB;95 W;Mar 30th, 2009;Intel
Xeon X5570;/cpu-specs/xeon-x5570.c921;Gainestown;4  / 8;2.933 to 3.333 GHz;Socket 1366;45 nm;8 MB;95 W;Mar 30th, 2009;Intel
Athlon 64 2000+;/cpu-specs/athlon-64-2000.c579;Lima;1 ;1000 MHz;Socket AM2;65 nm;N/A;8 W;Jun 1st, 2008;AMD
Athlon 64 2600+;/cpu-specs/athlon-64-2600.c580;Lima;1 ;1600 MHz;Socket AM2;65 nm;N/A;15 W;Jan 1st, 2008;AMD
Athlon 64 2850e;/cpu-specs/athlon-64-2850e.c2150;Lima;1 ;1800 MHz;Socket AM2;65 nm;N/A;22 W;Aug 1st, 2008;AMD
Athlon 64 3100+;/cpu-specs/athlon-64-3100.c2152;Lima;1 ;2000 MHz;Socket AM2;65 nm;N/A;25 W;Apr 21st, 2008;AMD
Athlon 64 LE-1640;/cpu-specs/athlon-64-le-1640.c585;Lima;1 ;2.7 GHz;Socket AM2;65 nm;N/A;45 W;Apr 1st, 2008;AMD
Athlon 64 LE-1640B;/cpu-specs/athlon-64-le-1640b.c2151;Lima;1 ;2.7 GHz;Socket AM2;65 nm;N/A;45 W;Apr 28th, 2008;AMD
Athlon 64 LE-1660;/cpu-specs/athlon-64-le-1660.c586;Lima;1 ;2.8 GHz;Socket AM2;65 nm;N/A;45 W;May 1st, 2008;AMD
Athlon 64 X2 4600+;/cpu-specs/athlon-64-x2-4600.c589;Brisbane;2 ;2.4 GHz;Socket AM2;65 nm;N/A;65 W;Apr 22nd, 2008;AMD
Athlon 64 X2 5400+;/cpu-specs/athlon-64-x2-5400.c480;Brisbane;2 ;2.8 GHz;Socket AM2;65 nm;N/A;65 W;Jan 1st, 2008;AMD
Athlon 64 X2 5400+ BE;/cpu-specs/athlon-64-x2-5400-be.c491;Brisbane;2 ;2.8 GHz;Socket AM2;65 nm;N/A;65 W;Feb 1st, 2008;AMD
Athlon 64 X2 5600+;/cpu-specs/athlon-64-x2-5600.c481;Brisbane;2 ;2.9 GHz;Socket AM2;65 nm;N/A;65 W;Feb 1st, 2008;AMD
Athlon 64 X2 5800+;/cpu-specs/athlon-64-x2-5800.c482;Brisbane;2 ;3 GHz;Socket AM2;65 nm;N/A;89 W;Apr 1st, 2008;AMD
Athlon X2 4050e;/cpu-specs/athlon-x2-4050e.c487;Brisbane;2 ;2.1 GHz;Socket AM2;65 nm;N/A;45 W;Apr 21st, 2008;AMD
Athlon X2 4450e;/cpu-specs/athlon-x2-4450e.c488;Brisbane;2 ;2.3 GHz;Socket AM2;65 nm;N/A;45 W;Apr 21st, 2008;AMD
Athlon X2 4850e;/cpu-specs/athlon-x2-4850e.c489;Brisbane;2 ;2.5 GHz;Socket AM2;65 nm;N/A;45 W;Mar 5th, 2008;AMD
Athlon X2 5050e;/cpu-specs/athlon-x2-5050e.c490;Brisbane;2 ;2.6 GHz;Socket AM2;65 nm;N/A;45 W;Oct 21st, 2008;AMD
Sempron X2 2100;/cpu-specs/sempron-x2-2100.c569;Brisbane;2 ;1800 MHz;Socket AM2;65 nm;N/A;65 W;Mar 1st, 2008;AMD
Sempron X2 2100;/cpu-specs/sempron-x2-2100.c1217;Brisbane;2 ;1800 MHz;Socket AM2;65 nm;N/A;65 W;Mar 1st, 2008;AMD
Sempron X2 2200;/cpu-specs/sempron-x2-2200.c570;Brisbane;2 ;2000 MHz;Socket AM2;65 nm;N/A;65 W;Mar 1st, 2008;AMD
Sempron X2 2300;/cpu-specs/sempron-x2-2300.c571;Brisbane;2 ;2.2 GHz;Socket AM2;65 nm;N/A;65 W;Mar 1st, 2008;AMD
Athlon X2 6500 BE;/cpu-specs/athlon-x2-6500-be.c877;Kuma;2 ;2.3 GHz;Socket AM2+;65 nm;2 MB;95 W;Sep 8th, 2008;AMD
Athlon X2 7450;/cpu-specs/athlon-x2-7450.c592;Kuma;2 ;2.4 GHz;Socket AM2+;65 nm;2 MB;95 W;Dec 15th, 2008;AMD
Athlon X2 7550;/cpu-specs/athlon-x2-7550.c593;Kuma;2 ;2.5 GHz;Socket AM2+;65 nm;2 MB;95 W;Dec 15th, 2008;AMD
Athlon X2 7750 BE;/cpu-specs/athlon-x2-7750-be.c594;Kuma;2 ;2.7 GHz;Socket AM2+;65 nm;2 MB;95 W;Dec 15th, 2008;AMD
Athlon X2 QL-60;/cpu-specs/athlon-x2-ql-60.c637;Griffin;2 ;1900 MHz;Socket S1;65 nm;N/A;35 W;Jun 1st, 2008;AMD
Athlon X2 QL-62;/cpu-specs/athlon-x2-ql-62.c638;Griffin;2 ;2000 MHz;Socket S1;65 nm;N/A;25 W;Sep 1st, 2008;AMD
Athlon X2 QL-64;/cpu-specs/athlon-x2-ql-64.c639;Griffin;2 ;2.1 GHz;Socket S1;65 nm;N/A;35 W;Dec 1st, 2008;AMD
Athlon X2 QL-65;/cpu-specs/athlon-x2-ql-65.c640;Griffin;2 ;2.1 GHz;Socket S1;65 nm;N/A;35 W;Dec 1st, 2008;AMD
Athlon X2 QL-67;/cpu-specs/athlon-x2-ql-67.c641;Griffin;2 ;2.2 GHz;Socket S1;65 nm;N/A;35 W;Dec 1st, 2008;AMD
Phenom X3 8250e;/cpu-specs/phenom-x3-8250e.c506;Toliman;3 ;1900 MHz;Socket AM2+;65 nm;2 MB;65 W;Sep 8th, 2008;AMD
Phenom X3 8400;/cpu-specs/phenom-x3-8400.c507;Toliman;3 ;2.1 GHz;Socket AM2+;65 nm;2 MB;95 W;Mar 27th, 2008;AMD
Phenom X3 8450;/cpu-specs/phenom-x3-8450.c508;Toliman;3 ;2.1 GHz;Socket AM2+;65 nm;2 MB;95 W;Apr 23rd, 2008;AMD
Phenom X3 8450e;/cpu-specs/phenom-x3-8450e.c509;Toliman;3 ;2.1 GHz;Socket AM2+;65 nm;2 MB;65 W;Sep 8th, 2008;AMD
Phenom X3 8550;/cpu-specs/phenom-x3-8550.c875;Toliman;3 ;2.2 GHz;Socket AM2+;65 nm;2 MB;95 W;Apr 23rd, 2008;AMD
Phenom X3 8600;/cpu-specs/phenom-x3-8600.c510;Toliman;3 ;2.3 GHz;Socket AM2+;65 nm;2 MB;95 W;Mar 27th, 2008;AMD
Phenom X3 8650;/cpu-specs/phenom-x3-8650.c512;Toliman;3 ;2.3 GHz;Socket AM2+;65 nm;2 MB;95 W;Apr 23rd, 2008;AMD
Phenom X3 8750;/cpu-specs/phenom-x3-8750.c513;Toliman;3 ;2.4 GHz;Socket AM2+;65 nm;2 MB;95 W;Apr 23rd, 2008;AMD
Phenom X3 8750 BE;/cpu-specs/phenom-x3-8750-be.c515;Toliman;3 ;2.4 GHz;Socket AM2+;65 nm;2 MB;95 W;Sep 8th, 2008;AMD
Phenom X3 8850;/cpu-specs/phenom-x3-8850.c876;Toliman;3 ;2.5 GHz;Socket AM2+;65 nm;2 MB;95 W;Oct 21st, 2008;AMD
Phenom X4 9100e;/cpu-specs/phenom-x4-9100e.c492;Agena;4 ;1800 MHz;Socket AM2+;65 nm;2 MB;65 W;Mar 27th, 2008;AMD
Phenom X4 9150e;/cpu-specs/phenom-x4-9150e.c493;Agena;4 ;1800 MHz;Socket AM2+;65 nm;2 MB;65 W;Jul 1st, 2008;AMD
Phenom X4 9350e;/cpu-specs/phenom-x4-9350e.c494;Agena;4 ;2000 MHz;Socket AM2+;65 nm;2 MB;65 W;Jul 1st, 2008;AMD
Phenom X4 9450e;/cpu-specs/phenom-x4-9450e.c597;Agena;4 ;2.1 GHz;Socket AM2+;65 nm;2 MB;65 W;Oct 1st, 2008;AMD
Phenom X4 9550;/cpu-specs/phenom-x4-9550.c496;Agena;4 ;2.2 GHz;Socket AM2+;65 nm;2 MB;95 W;Mar 27th, 2008;AMD
Phenom X4 9600B;/cpu-specs/phenom-x4-9600b.c872;Agena;4 ;2.3 GHz;Socket AM2+;65 nm;2 MB;95 W;Apr 28th, 2008;AMD
Phenom X4 9650;/cpu-specs/phenom-x4-9650.c499;Agena;4 ;2.3 GHz;Socket AM2+;65 nm;2 MB;95 W;Mar 27th, 2008;AMD
Phenom X4 9750 (125W);/cpu-specs/phenom-x4-9750-125w.c501;Agena;4 ;2.4 GHz;Socket AM2+;65 nm;2 MB;125 W;Mar 27th, 2008;AMD
Phenom X4 9750 (95W);/cpu-specs/phenom-x4-9750-95w.c500;Agena;4 ;2.4 GHz;Socket AM2+;65 nm;2 MB;95 W;Mar 27th, 2008;AMD
Phenom X4 9750B;/cpu-specs/phenom-x4-9750b.c873;Agena;4 ;2.4 GHz;Socket AM2+;65 nm;2 MB;95 W;Aug 15th, 2008;AMD
Phenom X4 9850 (125W);/cpu-specs/phenom-x4-9850-125w.c502;Agena;4 ;2.5 GHz;Socket AM2+;65 nm;2 MB;125 W;Jul 1st, 2008;AMD
Phenom X4 9850 (95W);/cpu-specs/phenom-x4-9850-95w.c598;Agena;4 ;2.5 GHz;Socket AM2+;65 nm;2 MB;95 W;Oct 1st, 2008;AMD
Phenom X4 9850 BE;/cpu-specs/phenom-x4-9850-be.c503;Agena;4 ;2.5 GHz;Socket AM2+;65 nm;2 MB;125 W;Mar 27th, 2008;AMD
Phenom X4 9850B;/cpu-specs/phenom-x4-9850b.c874;Agena;4 ;2.5 GHz;Socket AM2+;65 nm;2 MB;95 W;Aug 15th, 2008;AMD
Phenom X4 9950 BE (125W);/cpu-specs/phenom-x4-9950-be-125w.c599;Agena;4 ;2.6 GHz;Socket AM2+;65 nm;2 MB;125 W;Oct 1st, 2008;AMD
Phenom X4 9950 BE (140W);/cpu-specs/phenom-x4-9950-be-140w.c504;Agena;4 ;2.6 GHz;Socket AM2+;65 nm;2 MB;140 W;Mar 27th, 2008;AMD
Turion X2 Ultra ZM-80;/cpu-specs/turion-x2-ultra-zm-80.c630;Griffin;2 ;2.1 GHz;Socket S1;65 nm;N/A;32 W;Jun 1st, 2008;AMD
Turion X2 Ultra ZM-82;/cpu-specs/turion-x2-ultra-zm-82.c631;Griffin;2 ;2.2 GHz;Socket S1;65 nm;N/A;35 W;Jun 1st, 2008;AMD
Turion X2 Ultra ZM-84;/cpu-specs/turion-x2-ultra-zm-84.c632;Griffin;2 ;2.3 GHz;Socket S1;65 nm;N/A;35 W;Sep 1st, 2008;AMD
Turion X2 Ultra ZM-85;/cpu-specs/turion-x2-ultra-zm-85.c633;Griffin;2 ;2.3 GHz;Socket S1;65 nm;N/A;35 W;Sep 1st, 2008;AMD
Turion X2 Ultra ZM-86;/cpu-specs/turion-x2-ultra-zm-86.c634;Griffin;2 ;2.4 GHz;Socket S1;65 nm;N/A;35 W;Jun 1st, 2008;AMD
Turion X2 Ultra ZM-87;/cpu-specs/turion-x2-ultra-zm-87.c635;Griffin;2 ;2.4 GHz;Socket S1;65 nm;N/A;35 W;Jun 1st, 2008;AMD
Turion X2 Ultra ZM-88;/cpu-specs/turion-x2-ultra-zm-88.c636;Griffin;2 ;2.5 GHz;Socket S1;65 nm;N/A;35 W;Dec 1st, 2008;AMD
Turion X2 RM-72;/cpu-specs/turion-x2-rm-72.c626;Griffin;2 ;2.1 GHz;Socket S1;65 nm;N/A;35 W;Sep 1st, 2008;AMD
Turion X2 RM-74;/cpu-specs/turion-x2-rm-74.c627;Griffin;2 ;2.2 GHz;Socket S1;65 nm;N/A;35 W;Dec 1st, 2008;AMD
Turion X2 RM-75;/cpu-specs/turion-x2-rm-75.c628;Griffin;2 ;2.2 GHz;Socket S1;65 nm;N/A;35 W;Dec 1st, 2008;AMD
Turion X2 RM-77;/cpu-specs/turion-x2-rm-77.c629;Griffin;2 ;2.3 GHz;Socket S1;65 nm;N/A;35 W;Dec 1st, 2008;AMD
Opteron 1352 (B2);/cpu-specs/opteron-1352-b2.c3854;Budapest;4 ;2.1 GHz;Socket AM2+;65 nm;2 MB;95 W;Jun 3rd, 2008;AMD
Opteron 1352 (B3);/cpu-specs/opteron-1352-b3.c3396;Budapest;4 ;2.1 GHz;Socket AM2+;65 nm;2 MB;95 W;Jun 3rd, 2008;AMD
Opteron 1354 (B3);/cpu-specs/opteron-1354-b3.c3855;Budapest;4 ;2.2 GHz;Socket AM2+;65 nm;2 MB;95 W;Jun 3rd, 2008;AMD
Opteron 1356 (B3);/cpu-specs/opteron-1356-b3.c3856;Budapest;4 ;2.3 GHz;Socket AM2+;65 nm;2 MB;95 W;Jun 3rd, 2008;AMD
Opteron 2344 HE (B3);/cpu-specs/opteron-2344-he-b3.c3831;Barcelona;4 ;1700 MHz;Socket Fr2;65 nm;2 MB;68 W;Apr 9th, 2008;AMD
Opteron 2346 HE (B3);/cpu-specs/opteron-2346-he-b3.c3833;Barcelona;4 ;1800 MHz;Socket Fr2;65 nm;2 MB;68 W;Apr 9th, 2008;AMD
Opteron 2347 (B3);/cpu-specs/opteron-2347-b3.c3817;Barcelona;4 ;1900 MHz;Socket Fr2;65 nm;2 MB;95 W;Apr 9th, 2008;AMD
Opteron 2347 HE (B3);/cpu-specs/opteron-2347-he-b3.c3835;Barcelona;4 ;1900 MHz;Socket Fr2;65 nm;2 MB;68 W;Apr 9th, 2008;AMD
Opteron 2350 (B3);/cpu-specs/opteron-2350-b3.c3819;Barcelona;4 ;2000 MHz;Socket Fr2;65 nm;2 MB;95 W;Apr 9th, 2008;AMD
Opteron 2350 HE;/cpu-specs/opteron-2350-he.c1195;Barcelona;4 ;2000 MHz;Socket Fr2;65 nm;2 MB;79 W;Oct 1st, 2008;AMD
Opteron 2352;/cpu-specs/opteron-2352.c3820;Barcelona;4 ;2.1 GHz;Socket Fr2;65 nm;2 MB;95 W;Apr 9th, 2008;AMD
Opteron 2352 (B3);/cpu-specs/opteron-2352-b3.c3821;Barcelona;4 ;2.1 GHz;Socket Fr2;65 nm;2 MB;95 W;Apr 9th, 2008;AMD
Opteron 2354;/cpu-specs/opteron-2354.c3822;Barcelona;4 ;2.2 GHz;Socket Fr2;65 nm;2 MB;95 W;Apr 9th, 2008;AMD
Opteron 2354 (B3);/cpu-specs/opteron-2354-b3.c3823;Barcelona;4 ;2.2 GHz;Socket Fr2;65 nm;2 MB;95 W;Apr 9th, 2008;AMD
Opteron 2356;/cpu-specs/opteron-2356.c3824;Barcelona;4 ;2.3 GHz;Socket Fr2;65 nm;2 MB;95 W;Apr 9th, 2008;AMD
Opteron 2356 (B3);/cpu-specs/opteron-2356-b3.c3825;Barcelona;4 ;2.3 GHz;Socket Fr2;65 nm;2 MB;95 W;Apr 9th, 2008;AMD
Opteron 2358 SE;/cpu-specs/opteron-2358-se.c3826;Barcelona;4 ;2.4 GHz;Socket Fr2;65 nm;2 MB;119 W;Jun 9th, 2008;AMD
Opteron 2358 SE (B3);/cpu-specs/opteron-2358-se-b3.c3827;Barcelona;4 ;2.4 GHz;Socket Fr2;65 nm;2 MB;119 W;Apr 9th, 2008;AMD
Opteron 2360 SE;/cpu-specs/opteron-2360-se.c3828;Barcelona;4 ;2.5 GHz;Socket Fr2;65 nm;2 MB;119 W;Jun 9th, 2008;AMD
Opteron 2360 SE (B3);/cpu-specs/opteron-2360-se-b3.c3829;Barcelona;4 ;2.5 GHz;Socket Fr2;65 nm;2 MB;119 W;Apr 9th, 2008;AMD
Opteron 8346 HE (B3);/cpu-specs/opteron-8346-he-b3.c3850;Barcelona;4 ;1800 MHz;Socket Fr2;65 nm;2 MB;68 W;May 1st, 2008;AMD
Opteron 8347 HE (B3);/cpu-specs/opteron-8347-he-b3.c3852;Barcelona;4 ;1900 MHz;Socket Fr2;65 nm;2 MB;68 W;May 1st, 2008;AMD
Opteron 8350 (B3);/cpu-specs/opteron-8350-b3.c3838;Barcelona;4 ;2000 MHz;Socket Fr2;65 nm;2 MB;95 W;Apr 9th, 2008;AMD
Opteron 8350 HE;/cpu-specs/opteron-8350-he.c3853;Barcelona;4 ;2000 MHz;Socket Fr2;65 nm;2 MB;79 W;Oct 1st, 2008;AMD
Opteron 8352;/cpu-specs/opteron-8352.c3839;Barcelona;4 ;2.1 GHz;Socket Fr2;65 nm;2 MB;95 W;Apr 9th, 2008;AMD
Opteron 8352 (B3);/cpu-specs/opteron-8352-b3.c3840;Barcelona;4 ;2.1 GHz;Socket Fr2;65 nm;2 MB;95 W;Apr 9th, 2008;AMD
Opteron 8354;/cpu-specs/opteron-8354.c3841;Barcelona;4 ;2.2 GHz;Socket Fr2;65 nm;2 MB;95 W;Apr 9th, 2008;AMD
Opteron 8354 (B3);/cpu-specs/opteron-8354-b3.c3842;Barcelona;4 ;2.2 GHz;Socket Fr2;65 nm;2 MB;95 W;Apr 9th, 2008;AMD
Opteron 8356;/cpu-specs/opteron-8356.c3843;Barcelona;4 ;2.3 GHz;Socket Fr2;65 nm;2 MB;95 W;Apr 9th, 2008;AMD
Opteron 8356 (B3);/cpu-specs/opteron-8356-b3.c3844;Barcelona;4 ;2.3 GHz;Socket Fr2;65 nm;2 MB;95 W;Apr 9th, 2008;AMD
Opteron 8358 SE;/cpu-specs/opteron-8358-se.c3845;Barcelona;4 ;2.4 GHz;Socket Fr2;65 nm;2 MB;119 W;Jun 9th, 2008;AMD
Opteron 8358 SE (B3);/cpu-specs/opteron-8358-se-b3.c3846;Barcelona;4 ;2.4 GHz;Socket Fr2;65 nm;2 MB;119 W;Apr 9th, 2008;AMD
Opteron 8360 SE;/cpu-specs/opteron-8360-se.c3847;Barcelona;4 ;2.5 GHz;Socket Fr2;65 nm;2 MB;119 W;Jun 9th, 2008;AMD
Opteron 8360 SE (B3);/cpu-specs/opteron-8360-se-b3.c3848;Barcelona;4 ;2.5 GHz;Socket Fr2;65 nm;2 MB;119 W;Apr 9th, 2008;AMD
Atom 230;/cpu-specs/atom-230.c1395;Diamondville;1  / 2;1600 MHz;BGA 437;45 nm;N/A;4 W;Jun 3rd, 2008;Intel
Atom 330;/cpu-specs/atom-330.c1396;Diamondville;2  / 4;1600 MHz;BGA 437;45 nm;N/A;8 W;Jun 3rd, 2008;Intel
Atom N270;/cpu-specs/atom-n270.c1410;Diamondville;1  / 2;1600 MHz;BGA 437;45 nm;N/A;3 W;Jun 3rd, 2008;Intel
Atom N280;/cpu-specs/atom-n280.c1411;Diamondville;1  / 2;1667 MHz;BGA 437;45 nm;N/A;3 W;Jun 3rd, 2008;Intel
Atom Z500;/cpu-specs/atom-z500.c1416;Silverthorne;1 ;800 MHz;BGA 441;45 nm;N/A;1 W;Apr 2nd, 2008;Intel
Atom Z510;/cpu-specs/atom-z510.c1417;Silverthorne;1 ;1100 MHz;BGA 441;45 nm;N/A;2 W;Apr 2nd, 2008;Intel
Atom Z520;/cpu-specs/atom-z520.c1421;Silverthorne;1  / 2;1334 MHz;BGA 441;45 nm;N/A;2 W;Apr 2nd, 2008;Intel
Atom Z530;/cpu-specs/atom-z530.c1423;Silverthorne;1  / 2;1600 MHz;BGA 441;45 nm;N/A;2 W;Apr 2nd, 2008;Intel
Atom Z540;/cpu-specs/atom-z540.c1425;Silverthorne;1  / 2;1867 MHz;BGA 441;45 nm;N/A;2 W;Apr 2nd, 2008;Intel
Celeron 445;/cpu-specs/celeron-445.c840;Conroe-CL;1 ;1866 MHz;Socket 771;65 nm;N/A;65 W;May 1st, 2008;Intel
Celeron 450;/cpu-specs/celeron-450.c845;Conroe-L;1 ;2.2 GHz;Socket 775;65 nm;N/A;35 W;Aug 31st, 2008;Intel
Celeron E1200;/cpu-specs/celeron-e1200.c836;Allendale;2 ;1600 MHz;Socket 775;65 nm;N/A;65 W;Jan 20th, 2008;Intel
Celeron E1400;/cpu-specs/celeron-e1400.c837;Allendale;2 ;2000 MHz;Socket 775;65 nm;N/A;65 W;Apr 20th, 2008;Intel
Celeron E1500;/cpu-specs/celeron-e1500.c838;Allendale;2 ;2.2 GHz;Socket 775;65 nm;N/A;65 W;Nov 30th, 2008;Intel
Core 2 Duo E4700;/cpu-specs/core-2-duo-e4700.c522;Allendale;2 ;2.6 GHz;Socket 775;65 nm;N/A;65 W;Mar 2nd, 2008;Intel
Core 2 Duo E7200;/cpu-specs/core-2-duo-e7200.c517;Wolfdale;2 ;2.533 GHz;Socket 775;45 nm;N/A;65 W;Apr 20th, 2008;Intel
Core 2 Duo E7300;/cpu-specs/core-2-duo-e7300.c518;Wolfdale;2 ;2.667 GHz;Socket 775;45 nm;N/A;65 W;Aug 10th, 2008;Intel
Core 2 Duo E7400;/cpu-specs/core-2-duo-e7400.c1532;Wolfdale;2 ;2.8 GHz;Socket 775;45 nm;N/A;65 W;Oct 10th, 2008;Intel
Core 2 Duo E8190;/cpu-specs/core-2-duo-e8190.c622;Wolfdale;2 ;2.667 GHz;Socket 775;45 nm;N/A;65 W;Jan 1st, 2008;Intel
Core 2 Duo E8200;/cpu-specs/core-2-duo-e8200.c468;Wolfdale;2 ;2.667 GHz;Socket 775;45 nm;N/A;65 W;Jan 1st, 2008;Intel
Core 2 Duo E8300;/cpu-specs/core-2-duo-e8300.c1073;Wolfdale;2 ;2.833 GHz;Socket 775;45 nm;N/A;65 W;Apr 1st, 2008;Intel
Core 2 Duo E8400;/cpu-specs/core-2-duo-e8400.c467;Wolfdale;2 ;3 GHz;Socket 775;45 nm;N/A;65 W;Jan 1st, 2008;Intel
Core 2 Duo E8500;/cpu-specs/core-2-duo-e8500.c469;Wolfdale;2 ;3.166 GHz;Socket 775;45 nm;N/A;65 W;Jan 1st, 2008;Intel
Core 2 Duo E8600;/cpu-specs/core-2-duo-e8600.c621;Wolfdale;2 ;3.333 GHz;Socket 775;45 nm;N/A;65 W;Aug 8th, 2008;Intel
Core 2 Duo P8400;/cpu-specs/core-2-duo-p8400.c2717;Penryn;2 ;2.267 GHz;Socket P;45 nm;N/A;25 W;Jun 13th, 2008;Intel
Core 2 Duo P8600;/cpu-specs/core-2-duo-p8600.c2718;Penryn;2 ;2.4 GHz;Socket P;45 nm;N/A;25 W;Jun 13th, 2008;Intel
Core 2 Duo P8700;/cpu-specs/core-2-duo-p8700.c2728;Penryn;2 ;2.533 GHz;Socket P;45 nm;N/A;25 W;Dec 28th, 2008;Intel
Core 2 Duo P8800;/cpu-specs/core-2-duo-p8800.c2729;Penryn;2 ;2.667 GHz;Socket P;45 nm;N/A;25 W;Dec 28th, 2008;Intel
Core 2 Duo P9500;/cpu-specs/core-2-duo-p9500.c2730;Penryn;2 ;2.533 GHz;Socket P;45 nm;N/A;25 W;Jul 15th, 2008;Intel
Core 2 Duo P9600;/cpu-specs/core-2-duo-p9600.c2731;Penryn;2 ;2.667 GHz;Socket P;45 nm;N/A;25 W;Dec 28th, 2008;Intel
Core 2 Duo T8100;/cpu-specs/core-2-duo-t8100.c2733;Penryn;2 ;2.1 GHz;Socket P;45 nm;N/A;35 W;Jan 7th, 2008;Intel
Core 2 Duo T8300;/cpu-specs/core-2-duo-t8300.c2734;Penryn;2 ;2.4 GHz;Socket P;45 nm;N/A;35 W;Jan 7th, 2008;Intel
Core 2 Duo T9300;/cpu-specs/core-2-duo-t9300.c2735;Penryn;2 ;2.5 GHz;Socket P;45 nm;N/A;35 W;Jan 7th, 2008;Intel
Core 2 Duo T9400;/cpu-specs/core-2-duo-t9400.c2736;Penryn;2 ;2.533 GHz;Socket P;45 nm;N/A;35 W;Jul 15th, 2008;Intel
Core 2 Duo T9500;/cpu-specs/core-2-duo-t9500.c2737;Penryn;2 ;2.6 GHz;Socket P;45 nm;N/A;35 W;Jan 7th, 2008;Intel
Core 2 Duo T9550;/cpu-specs/core-2-duo-t9550.c2738;Penryn;2 ;2.667 GHz;Socket P;45 nm;N/A;35 W;Dec 28th, 2008;Intel
Core 2 Duo T9600;/cpu-specs/core-2-duo-t9600.c2739;Penryn;2 ;2.8 GHz;Socket P;45 nm;N/A;35 W;Jul 15th, 2008;Intel
Core 2 Duo T9800;/cpu-specs/core-2-duo-t9800.c2740;Penryn;2 ;2.933 GHz;Socket P;45 nm;N/A;35 W;Dec 28th, 2008;Intel
Core 2 Duo U7500;/cpu-specs/core-2-duo-u7500.c1542;Merom;2 ;1073 MHz;Socket P;65 nm;N/A;10 W;Feb 27th, 2008;Intel
Core 2 Duo U7700;/cpu-specs/core-2-duo-u7700.c1539;Merom;2 ;1333 MHz;Socket P;65 nm;N/A;10 W;Feb 27th, 2008;Intel
Core 2 Extreme QX9300;/cpu-specs/core-2-extreme-qx9300.c1388;Penryn QC XE;4 ;2.534 GHz;Socket P;45 nm;N/A;45 W;Aug 1st, 2008;Intel
Core 2 Extreme QX9770;/cpu-specs/core-2-extreme-qx9770.c531;Yorkfield;4 ;3.2 GHz;Socket 775;45 nm;N/A;136 W;Mar 24th, 2008;Intel
Core 2 Extreme QX9775;/cpu-specs/core-2-extreme-qx9775.c532;Yorkfield;4 ;3.2 GHz;Socket 771;45 nm;N/A;150 W;Mar 24th, 2008;Intel
Core 2 Extreme X9000;/cpu-specs/core-2-extreme-x9000.c2742;Penryn XE;2 ;2.8 GHz;Socket P;45 nm;N/A;44 W;Jan 7th, 2008;Intel
Core 2 Extreme X9100;/cpu-specs/core-2-extreme-x9100.c1386;Penryn XE;2 ;3.067 GHz;Socket P;45 nm;N/A;44 W;Jul 1st, 2008;Intel
Core 2 Quad Q8200;/cpu-specs/core-2-quad-q8200.c524;Yorkfield;4 ;2.333 GHz;Socket 775;45 nm;N/A;95 W;Aug 31st, 2008;Intel
Core 2 Quad Q8300;/cpu-specs/core-2-quad-q8300.c654;Yorkfield;4 ;2.5 GHz;Socket 775;45 nm;N/A;95 W;Nov 30th, 2008;Intel
Core 2 Quad Q9100;/cpu-specs/core-2-quad-q9100.c1387;Penryn QC;4 ;2.267 GHz;Socket P;45 nm;N/A;45 W;Aug 1st, 2008;Intel
Core 2 Quad Q9300;/cpu-specs/core-2-quad-q9300.c525;Yorkfield;4 ;2.5 GHz;Socket 775;45 nm;N/A;95 W;Mar 10th, 2008;Intel
Core 2 Quad Q9400;/cpu-specs/core-2-quad-q9400.c526;Yorkfield;4 ;2.666 GHz;Socket 775;45 nm;N/A;95 W;Aug 10th, 2008;Intel
Core 2 Quad Q9450;/cpu-specs/core-2-quad-q9450.c527;Yorkfield;4 ;2.666 GHz;Socket 775;45 nm;N/A;95 W;Mar 25th, 2008;Intel
Core 2 Quad Q9550;/cpu-specs/core-2-quad-q9550.c528;Yorkfield;4 ;2.833 GHz;Socket 775;45 nm;N/A;95 W;Mar 25th, 2008;Intel
Core 2 Quad Q9650;/cpu-specs/core-2-quad-q9650.c529;Yorkfield;4 ;3 GHz;Socket 775;45 nm;N/A;95 W;Aug 10th, 2008;Intel
Core 2 Solo ULV SU3300;/cpu-specs/core-2-solo-ulv-su3300.c1091;Penryn-L;1 ;1200 MHz;BGA 956;45 nm;N/A;5 W;May 1st, 2008;Intel
Core i7-920;/cpu-specs/core-i7-920.c646;Bloomfield;4  / 8;2.666 to 2.933 GHz;Socket 1366;45 nm;8 MB;130 W;Nov 17th, 2008;Intel
Core i7-940;/cpu-specs/core-i7-940.c645;Bloomfield;4  / 8;2.933 to 3.2 GHz;Socket 1366;45 nm;8 MB;130 W;Nov 17th, 2008;Intel
Core i7-965;/cpu-specs/core-i7-965.c643;Bloomfield;4  / 8;3.2 to 3.466 GHz;Socket 1366;45 nm;8 MB;130 W;Nov 17th, 2008;Intel
Pentium Dual-Core E2220;/cpu-specs/pentium-dual-core-e2220.c848;Allendale;2 ;2.4 GHz;Socket 775;65 nm;N/A;65 W;Mar 2nd, 2008;Intel
Pentium E5200;/cpu-specs/pentium-e5200.c851;Wolfdale;2 ;2.5 GHz;Socket 775;45 nm;N/A;65 W;Aug 31st, 2008;Intel
Pentium E5300;/cpu-specs/pentium-e5300.c852;Wolfdale;2 ;2.6 GHz;Socket 775;45 nm;N/A;65 W;Nov 30th, 2008;Intel
Xeon X5492;/cpu-specs/xeon-x5492.c3240;Harpertown;4 ;3.4 GHz;Socket 771;45 nm;N/A;150 W;Sep 8th, 2008;Intel
Nano L2100;/cpu-specs/nano-l2100.c2808;CNA;1 ;1800 MHz;VIA nanoBGA2;65 nm;N/A;25 W;May 29th, 2008;VIA
Nano L2200;/cpu-specs/nano-l2200.c2809;CNA;1 ;1600 MHz;VIA nanoBGA2;65 nm;N/A;17 W;May 29th, 2008;VIA
Nano U2300;/cpu-specs/nano-u2300.c2813;CNA;1 ;1000 MHz;VIA nanoBGA2;65 nm;N/A;5 W;May 29th, 2008;VIA
Nano U2350;/cpu-specs/nano-u2350.c2812;CNA;1 ;1300 MHz;VIA nanoBGA2;65 nm;N/A;8 W;May 29th, 2008;VIA
Nano U2400;/cpu-specs/nano-u2400.c2810;CNA;1 ;1300 to 1400 MHz;VIA nanoBGA2;65 nm;N/A;8 W;May 29th, 2008;VIA
Nano U2500;/cpu-specs/nano-u2500.c2811;CNA;1 ;1200 MHz;VIA nanoBGA2;65 nm;N/A;7 W;May 29th, 2008;VIA
Athlon 64 3200+;/cpu-specs/athlon-64-3200.c582;Lima;1 ;2000 MHz;Socket AM2;65 nm;N/A;45 W;Feb 20th, 2007;AMD
Athlon 64 3500+;/cpu-specs/athlon-64-3500.c573;Windsor;1 ;2.2 GHz;Socket AM2;90 nm;N/A;62 W;Feb 20th, 2007;AMD
Athlon 64 3500+;/cpu-specs/athlon-64-3500.c583;Lima;1 ;2.2 GHz;Socket AM2;65 nm;N/A;45 W;Feb 20th, 2007;AMD
Athlon 64 3500+ (F3);/cpu-specs/athlon-64-3500-f3.c2155;Orleans;1 ;2.2 GHz;Socket AM2;90 nm;N/A;59 W;Feb 20th, 2007;AMD
Athlon 64 3500+ EE;/cpu-specs/athlon-64-3500-ee.c367;Orleans;1 ;2.2 GHz;Socket AM2;90 nm;N/A;35 W;Feb 20th, 2007;AMD
Athlon 64 3800+;/cpu-specs/athlon-64-3800.c574;Windsor;1 ;2.4 GHz;Socket AM2;90 nm;N/A;62 W;Feb 20th, 2007;AMD
Athlon 64 3800+;/cpu-specs/athlon-64-3800.c584;Lima;1 ;2.4 GHz;Socket AM2;65 nm;N/A;45 W;Feb 20th, 2007;AMD
Athlon 64 3800+ (F3);/cpu-specs/athlon-64-3800-f3.c2156;Orleans;1 ;2.4 GHz;Socket AM2;90 nm;N/A;59 W;Feb 20th, 2007;AMD
Athlon 64 4000+;/cpu-specs/athlon-64-4000.c575;Windsor;1 ;2.6 GHz;Socket AM2;90 nm;N/A;62 W;Feb 20th, 2007;AMD
Athlon 64 4000+ (F3);/cpu-specs/athlon-64-4000-f3.c572;Orleans;1 ;2.6 GHz;Socket AM2;90 nm;N/A;59 W;Feb 20th, 2007;AMD
Athlon 64 LE-1600;/cpu-specs/athlon-64-le-1600.c2157;Orleans;1 ;2.2 GHz;Socket AM2;90 nm;N/A;45 W;Oct 8th, 2007;AMD
Athlon 64 LE-1600;/cpu-specs/athlon-64-le-1600.c576;Windsor;1 ;2.2 GHz;Socket AM2;90 nm;N/A;45 W;Oct 8th, 2007;AMD
Athlon 64 LE-1620;/cpu-specs/athlon-64-le-1620.c577;Windsor;1 ;2.4 GHz;Socket AM2;90 nm;N/A;45 W;Oct 8th, 2007;AMD
Athlon 64 LE-1620;/cpu-specs/athlon-64-le-1620.c2158;Orleans;1 ;2.4 GHz;Socket AM2;90 nm;N/A;45 W;Oct 8th, 2007;AMD
Athlon 64 LE-1640;/cpu-specs/athlon-64-le-1640.c578;Windsor;1 ;2.6 GHz;Socket AM2;90 nm;N/A;45 W;Oct 8th, 2007;AMD
Athlon 64 X2 5000+ BE;/cpu-specs/athlon-64-x2-5000-be.c478;Brisbane;2 ;2.6 GHz;Socket AM2;65 nm;N/A;65 W;Sep 25th, 2007;AMD
Athlon 64 X2 5000+ EE;/cpu-specs/athlon-64-x2-5000-ee.c591;Windsor;2 ;2.6 GHz;Socket AM2;90 nm;N/A;65 W;Feb 1st, 2007;AMD
Athlon 64 X2 5200+;/cpu-specs/athlon-64-x2-5200.c479;Brisbane;2 ;2.7 GHz;Socket AM2;65 nm;N/A;65 W;Oct 8th, 2007;AMD
Athlon 64 X2 6000+;/cpu-specs/athlon-64-x2-6000.c483;Brisbane;2 ;3.1 GHz;Socket AM2;65 nm;N/A;89 W;Aug 20th, 2007;AMD
Athlon 64 X2 6000+;/cpu-specs/athlon-64-x2-6000.c425;Windsor;2 ;3 GHz;Socket AM2;90 nm;N/A;125 W;Feb 20th, 2007;AMD
Athlon 64 X2 6400+ BE;/cpu-specs/athlon-64-x2-6400-be.c477;Windsor;2 ;3.2 GHz;Socket AM2;90 nm;N/A;125 W;Aug 20th, 2007;AMD
Athlon X2 BE-2300;/cpu-specs/athlon-x2-be-2300.c484;Brisbane;2 ;1900 MHz;Socket AM2;65 nm;N/A;45 W;Oct 8th, 2007;AMD
Athlon X2 BE-2350;/cpu-specs/athlon-x2-be-2350.c485;Brisbane;2 ;2.1 GHz;Socket AM2;65 nm;N/A;45 W;Oct 8th, 2007;AMD
Athlon X2 BE-2400;/cpu-specs/athlon-x2-be-2400.c486;Brisbane;2 ;2.3 GHz;Socket AM2;65 nm;N/A;45 W;Oct 8th, 2007;AMD
Opteron 2218 HE;/cpu-specs/opteron-2218-he.c3345;Santa Rosa;2 ;2.6 GHz;Socket F;90 nm;N/A;68 W;Feb 11th, 2007;AMD
Opteron 2220;/cpu-specs/opteron-2220.c3348;Santa Rosa;2 ;2.8 GHz;Socket F;90 nm;N/A;95 W;Feb 7th, 2007;AMD
Opteron 2222;/cpu-specs/opteron-2222.c3351;Santa Rosa;2 ;3 GHz;Socket F;90 nm;N/A;95 W;Aug 5th, 2007;AMD
Opteron 2222 SE;/cpu-specs/opteron-2222-se.c3352;Santa Rosa;2 ;3 GHz;Socket F;90 nm;N/A;119 W;Apr 23rd, 2007;AMD
Opteron 2224 SE;/cpu-specs/opteron-2224-se.c3353;Santa Rosa;2 ;3.2 GHz;Socket F;90 nm;N/A;119 W;Aug 5th, 2007;AMD
Opteron 2344 HE;/cpu-specs/opteron-2344-he.c3830;Barcelona;4 ;1700 MHz;Socket Fr2;65 nm;2 MB;68 W;Sep 10th, 2007;AMD
Opteron 2346 HE;/cpu-specs/opteron-2346-he.c3832;Barcelona;4 ;1800 MHz;Socket Fr2;65 nm;2 MB;68 W;Sep 10th, 2007;AMD
Opteron 2347;/cpu-specs/opteron-2347.c3816;Barcelona;4 ;1900 MHz;Socket Fr2;65 nm;2 MB;95 W;Sep 10th, 2007;AMD
Opteron 2347 HE;/cpu-specs/opteron-2347-he.c3834;Barcelona;4 ;1900 MHz;Socket Fr2;65 nm;2 MB;68 W;Sep 10th, 2007;AMD
Opteron 2350;/cpu-specs/opteron-2350.c3818;Barcelona;4 ;2000 MHz;Socket Fr2;65 nm;2 MB;95 W;Sep 10th, 2007;AMD
Opteron 8218 HE;/cpu-specs/opteron-8218-he.c3394;Santa Rosa;2 ;2.6 GHz;Socket F;90 nm;N/A;68 W;Feb 7th, 2007;AMD
Opteron 8220;/cpu-specs/opteron-8220.c3382;Santa Rosa;2 ;2.8 GHz;Socket F;90 nm;N/A;95 W;Feb 7th, 2007;AMD
Opteron 8222;/cpu-specs/opteron-8222.c3383;Santa Rosa;2 ;3 GHz;Socket F;90 nm;N/A;95 W;Aug 5th, 2007;AMD
Opteron 8222 SE;/cpu-specs/opteron-8222-se.c3386;Santa Rosa;2 ;3 GHz;Socket F;90 nm;N/A;120 W;Apr 23rd, 2007;AMD
Opteron 8224 SE;/cpu-specs/opteron-8224-se.c3387;Santa Rosa;2 ;3.2 GHz;Socket F;90 nm;N/A;120 W;Aug 5th, 2007;AMD
Opteron 8346 HE;/cpu-specs/opteron-8346-he.c3849;Barcelona;4 ;1800 MHz;Socket Fr2;65 nm;2 MB;68 W;Sep 10th, 2007;AMD
Opteron 8347;/cpu-specs/opteron-8347.c3836;Barcelona;4 ;1900 MHz;Socket Fr2;65 nm;2 MB;95 W;Sep 10th, 2007;AMD
Opteron 8347 HE;/cpu-specs/opteron-8347-he.c3851;Barcelona;4 ;1900 MHz;Socket Fr2;65 nm;2 MB;68 W;Sep 10th, 2007;AMD
Opteron 8350;/cpu-specs/opteron-8350.c3837;Barcelona;4 ;2000 MHz;Socket Fr2;65 nm;2 MB;95 W;Sep 10th, 2007;AMD
Phenom X4 9500;/cpu-specs/phenom-x4-9500.c495;Agena;4 ;2.2 GHz;Socket AM2+;65 nm;2 MB;95 W;Nov 19th, 2007;AMD
Phenom X4 9600;/cpu-specs/phenom-x4-9600.c497;Agena;4 ;2.3 GHz;Socket AM2+;65 nm;2 MB;95 W;Nov 19th, 2007;AMD
Phenom X4 9600 BE;/cpu-specs/phenom-x4-9600-be.c498;Agena;4 ;2.3 GHz;Socket AM2+;65 nm;2 MB;95 W;Dec 19th, 2007;AMD
Sempron LE-1100;/cpu-specs/sempron-le-1100.c564;Sparta;1 ;1900 MHz;Socket AM2;65 nm;N/A;45 W;Aug 1st, 2007;AMD
Sempron LE-1150;/cpu-specs/sempron-le-1150.c565;Sparta;1 ;2000 MHz;Socket AM2;65 nm;N/A;45 W;Aug 1st, 2007;AMD
Sempron LE-1200;/cpu-specs/sempron-le-1200.c566;Sparta;1 ;2.1 GHz;Socket AM2;65 nm;N/A;45 W;Aug 1st, 2007;AMD
Sempron LE-1250;/cpu-specs/sempron-le-1250.c567;Sparta;1 ;2.2 GHz;Socket AM2;65 nm;N/A;45 W;Oct 8th, 2007;AMD
Sempron LE-1300;/cpu-specs/sempron-le-1300.c568;Sparta;1 ;2.3 GHz;Socket AM2;65 nm;N/A;45 W;Oct 8th, 2007;AMD
A100;/cpu-specs/a100.c1404;Stealey;1 ;600 MHz;BGA 437;90 nm;N/A;3 W;Jun 1st, 2007;Intel
A110;/cpu-specs/a110.c1405;Stealey;1 ;800 MHz;BGA 437;90 nm;N/A;3 W;Jun 1st, 2007;Intel
Celeron 220;/cpu-specs/celeron-220.c846;Conroe-L;1 ;1200 MHz;Socket 479;65 nm;N/A;19 W;Oct 21st, 2007;Intel
Celeron 420;/cpu-specs/celeron-420.c842;Conroe-L;1 ;1600 MHz;Socket 775;65 nm;N/A;35 W;Jun 3rd, 2007;Intel
Celeron 430;/cpu-specs/celeron-430.c843;Conroe-L;1 ;1800 MHz;Socket 775;65 nm;N/A;35 W;Jun 3rd, 2007;Intel
Celeron 440;/cpu-specs/celeron-440.c844;Conroe-L;1 ;2000 MHz;Socket 775;65 nm;N/A;35 W;Jun 3rd, 2007;Intel
Core 2 Duo E4400;/cpu-specs/core-2-duo-e4400.c519;Allendale;2 ;2000 MHz;Socket 775;65 nm;N/A;65 W;Jul 22nd, 2007;Intel
Core 2 Duo E4500;/cpu-specs/core-2-duo-e4500.c520;Allendale;2 ;2.2 GHz;Socket 775;65 nm;N/A;65 W;Jul 22nd, 2007;Intel
Core 2 Duo E4600;/cpu-specs/core-2-duo-e4600.c521;Allendale;2 ;2.4 GHz;Socket 775;65 nm;N/A;65 W;Oct 21st, 2007;Intel
Core 2 Duo E6320;/cpu-specs/core-2-duo-e6320.c470;Conroe;2 ;1866 MHz;Socket 775;65 nm;N/A;65 W;Apr 1st, 2007;Intel
Core 2 Duo E6420;/cpu-specs/core-2-duo-e6420.c471;Conroe;2 ;2.133 GHz;Socket 775;65 nm;N/A;65 W;Apr 1st, 2007;Intel
Core 2 Duo E6550;/cpu-specs/core-2-duo-e6550.c460;Conroe;2 ;2.333 GHz;Socket 775;65 nm;N/A;65 W;Jul 1st, 2007;Intel
Core 2 Duo E6750;/cpu-specs/core-2-duo-e6750.c459;Conroe;2 ;2.667 GHz;Socket 775;65 nm;N/A;65 W;Jul 1st, 2007;Intel
Core 2 Duo E6850;/cpu-specs/core-2-duo-e6850.c422;Conroe;2 ;3 GHz;Socket 775;65 nm;N/A;75 W;Jul 1st, 2007;Intel
Core 2 Duo T7100;/cpu-specs/core-2-duo-t7100.c1537;Merom;2 ;1800 MHz;Socket P;65 nm;N/A;35 W;May 27th, 2007;Intel
Core 2 Duo T7250;/cpu-specs/core-2-duo-t7250.c1538;Merom;2 ;2000 MHz;Socket P;65 nm;N/A;35 W;Sep 27th, 2007;Intel
Core 2 Duo T7500;/cpu-specs/core-2-duo-t7500.c1533;Merom;2 ;2.2 GHz;Socket P;65 nm;N/A;35 W;May 27th, 2007;Intel
Core 2 Duo T7700;/cpu-specs/core-2-duo-t7700.c1535;Merom;2 ;2.4 GHz;Socket P;65 nm;N/A;35 W;May 27th, 2007;Intel
Core 2 Duo T7800;/cpu-specs/core-2-duo-t7800.c1536;Merom;2 ;2.6 GHz;Socket P;65 nm;N/A;35 W;Sep 27th, 2007;Intel
Core 2 Duo U7500;/cpu-specs/core-2-duo-u7500.c1544;Merom;2 ;1073 MHz;Socket M;65 nm;N/A;10 W;Apr 27th, 2007;Intel
Core 2 Duo U7600;/cpu-specs/core-2-duo-u7600.c1543;Merom;2 ;1200 MHz;Socket M;65 nm;N/A;10 W;Apr 27th, 2007;Intel
Core 2 Duo U7600;/cpu-specs/core-2-duo-u7600.c1541;Merom;2 ;1200 MHz;Socket P;65 nm;N/A;10 W;Apr 27th, 2007;Intel
Core 2 Duo U7700;/cpu-specs/core-2-duo-u7700.c1540;Merom;2 ;1333 MHz;Socket M;65 nm;N/A;10 W;Dec 27th, 2007;Intel
Core 2 Extreme QX6800;/cpu-specs/core-2-extreme-qx6800.c659;Kentsfield;4 ;2.933 GHz;Socket 775;65 nm;N/A;130 W;Apr 9th, 2007;Intel
Core 2 Extreme QX6850;/cpu-specs/core-2-extreme-qx6850.c464;Kentsfield;4 ;3 GHz;Socket 775;65 nm;N/A;130 W;Jul 15th, 2007;Intel
Core 2 Extreme QX9650;/cpu-specs/core-2-extreme-qx9650.c530;Yorkfield;4 ;3 GHz;Socket 775;45 nm;N/A;130 W;Nov 30th, 2007;Intel
Core 2 Extreme X7800;/cpu-specs/core-2-extreme-x7800.c3520;Merom XE;2 ;2.6 GHz;Socket P;65 nm;N/A;44 W;Aug 1st, 2007;Intel
Core 2 Extreme X7900;/cpu-specs/core-2-extreme-x7900.c1385;Merom XE;2 ;2.8 GHz;Socket P;65 nm;N/A;44 W;Aug 22nd, 2007;Intel
Core 2 Quad Q6600 (105W);/cpu-specs/core-2-quad-q6600-105w.c658;Kentsfield;4 ;2.4 GHz;Socket 775;65 nm;N/A;105 W;Jan 7th, 2007;Intel
Core 2 Quad Q6600 (95W);/cpu-specs/core-2-quad-q6600-95w.c403;Kentsfield;4 ;2.4 GHz;Socket 775;65 nm;N/A;95 W;Jul 23rd, 2007;Intel
Core 2 Quad Q6700;/cpu-specs/core-2-quad-q6700.c523;Kentsfield;4 ;2.666 GHz;Socket 775;65 nm;N/A;95 W;Apr 20th, 2007;Intel
Core 2 Solo ULV U2100;/cpu-specs/core-2-solo-ulv-u2100.c1090;Merom-L;1 ;1067 MHz;BGA 956;65 nm;N/A;5 W;Sep 1st, 2007;Intel
Core 2 Solo ULV U2200;/cpu-specs/core-2-solo-ulv-u2200.c1094;Merom-L;1 ;1200 MHz;BGA 956;65 nm;N/A;5 W;Sep 1st, 2007;Intel
Pentium D 935;/cpu-specs/pentium-d-935.c1107;Presler;2 ;3.2 GHz;Socket 775;65 nm;N/A;95 W;Jan 1st, 2007;Intel
Pentium Dual-Core E2140;/cpu-specs/pentium-dual-core-e2140.c472;Allendale;2 ;1600 MHz;Socket 775;65 nm;N/A;65 W;Jun 3rd, 2007;Intel
Pentium Dual-Core E2160;/cpu-specs/pentium-dual-core-e2160.c473;Allendale;2 ;1800 MHz;Socket 775;65 nm;N/A;65 W;Jun 3rd, 2007;Intel
Pentium Dual-Core E2180;/cpu-specs/pentium-dual-core-e2180.c847;Allendale;2 ;2000 MHz;Socket 775;65 nm;N/A;65 W;Aug 26th, 2007;Intel
Pentium Dual-Core E2200;/cpu-specs/pentium-dual-core-e2200.c474;Allendale;2 ;2.2 GHz;Socket 775;65 nm;N/A;65 W;Dec 2nd, 2007;Intel
Xeon L5335;/cpu-specs/xeon-l5335.c3492;Clovertown;4 ;2000 MHz;Socket 771;65 nm;N/A;50 W;Aug 13th, 2007;Intel
Xeon X5365;/cpu-specs/xeon-x5365.c3433;Clovertown;4 ;3 GHz;Socket 771;65 nm;N/A;150 W;Aug 13th, 2007;Intel
Sempron 2800+;/cpu-specs/sempron-2800.c553;Manila;1 ;1600 MHz;Socket AM2;90 nm;N/A;62 W;May 23rd, 2006;AMD
Sempron 3000+;/cpu-specs/sempron-3000.c554;Manila;1 ;1600 MHz;Socket AM2;90 nm;N/A;62 W;May 23rd, 2006;AMD
Sempron 3000+ EE SFF;/cpu-specs/sempron-3000-ee-sff.c563;Manila;1 ;1600 MHz;Socket AM2;90 nm;N/A;35 W;May 23rd, 2006;AMD
Sempron 3200+;/cpu-specs/sempron-3200.c555;Manila;1 ;1800 MHz;Socket AM2;90 nm;N/A;62 W;May 23rd, 2006;AMD
Sempron 3200+ EE SFF;/cpu-specs/sempron-3200-ee-sff.c560;Manila;1 ;1800 MHz;Socket AM2;90 nm;N/A;35 W;May 23rd, 2006;AMD
Sempron 3400+;/cpu-specs/sempron-3400.c557;Manila;1 ;1800 MHz;Socket AM2;90 nm;N/A;62 W;May 23rd, 2006;AMD
Sempron 3400+ EE SFF;/cpu-specs/sempron-3400-ee-sff.c562;Manila;1 ;1800 MHz;Socket AM2;90 nm;N/A;35 W;May 23rd, 2006;AMD
Sempron 3500+;/cpu-specs/sempron-3500.c556;Manila;1 ;2000 MHz;Socket AM2;90 nm;N/A;62 W;May 23rd, 2006;AMD
Sempron 3500+ EE SFF;/cpu-specs/sempron-3500-ee-sff.c561;Manila;1 ;2000 MHz;Socket AM2;90 nm;N/A;35 W;May 23rd, 2006;AMD
Sempron 3600+;/cpu-specs/sempron-3600.c558;Manila;1 ;2000 MHz;Socket AM2;90 nm;N/A;62 W;May 23rd, 2006;AMD
Sempron 3800+;/cpu-specs/sempron-3800.c559;Manila;1 ;2.2 GHz;Socket AM2;90 nm;N/A;62 W;Oct 23rd, 2006;AMD
Sempron 3400+;/cpu-specs/sempron-3400.c168;Albany;1 ;2000 MHz;Socket 754;90 nm;N/A;62 W;Jan 23rd, 2006;AMD
Sempron 3400+;/cpu-specs/sempron-3400.c1167;Roma;1 ;2000 MHz;Socket 754;90 nm;N/A;25 W;May 17th, 2006;AMD
Sempron 3600+;/cpu-specs/sempron-3600.c167;Albany;1 ;2.2 GHz;Socket 754;90 nm;N/A;62 W;May 17th, 2006;AMD
Athlon 64 3000+;/cpu-specs/athlon-64-3000.c366;Orleans;1 ;1800 MHz;Socket AM2;90 nm;N/A;62 W;May 23rd, 2006;AMD
Athlon 64 3200+;/cpu-specs/athlon-64-3200.c365;Orleans;1 ;2000 MHz;Socket AM2;90 nm;N/A;62 W;May 23rd, 2006;AMD
Athlon 64 3500+;/cpu-specs/athlon-64-3500.c364;Orleans;1 ;2.2 GHz;Socket AM2;90 nm;N/A;62 W;May 23rd, 2006;AMD
Athlon 64 3800+;/cpu-specs/athlon-64-3800.c363;Orleans;1 ;2.4 GHz;Socket AM2;90 nm;N/A;62 W;May 23rd, 2006;AMD
Athlon 64 FX-60;/cpu-specs/athlon-64-fx-60.c330;Toledo;2 ;2.6 GHz;Socket 939;90 nm;N/A;110 W;Jan 9th, 2006;AMD
Athlon 64 FX-62;/cpu-specs/athlon-64-fx-62.c346;Windsor;2 ;2.8 GHz;Socket AM2;90 nm;N/A;125 W;May 23rd, 2006;AMD
Athlon 64 FX-70;/cpu-specs/athlon-64-fx-70.c405;Windsor;2 ;2.6 GHz;Socket F;90 nm;N/A;125 W;Nov 30th, 2006;AMD
Athlon 64 FX-72;/cpu-specs/athlon-64-fx-72.c406;Windsor;2 ;2.8 GHz;Socket F;90 nm;N/A;125 W;Nov 30th, 2006;AMD
Athlon 64 FX-74;/cpu-specs/athlon-64-fx-74.c407;Windsor;2 ;3 GHz;Socket F;90 nm;N/A;125 W;Nov 30th, 2006;AMD
Athlon 64 FX-76;/cpu-specs/athlon-64-fx-76.c408;Windsor;2 ;3.2 GHz;Socket F;90 nm;N/A;125 W;Never Released;AMD
Athlon 64 X2 3600+;/cpu-specs/athlon-64-x2-3600.c430;Brisbane;2 ;1900 MHz;Socket AM2;65 nm;N/A;65 W;Dec 5th, 2006;AMD
Athlon 64 X2 3600+ EE;/cpu-specs/athlon-64-x2-3600-ee.c361;Windsor;2 ;2000 MHz;Socket AM2;90 nm;N/A;65 W;Aug 1st, 2006;AMD
Athlon 64 X2 3800+;/cpu-specs/athlon-64-x2-3800.c353;Windsor;2 ;2000 MHz;Socket AM2;90 nm;N/A;89 W;May 23rd, 2006;AMD
Athlon 64 X2 3800+ EE;/cpu-specs/athlon-64-x2-3800-ee.c360;Windsor;2 ;2000 MHz;Socket AM2;90 nm;N/A;65 W;May 23rd, 2006;AMD
Athlon 64 X2 3800+ EE SFF;/cpu-specs/athlon-64-x2-3800-ee-sff.c362;Windsor;2 ;2000 MHz;Socket AM2;90 nm;N/A;35 W;May 23rd, 2006;AMD
Athlon 64 X2 4000+;/cpu-specs/athlon-64-x2-4000.c429;Brisbane;2 ;2.1 GHz;Socket AM2;65 nm;N/A;65 W;Dec 5th, 2006;AMD
Athlon 64 X2 4000+;/cpu-specs/athlon-64-x2-4000.c352;Windsor;2 ;2000 MHz;Socket AM2;90 nm;N/A;89 W;May 23rd, 2006;AMD
Athlon 64 X2 4000+ EE;/cpu-specs/athlon-64-x2-4000-ee.c359;Windsor;2 ;2000 MHz;Socket AM2;90 nm;N/A;65 W;May 23rd, 2006;AMD
Athlon 64 X2 4200+;/cpu-specs/athlon-64-x2-4200.c328;Manchester;2 ;2.2 GHz;Socket 939;90 nm;N/A;89 W;May 23rd, 2006;AMD
Athlon 64 X2 4200+;/cpu-specs/athlon-64-x2-4200.c351;Windsor;2 ;2.2 GHz;Socket AM2;90 nm;N/A;89 W;May 23rd, 2006;AMD
Athlon 64 X2 4200+;/cpu-specs/athlon-64-x2-4200.c475;Brisbane;2 ;2.2 GHz;Socket AM2;65 nm;N/A;65 W;Dec 1st, 2006;AMD
Athlon 64 X2 4200+ EE;/cpu-specs/athlon-64-x2-4200-ee.c358;Windsor;2 ;2.2 GHz;Socket AM2;90 nm;N/A;65 W;May 23rd, 2006;AMD
Athlon 64 X2 4400+;/cpu-specs/athlon-64-x2-4400.c350;Windsor;2 ;2.2 GHz;Socket AM2;90 nm;N/A;89 W;May 23rd, 2006;AMD
Athlon 64 X2 4400+;/cpu-specs/athlon-64-x2-4400.c428;Brisbane;2 ;2.3 GHz;Socket AM2;65 nm;N/A;65 W;Dec 5th, 2006;AMD
Athlon 64 X2 4400+ EE;/cpu-specs/athlon-64-x2-4400-ee.c357;Windsor;2 ;2.2 GHz;Socket AM2;90 nm;N/A;65 W;May 23rd, 2006;AMD
Athlon 64 X2 4600+;/cpu-specs/athlon-64-x2-4600.c349;Windsor;2 ;2.4 GHz;Socket AM2;90 nm;N/A;89 W;May 23rd, 2006;AMD
Athlon 64 X2 4600+ EE;/cpu-specs/athlon-64-x2-4600-ee.c356;Windsor;2 ;2.4 GHz;Socket AM2;90 nm;N/A;65 W;May 23rd, 2006;AMD
Athlon 64 X2 4800+;/cpu-specs/athlon-64-x2-4800.c348;Windsor;2 ;2.4 GHz;Socket AM2;90 nm;N/A;89 W;May 23rd, 2006;AMD
Athlon 64 X2 4800+;/cpu-specs/athlon-64-x2-4800.c427;Brisbane;2 ;2.5 GHz;Socket AM2;65 nm;N/A;65 W;Dec 5th, 2006;AMD
Athlon 64 X2 4800+ EE;/cpu-specs/athlon-64-x2-4800-ee.c354;Windsor;2 ;2.4 GHz;Socket AM2;90 nm;N/A;65 W;May 23rd, 2006;AMD
Athlon 64 X2 5000+;/cpu-specs/athlon-64-x2-5000.c347;Windsor;2 ;2.6 GHz;Socket AM2;90 nm;N/A;89 W;May 23rd, 2006;AMD
Athlon 64 X2 5000+;/cpu-specs/athlon-64-x2-5000.c426;Brisbane;2 ;2.6 GHz;Socket AM2;65 nm;N/A;65 W;Dec 5th, 2006;AMD
Athlon 64 X2 5000+ EE;/cpu-specs/athlon-64-x2-5000-ee.c587;Windsor;2 ;2.6 GHz;Socket AM2;90 nm;N/A;65 W;Sep 6th, 2006;AMD
Athlon 64 X2 5200+;/cpu-specs/athlon-64-x2-5200.c462;Windsor;2 ;2.6 GHz;Socket AM2;90 nm;N/A;89 W;Sep 6th, 2006;AMD
Athlon 64 X2 5200+ EE;/cpu-specs/athlon-64-x2-5200-ee.c401;Windsor;2 ;2.6 GHz;Socket AM2;90 nm;N/A;65 W;Sep 6th, 2006;AMD
Athlon 64 X2 5400+;/cpu-specs/athlon-64-x2-5400.c423;Windsor;2 ;2.8 GHz;Socket AM2;90 nm;N/A;89 W;Dec 12th, 2006;AMD
Athlon 64 X2 5600+;/cpu-specs/athlon-64-x2-5600.c424;Windsor;2 ;2.8 GHz;Socket AM2;90 nm;N/A;89 W;Dec 12th, 2006;AMD
Turion 64 ML-44;/cpu-specs/turion-64-ml-44.c1164;Lancaster;1 ;2.4 GHz;Socket 754;90 nm;N/A;35 W;Jan 4th, 2006;AMD
Turion X2 RM-70;/cpu-specs/turion-x2-rm-70.c625;Griffin;2 ;2000 MHz;Socket S1;65 nm;N/A;31 W;Jun 1st, 2006;AMD
Opteron 1210 EE;/cpu-specs/opteron-1210-ee.c3354;Santa Ana;2 ;1800 MHz;Socket F;90 nm;N/A;45 W;Aug 15th, 2006;AMD
Opteron 2210 (F2);/cpu-specs/opteron-2210-f2.c3328;Santa Rosa;2 ;1800 MHz;Socket F;90 nm;N/A;95 W;Aug 15th, 2006;AMD
Opteron 2210 (F3);/cpu-specs/opteron-2210-f3.c3329;Santa Rosa;2 ;1800 MHz;Socket F;90 nm;N/A;95 W;Aug 15th, 2006;AMD
Opteron 2210 EE;/cpu-specs/opteron-2210-ee.c3330;Santa Rosa;2 ;1800 MHz;Socket F;90 nm;N/A;45 W;Aug 15th, 2006;AMD
Opteron 2210 HE (F2);/cpu-specs/opteron-2210-he-f2.c3331;Santa Rosa;2 ;1800 MHz;Socket F;90 nm;N/A;68 W;Aug 15th, 2006;AMD
Opteron 2210 HE (F3);/cpu-specs/opteron-2210-he-f3.c3332;Santa Rosa;2 ;1800 MHz;Socket F;90 nm;N/A;68 W;Aug 15th, 2006;AMD
Opteron 2212 (F2);/cpu-specs/opteron-2212-f2.c3333;Santa Rosa;2 ;2000 MHz;Socket F;90 nm;N/A;95 W;Aug 15th, 2006;AMD
Opteron 2212 (F3);/cpu-specs/opteron-2212-f3.c3334;Santa Rosa;2 ;2000 MHz;Socket F;90 nm;N/A;95 W;Aug 15th, 2006;AMD
Opteron 2212 HE (F2);/cpu-specs/opteron-2212-he-f2.c3335;Santa Rosa;2 ;2000 MHz;Socket F;90 nm;N/A;68 W;Aug 15th, 2006;AMD
Opteron 2212 HE (F3);/cpu-specs/opteron-2212-he-f3.c3336;Santa Rosa;2 ;2000 MHz;Socket F;90 nm;N/A;68 W;Aug 15th, 2006;AMD
Opteron 2214 (F2);/cpu-specs/opteron-2214-f2.c3337;Santa Rosa;2 ;2.2 GHz;Socket F;90 nm;N/A;95 W;Aug 15th, 2006;AMD
Opteron 2214 (F3);/cpu-specs/opteron-2214-f3.c3338;Santa Rosa;2 ;2.2 GHz;Socket F;90 nm;N/A;95 W;Aug 15th, 2006;AMD
Opteron 2214 HE (F2);/cpu-specs/opteron-2214-he-f2.c3339;Santa Rosa;2 ;2.2 GHz;Socket F;90 nm;N/A;68 W;Aug 15th, 2006;AMD
Opteron 2214 HE (F3);/cpu-specs/opteron-2214-he-f3.c3340;Santa Rosa;2 ;2.2 GHz;Socket F;90 nm;N/A;68 W;Aug 15th, 2006;AMD
Opteron 2216 (F2);/cpu-specs/opteron-2216-f2.c3341;Santa Rosa;2 ;2.4 GHz;Socket F;90 nm;N/A;95 W;Aug 15th, 2006;AMD
Opteron 2216 (F3);/cpu-specs/opteron-2216-f3.c3342;Santa Rosa;2 ;2.4 GHz;Socket F;90 nm;N/A;95 W;Aug 15th, 2006;AMD
Opteron 2216 HE (F2);/cpu-specs/opteron-2216-he-f2.c3343;Santa Rosa;2 ;2.4 GHz;Socket F;90 nm;N/A;68 W;Aug 15th, 2006;AMD
Opteron 2216 HE (F3);/cpu-specs/opteron-2216-he-f3.c3344;Santa Rosa;2 ;2.4 GHz;Socket F;90 nm;N/A;68 W;Aug 15th, 2006;AMD
Opteron 2218 (F2);/cpu-specs/opteron-2218-f2.c3346;Santa Rosa;2 ;2.6 GHz;Socket F;90 nm;N/A;95 W;Aug 15th, 2006;AMD
Opteron 2218 (F3);/cpu-specs/opteron-2218-f3.c3347;Santa Rosa;2 ;2.6 GHz;Socket F;90 nm;N/A;95 W;Aug 15th, 2006;AMD
Opteron 2220 SE (F2);/cpu-specs/opteron-2220-se-f2.c3349;Santa Rosa;2 ;2.8 GHz;Socket F;90 nm;N/A;119 W;Aug 15th, 2006;AMD
Opteron 2220 SE (F3);/cpu-specs/opteron-2220-se-f3.c3350;Santa Rosa;2 ;2.8 GHz;Socket F;90 nm;N/A;119 W;Aug 15th, 2006;AMD
Opteron 8210 EE;/cpu-specs/opteron-8210-ee.c3395;Santa Rosa;2 ;1800 MHz;Socket F;90 nm;N/A;45 W;Aug 15th, 2006;AMD
Opteron 8212 (F2);/cpu-specs/opteron-8212-f2.c3374;Santa Rosa;2 ;2000 MHz;Socket F;90 nm;N/A;95 W;Aug 15th, 2006;AMD
Opteron 8212 (F3);/cpu-specs/opteron-8212-f3.c3375;Santa Rosa;2 ;2000 MHz;Socket F;90 nm;N/A;95 W;Aug 15th, 2006;AMD
Opteron 8212 HE (F2);/cpu-specs/opteron-8212-he-f2.c3388;Santa Rosa;2 ;2000 MHz;Socket F;90 nm;N/A;68 W;Aug 15th, 2006;AMD
Opteron 8212 HE (F3);/cpu-specs/opteron-8212-he-f3.c3389;Santa Rosa;2 ;2000 MHz;Socket F;90 nm;N/A;68 W;Aug 15th, 2006;AMD
Opteron 8214 (F2);/cpu-specs/opteron-8214-f2.c3376;Santa Rosa;2 ;2.2 GHz;Socket F;90 nm;N/A;95 W;Aug 15th, 2006;AMD
Opteron 8214 (F3);/cpu-specs/opteron-8214-f3.c3377;Santa Rosa;2 ;2.2 GHz;Socket F;90 nm;N/A;95 W;Aug 15th, 2006;AMD
Opteron 8214 HE (F2);/cpu-specs/opteron-8214-he-f2.c3390;Santa Rosa;2 ;2.2 GHz;Socket F;90 nm;N/A;68 W;Aug 15th, 2006;AMD
Opteron 8214 HE (F3);/cpu-specs/opteron-8214-he-f3.c3391;Santa Rosa;2 ;2.2 GHz;Socket F;90 nm;N/A;68 W;Aug 15th, 2006;AMD
Opteron 8216 (F2);/cpu-specs/opteron-8216-f2.c3378;Santa Rosa;2 ;2.4 GHz;Socket F;90 nm;N/A;95 W;Aug 15th, 2006;AMD
Opteron 8216 (F3);/cpu-specs/opteron-8216-f3.c3379;Santa Rosa;2 ;2.4 GHz;Socket F;90 nm;N/A;95 W;Aug 15th, 2006;AMD
Opteron 8216 HE (F2);/cpu-specs/opteron-8216-he-f2.c3392;Santa Rosa;2 ;2.4 GHz;Socket F;90 nm;N/A;68 W;Aug 15th, 2006;AMD
Opteron 8216 HE (F3);/cpu-specs/opteron-8216-he-f3.c3393;Santa Rosa;2 ;2.4 GHz;Socket F;90 nm;N/A;68 W;Aug 15th, 2006;AMD
Opteron 8218 (F2);/cpu-specs/opteron-8218-f2.c3380;Santa Rosa;2 ;2.6 GHz;Socket F;90 nm;N/A;95 W;Aug 15th, 2006;AMD
Opteron 8218 (F3);/cpu-specs/opteron-8218-f3.c3381;Santa Rosa;2 ;2.6 GHz;Socket F;90 nm;N/A;95 W;Aug 15th, 2006;AMD
Opteron 8220 SE (F2);/cpu-specs/opteron-8220-se-f2.c3384;Santa Rosa;2 ;2.8 GHz;Socket F;90 nm;N/A;120 W;Aug 15th, 2006;AMD
Opteron 8220 SE (F3);/cpu-specs/opteron-8220-se-f3.c3385;Santa Rosa;2 ;2.8 GHz;Socket F;90 nm;N/A;120 W;Aug 15th, 2006;AMD
Opteron 856;/cpu-specs/opteron-856.c1161;Athens;1 ;3 GHz;Socket 940;90 nm;N/A;92 W;Apr 1st, 2006;AMD
Opteron X2 185;/cpu-specs/opteron-x2-185.c461;Denmark;2 ;2.6 GHz;Socket 939;90 nm;N/A;110 W;Mar 6th, 2006;AMD
Opteron X2 275 HE;/cpu-specs/opteron-x2-275-he.c1196;Italy;2 ;2.2 GHz;Socket 940;90 nm;N/A;55 W;Feb 1st, 2006;AMD
Opteron X2 285;/cpu-specs/opteron-x2-285.c1197;Italy;2 ;2.6 GHz;Socket 940;90 nm;N/A;95 W;Mar 6th, 2006;AMD
Opteron X2 290;/cpu-specs/opteron-x2-290.c1198;Italy;2 ;2.8 GHz;Socket 940;90 nm;N/A;95 W;Jan 1st, 2006;AMD
Opteron X2 875 HE;/cpu-specs/opteron-x2-875-he.c1201;Egypt;2 ;2.2 GHz;Socket 940;90 nm;N/A;55 W;Feb 1st, 2006;AMD
Opteron X2 885;/cpu-specs/opteron-x2-885.c1199;Egypt;2 ;2.6 GHz;Socket 940;90 nm;N/A;95 W;Mar 6th, 2006;AMD
Opteron X2 890;/cpu-specs/opteron-x2-890.c1200;Egypt;2 ;2.8 GHz;Socket 940;90 nm;N/A;95 W;Mar 6th, 2006;AMD
Celeron D 352;/cpu-specs/celeron-d-352.c1095;Cedar Mill;1 ;3.2 GHz;Socket 775;65 nm;N/A;84 W;May 28th, 2006;Intel
Core 2 Duo E4300;/cpu-specs/core-2-duo-e4300.c374;Allendale;2 ;1800 MHz;Socket 775;65 nm;N/A;65 W;Jul 27th, 2006;Intel
Core 2 Duo E6300;/cpu-specs/core-2-duo-e6300.c373;Conroe;2 ;1866 MHz;Socket 775;65 nm;N/A;65 W;Jul 27th, 2006;Intel
Core 2 Duo E6400;/cpu-specs/core-2-duo-e6400.c372;Conroe;2 ;2.133 GHz;Socket 775;65 nm;N/A;65 W;Jul 27th, 2006;Intel
Core 2 Duo E6600;/cpu-specs/core-2-duo-e6600.c371;Conroe;2 ;2.4 GHz;Socket 775;65 nm;N/A;65 W;Jul 27th, 2006;Intel
Core 2 Duo E6700;/cpu-specs/core-2-duo-e6700.c370;Conroe;2 ;2.667 GHz;Socket 775;65 nm;N/A;65 W;Jul 27th, 2006;Intel
Core 2 Duo T5200;/cpu-specs/core-2-duo-t5200.c458;Merom;2 ;1600 MHz;Socket 479;65 nm;N/A;35 W;Jul 27th, 2006;Intel
Core 2 Duo T5500;/cpu-specs/core-2-duo-t5500.c379;Merom;2 ;1667 MHz;Socket M;65 nm;N/A;35 W;Jul 27th, 2006;Intel
Core 2 Duo T5600;/cpu-specs/core-2-duo-t5600.c378;Merom;2 ;1833 MHz;Socket 479;65 nm;N/A;35 W;Jul 27th, 2006;Intel
Core 2 Duo T7200;/cpu-specs/core-2-duo-t7200.c376;Merom;2 ;2000 MHz;Socket 479;65 nm;N/A;35 W;Jul 27th, 2006;Intel
Core 2 Duo T7300;/cpu-specs/core-2-duo-t7300.c1507;Merom;2 ;2000 MHz;Socket 479;65 nm;N/A;35 W;Jul 27th, 2006;Intel
Core 2 Duo T7400;/cpu-specs/core-2-duo-t7400.c377;Merom;2 ;2.166 GHz;Socket 479;65 nm;N/A;35 W;Jul 27th, 2006;Intel
Core 2 Duo T7600;/cpu-specs/core-2-duo-t7600.c375;Merom;2 ;2.333 GHz;Socket 479;65 nm;N/A;35 W;Jul 27th, 2006;Intel
Core 2 Duo T7600G;/cpu-specs/core-2-duo-t7600g.c1534;Merom;2 ;2.333 GHz;Socket M;65 nm;N/A;35 W;Dec 27th, 2006;Intel
Core 2 Extreme QX6700;/cpu-specs/core-2-extreme-qx6700.c402;Kentsfield;4 ;2.666 GHz;Socket 775;65 nm;N/A;130 W;Nov 1st, 2006;Intel
Core 2 Extreme X6800;/cpu-specs/core-2-extreme-x6800.c369;Conroe XE;2 ;2.933 GHz;Socket 775;65 nm;N/A;75 W;Jul 27th, 2006;Intel
Core Duo LV L2300;/cpu-specs/core-duo-lv-l2300.c417;Yonah;2 ;1500 MHz;Socket 479;65 nm;N/A;15 W;Jan 5th, 2006;Intel
Core Duo LV L2400;/cpu-specs/core-duo-lv-l2400.c418;Yonah;2 ;1666 MHz;Socket 479;65 nm;N/A;15 W;Jan 5th, 2006;Intel
Core Duo LV L2500;/cpu-specs/core-duo-lv-l2500.c419;Yonah;2 ;1833 MHz;Socket 479;65 nm;N/A;15 W;Sep 3rd, 2006;Intel
Core Duo T2250;/cpu-specs/core-duo-t2250.c410;Yonah;2 ;1733 MHz;Socket 479;65 nm;N/A;31 W;May 1st, 2006;Intel
Core Duo T2300;/cpu-specs/core-duo-t2300.c339;Yonah;2 ;1660 MHz;Socket 479;65 nm;N/A;31 W;Jan 5th, 2006;Intel
Core Duo T2400;/cpu-specs/core-duo-t2400.c340;Yonah;2 ;1826 MHz;Socket 479;65 nm;N/A;31 W;Jan 5th, 2006;Intel
Core Duo T2500;/cpu-specs/core-duo-t2500.c342;Yonah;2 ;1992 MHz;Socket 479;65 nm;N/A;31 W;Jan 5th, 2006;Intel
Core Duo T2600;/cpu-specs/core-duo-t2600.c341;Yonah;2 ;2.166 GHz;Socket 479;65 nm;N/A;31 W;Jan 5th, 2006;Intel
Core Duo T2700;/cpu-specs/core-duo-t2700.c416;Yonah;2 ;2.333 GHz;Socket 479;65 nm;N/A;31 W;Jun 28th, 2006;Intel
Core Duo ULV L2400;/cpu-specs/core-duo-ulv-l2400.c420;Yonah;2 ;1066 MHz;Socket 479;65 nm;N/A;9 W;Sep 3rd, 2006;Intel
Core Duo ULV L2500;/cpu-specs/core-duo-ulv-l2500.c421;Yonah;2 ;1200 MHz;Socket 479;65 nm;N/A;9 W;Jun 28th, 2006;Intel
Core Solo T1200;/cpu-specs/core-solo-t1200.c411;Yonah;1 ;1500 MHz;Socket 479;65 nm;N/A;27 W;Jan 5th, 2006;Intel
Core Solo T1300;/cpu-specs/core-solo-t1300.c338;Yonah;1 ;1660 MHz;Socket 479;65 nm;N/A;27 W;Jan 5th, 2006;Intel
Core Solo T1350;/cpu-specs/core-solo-t1350.c412;Yonah;1 ;1866 MHz;Socket 479;65 nm;N/A;27 W;Jan 5th, 2006;Intel
Core Solo T1400;/cpu-specs/core-solo-t1400.c413;Yonah;1 ;1833 MHz;Socket 479;65 nm;N/A;27 W;Jan 5th, 2006;Intel
Core Solo ULV U1300;/cpu-specs/core-solo-ulv-u1300.c414;Yonah;1 ;1066 MHz;Socket 479;65 nm;N/A;5 W;Apr 19th, 2006;Intel
Core Solo ULV U1400;/cpu-specs/core-solo-ulv-u1400.c415;Yonah;1 ;1200 MHz;Socket 479;65 nm;N/A;5 W;Apr 19th, 2006;Intel
Core Solo ULV U1500;/cpu-specs/core-solo-ulv-u1500.c1934;Yonah;1 ;1333 MHz;Socket 479;65 nm;N/A;5 W;Apr 19th, 2006;Intel
Pentium 4 HT 524;/cpu-specs/pentium-4-ht-524.c456;Prescott;1  / 2;3.06 GHz;Socket 775;90 nm;N/A;84 W;Jul 2006;Intel
Pentium 4 HT 631;/cpu-specs/pentium-4-ht-631.c333;Cedar Mill;1  / 2;3 GHz;Socket 775;65 nm;N/A;86 W;Jan 5th, 2006;Intel
Pentium 4 HT 641;/cpu-specs/pentium-4-ht-641.c334;Cedar Mill;1  / 2;3.2 GHz;Socket 775;65 nm;N/A;86 W;Jan 5th, 2006;Intel
Pentium 4 HT 651;/cpu-specs/pentium-4-ht-651.c335;Cedar Mill;1  / 2;3.4 GHz;Socket 775;65 nm;N/A;86 W;Jan 5th, 2006;Intel
Pentium 4 HT 661;/cpu-specs/pentium-4-ht-661.c336;Cedar Mill;1  / 2;3.6 GHz;Socket 775;65 nm;N/A;86 W;Jan 5th, 2006;Intel
Pentium D 915;/cpu-specs/pentium-d-915.c1109;Presler;2 ;2.8 GHz;Socket 775;65 nm;N/A;95 W;Jul 23rd, 2006;Intel
Pentium D 920;/cpu-specs/pentium-d-920.c327;Presler;2 ;2.8 GHz;Socket 775;65 nm;N/A;95 W;Jan 16th, 2006;Intel
Pentium D 925;/cpu-specs/pentium-d-925.c1108;Presler;2 ;3 GHz;Socket 775;65 nm;N/A;95 W;Oct 1st, 2006;Intel
Pentium D 930;/cpu-specs/pentium-d-930.c326;Presler;2 ;3 GHz;Socket 775;65 nm;N/A;95 W;Jan 16th, 2006;Intel
Pentium D 940;/cpu-specs/pentium-d-940.c325;Presler;2 ;3.2 GHz;Socket 775;65 nm;N/A;130 W;Jan 5th, 2006;Intel
Pentium D 945;/cpu-specs/pentium-d-945.c1106;Presler;2 ;3.4 GHz;Socket 775;65 nm;N/A;95 W;Jul 23rd, 2006;Intel
Pentium D 950;/cpu-specs/pentium-d-950.c324;Presler;2 ;3.4 GHz;Socket 775;65 nm;N/A;130 W;Jan 16th, 2006;Intel
Pentium D 960;/cpu-specs/pentium-d-960.c1110;Presler;2 ;3.6 GHz;Socket 775;65 nm;N/A;130 W;Apr 23rd, 2006;Intel
Pentium Extreme Edition 965;/cpu-specs/pentium-extreme-edition-965.c337;Presler;2  / 4;3.733 GHz;Socket 775;65 nm;N/A;130 W;Mar 26th, 2006;Intel
Xeon 5020;/cpu-specs/xeon-5020.c2779;Dempsey;2  / 4;2.5 GHz;Socket 771;65 nm;N/A;95 W;May 23rd, 2006;Intel
Xeon 5030;/cpu-specs/xeon-5030.c383;Dempsey;2  / 4;2.667 GHz;Socket 771;65 nm;N/A;95 W;May 23rd, 2006;Intel
Xeon 5040;/cpu-specs/xeon-5040.c384;Dempsey;2  / 4;2.83 GHz;Socket 771;65 nm;N/A;95 W;May 23rd, 2006;Intel
Xeon 5050;/cpu-specs/xeon-5050.c382;Dempsey;2  / 4;3 GHz;Socket 771;65 nm;N/A;95 W;May 23rd, 2006;Intel
Xeon 5060;/cpu-specs/xeon-5060.c381;Dempsey;2  / 4;3.2 GHz;Socket 771;65 nm;N/A;130 W;May 23rd, 2006;Intel
Xeon 5063;/cpu-specs/xeon-5063.c385;Dempsey;2  / 4;3.2 GHz;Socket 771;65 nm;N/A;95 W;May 23rd, 2006;Intel
Xeon 5080;/cpu-specs/xeon-5080.c380;Dempsey;2  / 4;3.73 GHz;Socket 771;65 nm;N/A;130 W;May 23rd, 2006;Intel
Xeon 5110;/cpu-specs/xeon-5110.c386;Woodcrest;2 ;1600 MHz;Socket 771;65 nm;N/A;65 W;Jun 26th, 2006;Intel
Xeon 5120;/cpu-specs/xeon-5120.c387;Woodcrest;2 ;1866 MHz;Socket 771;65 nm;N/A;65 W;Jun 26th, 2006;Intel
Xeon 5130;/cpu-specs/xeon-5130.c388;Woodcrest;2 ;2000 MHz;Socket 771;65 nm;N/A;65 W;Jun 26th, 2006;Intel
Xeon 5140;/cpu-specs/xeon-5140.c389;Woodcrest;2 ;2.333 GHz;Socket 771;65 nm;N/A;65 W;Jun 26th, 2006;Intel
Xeon 5148;/cpu-specs/xeon-5148.c392;Woodcrest;2 ;2.333 GHz;Socket 771;65 nm;N/A;40 W;Jun 26th, 2006;Intel
Xeon 5150;/cpu-specs/xeon-5150.c390;Woodcrest;2 ;2.666 GHz;Socket 771;65 nm;N/A;65 W;Jun 26th, 2006;Intel
Xeon 5160;/cpu-specs/xeon-5160.c391;Woodcrest;2 ;3 GHz;Socket 771;65 nm;N/A;80 W;Jun 26th, 2006;Intel
Xeon 7110M;/cpu-specs/xeon-7110m.c393;Tulsa;2  / 4;2.6 GHz;Socket 604;65 nm;4 MB;95 W;Aug 27th, 2006;Intel
Xeon 7110N;/cpu-specs/xeon-7110n.c394;Tulsa;2  / 4;2.5 GHz;Socket 604;65 nm;4 MB;95 W;Aug 27th, 2006;Intel
Xeon 7120M;/cpu-specs/xeon-7120m.c395;Tulsa;2  / 4;3 GHz;Socket 604;65 nm;4 MB;95 W;Aug 27th, 2006;Intel
Xeon 7120N;/cpu-specs/xeon-7120n.c396;Tulsa;2  / 4;3 GHz;Socket 604;65 nm;4 MB;95 W;Aug 27th, 2006;Intel
Xeon 7130M;/cpu-specs/xeon-7130m.c397;Tulsa;2  / 4;3.2 GHz;Socket 604;65 nm;8 MB;150 W;Aug 27th, 2006;Intel
Xeon 7130N;/cpu-specs/xeon-7130n.c398;Tulsa;2  / 4;3.166 GHz;Socket 604;65 nm;8 MB;150 W;Aug 27th, 2006;Intel
Xeon 7140M;/cpu-specs/xeon-7140m.c399;Tulsa;2  / 4;3.4 GHz;Socket 604;65 nm;16 MB;150 W;Aug 27th, 2006;Intel
Xeon 7140N;/cpu-specs/xeon-7140n.c400;Tulsa;2  / 4;3.333 GHz;Socket 604;65 nm;16 MB;150 W;Aug 27th, 2006;Intel
Xeon 7150N;/cpu-specs/xeon-7150n.c2778;Tulsa;2  / 4;3.5 GHz;Socket 604;65 nm;16 MB;150 W;Aug 27th, 2006;Intel
Xeon E5335;/cpu-specs/xeon-e5335.c3491;Clovertown;4 ;2000 MHz;Socket 771;65 nm;N/A;80 W;Nov 14th, 2006;Intel
Xeon E5345;/cpu-specs/xeon-e5345.c3490;Clovertown;4 ;2.333 GHz;Socket 771;65 nm;N/A;80 W;Nov 14th, 2006;Intel
Xeon X5355;/cpu-specs/xeon-x5355.c3489;Clovertown;4 ;2.667 GHz;Socket 771;65 nm;N/A;120 W;Nov 14th, 2006;Intel
Sempron 2500+;/cpu-specs/sempron-2500.c329;Palermo;1 ;1400 MHz;Socket 754;90 nm;N/A;62 W;Jul 7th, 2005;AMD
Sempron 3000+;/cpu-specs/sempron-3000.c1189;Palermo;1 ;1800 MHz;Socket 939;90 nm;N/A;62 W;Oct 1st, 2005;AMD
Sempron 3000+;/cpu-specs/sempron-3000.c69;Palermo;1 ;1800 MHz;Socket 754;90 nm;N/A;62 W;Apr 1st, 2005;AMD
Sempron 3000+;/cpu-specs/sempron-3000.c80;Paris;1 ;1800 MHz;Socket 754;130 nm;N/A;62 W;Feb 15th, 2005;AMD
Sempron 3100+;/cpu-specs/sempron-3100.c68;Palermo;1 ;1800 MHz;Socket 754;90 nm;N/A;62 W;Apr 1st, 2005;AMD
Sempron 3200+;/cpu-specs/sempron-3200.c1188;Palermo;1 ;1800 MHz;Socket 939;90 nm;N/A;62 W;Oct 1st, 2005;AMD
Sempron 3300+;/cpu-specs/sempron-3300.c67;Palermo;1 ;2000 MHz;Socket 754;90 nm;N/A;62 W;Apr 1st, 2005;AMD
Sempron 3400+;/cpu-specs/sempron-3400.c1186;Palermo;1 ;2000 MHz;Socket 939;90 nm;N/A;62 W;Oct 1st, 2005;AMD
Sempron 3400+;/cpu-specs/sempron-3400.c58;Palermo;1 ;2000 MHz;Socket 754;90 nm;N/A;62 W;Aug 1st, 2005;AMD
Sempron 3500+;/cpu-specs/sempron-3500.c1187;Palermo;1 ;2000 MHz;Socket 939;90 nm;N/A;62 W;Oct 1st, 2005;AMD
Sempron 2800+;/cpu-specs/sempron-2800.c1169;Roma;1 ;1600 MHz;Socket 754;90 nm;N/A;25 W;Jul 15th, 2005;AMD
Sempron 3000+;/cpu-specs/sempron-3000.c1166;Albany;1 ;1800 MHz;Socket 754;90 nm;N/A;62 W;Jul 15th, 2005;AMD
Sempron 3000+;/cpu-specs/sempron-3000.c1168;Roma;1 ;1800 MHz;Socket 754;90 nm;N/A;25 W;Jul 15th, 2005;AMD
Sempron 3100+;/cpu-specs/sempron-3100.c170;Albany;1 ;1800 MHz;Socket 754;90 nm;N/A;62 W;Jul 15th, 2005;AMD
Sempron 3100+;/cpu-specs/sempron-3100.c1171;Roma;1 ;1800 MHz;Socket 754;90 nm;N/A;25 W;Jul 15th, 2005;AMD
Sempron 3100+;/cpu-specs/sempron-3100.c535;Georgetown;1 ;1800 MHz;Socket 754;90 nm;N/A;62 W;May 3rd, 2005;AMD
Sempron 3100+;/cpu-specs/sempron-3100.c1193;Sonora;1 ;1800 MHz;Socket 754;90 nm;N/A;25 W;Jan 1st, 2005;AMD
Sempron 3300+;/cpu-specs/sempron-3300.c534;Georgetown;1 ;2000 MHz;Socket 754;90 nm;N/A;62 W;Aug 19th, 2005;AMD
Sempron 3300+;/cpu-specs/sempron-3300.c169;Albany;1 ;2000 MHz;Socket 754;90 nm;N/A;62 W;Jul 15th, 2005;AMD
Sempron 3300+;/cpu-specs/sempron-3300.c1170;Roma;1 ;2000 MHz;Socket 754;90 nm;N/A;25 W;Jul 15th, 2005;AMD
Athlon 64 1500+;/cpu-specs/athlon-64-1500.c543;Venice;1 ;1000 MHz;Socket 754;90 nm;N/A;9 W;Nov 7th, 2005;AMD
Athlon 64 3000+;/cpu-specs/athlon-64-3000.c63;Newark;1 ;1800 MHz;Socket 754;130 nm;N/A;62 W;Apr 14th, 2005;AMD
Athlon 64 3000+;/cpu-specs/athlon-64-3000.c47;Venice;1 ;1800 MHz;Socket 939;90 nm;N/A;67 W;Apr 4th, 2005;AMD
Athlon 64 3200+;/cpu-specs/athlon-64-3200.c44;Venice;1 ;2000 MHz;Socket 939;90 nm;N/A;67 W;Apr 4th, 2005;AMD
Athlon 64 3200+;/cpu-specs/athlon-64-3200.c61;Newark;1 ;2000 MHz;Socket 754;130 nm;N/A;83 W;Apr 14th, 2005;AMD
Athlon 64 3200+;/cpu-specs/athlon-64-3200.c62;Newark;1 ;2000 MHz;Socket 754;130 nm;N/A;62 W;Apr 14th, 2005;AMD
Athlon 64 3200+;/cpu-specs/athlon-64-3200.c549;Manchester;1 ;2000 MHz;Socket 939;90 nm;N/A;67 W;May 31st, 2005;AMD
Athlon 64 3400+;/cpu-specs/athlon-64-3400.c60;Newark;1 ;2.2 GHz;Socket 754;130 nm;N/A;83 W;Apr 14th, 2005;AMD
Athlon 64 3400+;/cpu-specs/athlon-64-3400.c547;Venice;1 ;2.2 GHz;Socket 939;90 nm;N/A;67 W;Apr 4th, 2005;AMD
Athlon 64 3500+;/cpu-specs/athlon-64-3500.c548;San Diego;1 ;2.2 GHz;Socket 939;90 nm;N/A;67 W;May 4th, 2005;AMD
Athlon 64 3500+;/cpu-specs/athlon-64-3500.c550;Manchester;1 ;2.2 GHz;Socket 939;90 nm;N/A;67 W;May 31st, 2005;AMD
Athlon 64 3500+;/cpu-specs/athlon-64-3500.c40;Venice;1 ;2.2 GHz;Socket 939;90 nm;N/A;67 W;Apr 4th, 2005;AMD
Athlon 64 3700+;/cpu-specs/athlon-64-3700.c39;San Diego;1 ;2.2 GHz;Socket 939;90 nm;N/A;89 W;May 4th, 2005;AMD
Athlon 64 3700+;/cpu-specs/athlon-64-3700.c551;Toledo;1 ;2.2 GHz;Socket 939;90 nm;N/A;89 W;May 11th, 2005;AMD
Athlon 64 3700+;/cpu-specs/athlon-64-3700.c59;Newark;1 ;2.4 GHz;Socket 754;130 nm;N/A;83 W;Apr 14th, 2005;AMD
Athlon 64 3800+;/cpu-specs/athlon-64-3800.c38;Venice;1 ;2.4 GHz;Socket 939;90 nm;N/A;89 W;Apr 4th, 2005;AMD
Athlon 64 4000+;/cpu-specs/athlon-64-4000.c36;San Diego;1 ;2.4 GHz;Socket 939;90 nm;N/A;89 W;May 4th, 2005;AMD
Athlon 64 4000+;/cpu-specs/athlon-64-4000.c133;Newark;1 ;2.6 GHz;Socket 754;130 nm;N/A;62 W;Aug 16th, 2005;AMD
Athlon 64 4000+;/cpu-specs/athlon-64-4000.c552;Toledo;1 ;2.4 GHz;Socket 939;90 nm;N/A;89 W;May 31st, 2005;AMD
Athlon 64 FX-57;/cpu-specs/athlon-64-fx-57.c30;San Diego;1 ;2.8 GHz;Socket 939;90 nm;N/A;104 W;Jun 27th, 2005;AMD
Mobile Athlon 64 2700+;/cpu-specs/mobile-athlon-64-2700.c2161;Clawhammer;1 ;1600 MHz;Socket 754;130 nm;N/A;35 W;Aug 1st, 2005;AMD
Mobile Athlon 64 2700+;/cpu-specs/mobile-athlon-64-2700.c2202;Odessa;1 ;1600 MHz;Socket 754;130 nm;N/A;35 W;Aug 1st, 2005;AMD
Mobile Athlon 64 3400+;/cpu-specs/mobile-athlon-64-3400.c2193;Clawhammer;1 ;2.2 GHz;Socket 754;130 nm;N/A;82 W;Aug 1st, 2005;AMD
Mobile Athlon 64 3400+;/cpu-specs/mobile-athlon-64-3400.c2198;Clawhammer;1 ;2.2 GHz;Socket 754;130 nm;N/A;62 W;Aug 1st, 2005;AMD
Mobile Athlon 64 3700+;/cpu-specs/mobile-athlon-64-3700.c2194;Clawhammer;1 ;2.4 GHz;Socket 754;130 nm;N/A;82 W;Aug 1st, 2005;AMD
Athlon 64 X2 3600+;/cpu-specs/athlon-64-x2-3600.c431;Manchester;2 ;2000 MHz;Socket 939;90 nm;N/A;89 W;May 31st, 2005;AMD
Athlon 64 X2 3800+;/cpu-specs/athlon-64-x2-3800.c29;Manchester;2 ;2000 MHz;Socket 939;90 nm;N/A;89 W;Aug 1st, 2005;AMD
Athlon 64 X2 3800+;/cpu-specs/athlon-64-x2-3800.c432;Toledo;2 ;2000 MHz;Socket 939;90 nm;N/A;89 W;Aug 1st, 2005;AMD
Athlon 64 X2 4200+;/cpu-specs/athlon-64-x2-4200.c433;Toledo;2 ;2.2 GHz;Socket 939;90 nm;N/A;89 W;May 31st, 2005;AMD
Athlon 64 X2 4400+;/cpu-specs/athlon-64-x2-4400.c27;Toledo;2 ;2.2 GHz;Socket 939;90 nm;N/A;110 W;May 31st, 2005;AMD
Athlon 64 X2 4600+;/cpu-specs/athlon-64-x2-4600.c26;Manchester;2 ;2.4 GHz;Socket 939;90 nm;N/A;110 W;May 31st, 2005;AMD
Athlon 64 X2 4600+;/cpu-specs/athlon-64-x2-4600.c434;Toledo;2 ;2.4 GHz;Socket 939;90 nm;N/A;110 W;May 31st, 2005;AMD
Athlon 64 X2 4800+;/cpu-specs/athlon-64-x2-4800.c85;Toledo;2 ;2.4 GHz;Socket 939;90 nm;N/A;110 W;May 31st, 2005;AMD
Turion 64 ML-28;/cpu-specs/turion-64-ml-28.c144;Lancaster;1 ;1600 MHz;Socket 754;90 nm;N/A;32 W;Jun 22nd, 2005;AMD
Turion 64 ML-30;/cpu-specs/turion-64-ml-30.c142;Lancaster;1 ;1600 MHz;Socket 754;90 nm;N/A;35 W;Mar 10th, 2005;AMD
Turion 64 ML-32;/cpu-specs/turion-64-ml-32.c140;Lancaster;1 ;1800 MHz;Socket 754;90 nm;N/A;35 W;Mar 10th, 2005;AMD
Turion 64 ML-34;/cpu-specs/turion-64-ml-34.c138;Lancaster;1 ;1800 MHz;Socket 754;90 nm;N/A;35 W;Mar 10th, 2005;AMD
Turion 64 ML-37;/cpu-specs/turion-64-ml-37.c136;Lancaster;1 ;2000 MHz;Socket 754;90 nm;N/A;35 W;Mar 10th, 2005;AMD
Turion 64 ML-40;/cpu-specs/turion-64-ml-40.c134;Lancaster;1 ;2.2 GHz;Socket 754;90 nm;N/A;35 W;Jun 22nd, 2005;AMD
Turion 64 ML-42;/cpu-specs/turion-64-ml-42.c1165;Lancaster;1 ;2.4 GHz;Socket 754;90 nm;N/A;35 W;Oct 4th, 2005;AMD
Turion 64 MT-28;/cpu-specs/turion-64-mt-28.c145;Lancaster;1 ;1600 MHz;Socket 754;90 nm;N/A;22 W;Jun 22nd, 2005;AMD
Turion 64 MT-30;/cpu-specs/turion-64-mt-30.c143;Lancaster;1 ;1600 MHz;Socket 754;90 nm;N/A;22 W;Mar 10th, 2005;AMD
Turion 64 MT-32;/cpu-specs/turion-64-mt-32.c141;Lancaster;1 ;1800 MHz;Socket 754;90 nm;N/A;25 W;Mar 10th, 2005;AMD
Turion 64 MT-34;/cpu-specs/turion-64-mt-34.c139;Lancaster;1 ;1800 MHz;Socket 754;90 nm;N/A;25 W;Mar 10th, 2005;AMD
Turion 64 MT-37;/cpu-specs/turion-64-mt-37.c137;Lancaster;1 ;2000 MHz;Socket 754;90 nm;N/A;25 W;Aug 8th, 2005;AMD
Turion 64 MT-40;/cpu-specs/turion-64-mt-40.c135;Lancaster;1 ;2.2 GHz;Socket 754;90 nm;N/A;25 W;Aug 8th, 2005;AMD
Opteron 144;/cpu-specs/opteron-144.c213;San Diego;1 ;1800 MHz;Socket 939;90 nm;N/A;67 W;Aug 2nd, 2005;AMD
Opteron 144;/cpu-specs/opteron-144.c1151;San Diego;1 ;1800 MHz;Socket 939;90 nm;N/A;85 W;Aug 2nd, 2005;AMD
Opteron 146;/cpu-specs/opteron-146.c1154;Venus;1 ;2000 MHz;Socket 940;90 nm;N/A;67 W;Aug 2nd, 2005;AMD
Opteron 146;/cpu-specs/opteron-146.c212;Venus;1 ;2000 MHz;Socket 939;90 nm;N/A;67 W;Aug 2nd, 2005;AMD
Opteron 146;/cpu-specs/opteron-146.c1152;Venus;1 ;2000 MHz;Socket 939;90 nm;N/A;67 W;Aug 2nd, 2005;AMD
Opteron 148;/cpu-specs/opteron-148.c210;Venus;1 ;2.2 GHz;Socket 939;90 nm;N/A;85 W;Aug 2nd, 2005;AMD
Opteron 148;/cpu-specs/opteron-148.c1153;Venus;1 ;2.2 GHz;Socket 939;90 nm;N/A;85 W;Aug 2nd, 2005;AMD
Opteron 150;/cpu-specs/opteron-150.c1149;Venus;1 ;2.4 GHz;Socket 939;90 nm;N/A;85 W;Aug 2nd, 2005;AMD
Opteron 150;/cpu-specs/opteron-150.c209;Venus;1 ;2.4 GHz;Socket 939;90 nm;N/A;85 W;Aug 2nd, 2005;AMD
Opteron 152;/cpu-specs/opteron-152.c208;Venus;1 ;2.6 GHz;Socket 939;90 nm;N/A;104 W;Aug 2nd, 2005;AMD
Opteron 152;/cpu-specs/opteron-152.c1148;Venus;1 ;2.6 GHz;Socket 939;90 nm;N/A;104 W;Aug 2nd, 2005;AMD
Opteron 154;/cpu-specs/opteron-154.c207;Venus;1 ;2.8 GHz;Socket 939;90 nm;N/A;104 W;Aug 2nd, 2005;AMD
Opteron 156;/cpu-specs/opteron-156.c1150;Venus;1 ;3 GHz;Socket 939;90 nm;N/A;104 W;May 4th, 2005;AMD
Opteron 246 HE;/cpu-specs/opteron-246-he.c1157;Troy;1 ;2000 MHz;Socket 940;90 nm;N/A;55 W;Mar 1st, 2005;AMD
Opteron 248 HE;/cpu-specs/opteron-248-he.c200;Troy;1 ;2.2 GHz;Socket 940;90 nm;N/A;55 W;Mar 1st, 2005;AMD
Opteron 250 HE;/cpu-specs/opteron-250-he.c196;Troy;1 ;2.4 GHz;Socket 940;90 nm;N/A;55 W;Mar 1st, 2005;AMD
Opteron 252;/cpu-specs/opteron-252.c192;Troy;1 ;2.6 GHz;Socket 940;90 nm;N/A;92 W;Feb 14th, 2005;AMD
Opteron 254;/cpu-specs/opteron-254.c190;Troy;1 ;2.8 GHz;Socket 940;90 nm;N/A;92 W;Aug 1st, 2005;AMD
Opteron 846 HE;/cpu-specs/opteron-846-he.c1160;Athens;1 ;2000 MHz;Socket 940;90 nm;N/A;55 W;Mar 1st, 2005;AMD
Opteron 848 HE;/cpu-specs/opteron-848-he.c198;Athens;1 ;2.2 GHz;Socket 940;90 nm;N/A;55 W;Mar 1st, 2005;AMD
Opteron 850 HE;/cpu-specs/opteron-850-he.c194;Athens;1 ;2.4 GHz;Socket 940;90 nm;N/A;55 W;Mar 1st, 2005;AMD
Opteron 852;/cpu-specs/opteron-852.c191;Athens;1 ;2.6 GHz;Socket 940;90 nm;N/A;92 W;Feb 14th, 2005;AMD
Opteron 854;/cpu-specs/opteron-854.c189;Athens;1 ;2.8 GHz;Socket 940;90 nm;N/A;92 W;Aug 1st, 2005;AMD
Opteron X2 165;/cpu-specs/opteron-x2-165.c188;Denmark;2 ;1800 MHz;Socket 939;90 nm;N/A;110 W;Aug 2nd, 2005;AMD
Opteron X2 170;/cpu-specs/opteron-x2-170.c187;Denmark;2 ;2000 MHz;Socket 939;90 nm;N/A;110 W;Aug 2nd, 2005;AMD
Opteron X2 175;/cpu-specs/opteron-x2-175.c186;Denmark;2 ;2.2 GHz;Socket 939;90 nm;N/A;110 W;Aug 2nd, 2005;AMD
Opteron X2 180;/cpu-specs/opteron-x2-180.c185;Denmark;2 ;2.4 GHz;Socket 939;90 nm;N/A;110 W;Sep 26th, 2005;AMD
Opteron X2 260 HE;/cpu-specs/opteron-x2-260-he.c184;Italy;2 ;1600 MHz;Socket 940;90 nm;N/A;55 W;Aug 1st, 2005;AMD
Opteron X2 265;/cpu-specs/opteron-x2-265.c181;Italy;2 ;1800 MHz;Socket 940;90 nm;N/A;95 W;May 31st, 2005;AMD
Opteron X2 265 HE;/cpu-specs/opteron-x2-265-he.c182;Italy;2 ;1800 MHz;Socket 940;90 nm;N/A;55 W;Aug 1st, 2005;AMD
Opteron X2 270;/cpu-specs/opteron-x2-270.c177;Italy;2 ;2000 MHz;Socket 940;90 nm;N/A;95 W;May 31st, 2005;AMD
Opteron X2 270 HE;/cpu-specs/opteron-x2-270-he.c178;Italy;2 ;2000 MHz;Socket 940;90 nm;N/A;55 W;Dec 1st, 2005;AMD
Opteron X2 275;/cpu-specs/opteron-x2-275.c174;Italy;2 ;2.2 GHz;Socket 940;90 nm;N/A;95 W;May 31st, 2005;AMD
Opteron X2 280;/cpu-specs/opteron-x2-280.c172;Italy;2 ;2.4 GHz;Socket 940;90 nm;N/A;95 W;Sep 26th, 2005;AMD
Opteron X2 860 HE;/cpu-specs/opteron-x2-860-he.c183;Egypt;2 ;1600 MHz;Socket 940;90 nm;N/A;55 W;Aug 1st, 2005;AMD
Opteron X2 865;/cpu-specs/opteron-x2-865.c179;Egypt;2 ;1800 MHz;Socket 940;90 nm;N/A;95 W;Sep 26th, 2005;AMD
Opteron X2 865 HE;/cpu-specs/opteron-x2-865-he.c180;Egypt;2 ;1800 MHz;Socket 940;90 nm;N/A;55 W;Aug 1st, 2005;AMD
Opteron X2 870;/cpu-specs/opteron-x2-870.c175;Egypt;2 ;2000 MHz;Socket 940;90 nm;N/A;95 W;Sep 26th, 2005;AMD
Opteron X2 870 HE;/cpu-specs/opteron-x2-870-he.c176;Egypt;2 ;2000 MHz;Socket 940;90 nm;N/A;55 W;Dec 1st, 2005;AMD
Opteron X2 875;/cpu-specs/opteron-x2-875.c173;Egypt;2 ;2.2 GHz;Socket 940;90 nm;N/A;95 W;Sep 26th, 2005;AMD
Opteron X2 880;/cpu-specs/opteron-x2-880.c171;Egypt;2 ;2.4 GHz;Socket 940;90 nm;N/A;95 W;Sep 26th, 2005;AMD
Celeron D 350;/cpu-specs/celeron-d-350.c24;Prescott;1 ;3.2 GHz;Socket 478;90 nm;N/A;84 W;Jun 28th, 2005;Intel
Core Duo T2050;/cpu-specs/core-duo-t2050.c409;Yonah;2 ;1600 MHz;Socket 479;65 nm;N/A;31 W;May 1st, 2005;Intel
Mobile Pentium 4 HT 552;/cpu-specs/mobile-pentium-4-ht-552.c1257;Prescott;1  / 2;3.467 GHz;Socket 478;90 nm;N/A;88 W;Jan 4th, 2005;Intel
Pentium 4 506;/cpu-specs/pentium-4-506.c439;Prescott;1 ;2.66 GHz;Socket 775;90 nm;N/A;84 W;Jun 1st, 2005;Intel
Pentium 4 506;/cpu-specs/pentium-4-506.c438;Prescott;1 ;2.66 GHz;Socket 775;90 nm;N/A;84 W;Jun 1st, 2005;Intel
Pentium 4 506;/cpu-specs/pentium-4-506.c437;Prescott;1 ;2.66 GHz;Socket 775;90 nm;N/A;84 W;Jun 1st, 2005;Intel
Pentium 4 511;/cpu-specs/pentium-4-511.c440;Prescott;1 ;2.8 GHz;Socket 775;90 nm;N/A;84 W;Jan 1st, 2005;Intel
Pentium 4 511;/cpu-specs/pentium-4-511.c441;Prescott;1 ;2.8 GHz;Socket 775;90 nm;N/A;84 W;Jan 1st, 2005;Intel
Pentium 4 511;/cpu-specs/pentium-4-511.c442;Prescott;1 ;2.8 GHz;Socket 775;90 nm;N/A;84 W;Jan 1st, 2005;Intel
Pentium 4 519K;/cpu-specs/pentium-4-519k.c452;Prescott;1 ;3.06 GHz;Socket 775;90 nm;N/A;84 W;Jan 1st, 2005;Intel
Pentium 4 519K;/cpu-specs/pentium-4-519k.c453;Prescott;1 ;3.06 GHz;Socket 775;90 nm;N/A;84 W;Jan 1st, 2005;Intel
Pentium 4 HT 521;/cpu-specs/pentium-4-ht-521.c301;Prescott;1  / 2;2.8 GHz;Socket 775;90 nm;N/A;84 W;Jun 12th, 2005;Intel
Pentium 4 HT 531;/cpu-specs/pentium-4-ht-531.c302;Prescott;1  / 2;3 GHz;Socket 775;90 nm;N/A;84 W;Jun 12th, 2005;Intel
Pentium 4 HT 541;/cpu-specs/pentium-4-ht-541.c303;Prescott;1  / 2;3.2 GHz;Socket 775;90 nm;N/A;84 W;Jun 12th, 2005;Intel
Pentium 4 HT 551;/cpu-specs/pentium-4-ht-551.c304;Prescott;1  / 2;3.4 GHz;Socket 775;90 nm;N/A;115 W;Jun 12th, 2005;Intel
Pentium 4 HT 561;/cpu-specs/pentium-4-ht-561.c305;Prescott;1  / 2;3.6 GHz;Socket 775;90 nm;N/A;115 W;Jun 12th, 2005;Intel
Pentium 4 HT 571;/cpu-specs/pentium-4-ht-571.c15;Prescott;1  / 2;3.8 GHz;Socket 775;90 nm;N/A;115 W;Jun 12th, 2005;Intel
Pentium 4 HT 620;/cpu-specs/pentium-4-ht-620.c1098;Prescott;1  / 2;2.8 GHz;Socket 775;90 nm;N/A;84 W;Feb 20th, 2005;Intel
Pentium 4 HT 630;/cpu-specs/pentium-4-ht-630.c16;Prescott;1  / 2;3 GHz;Socket 775;90 nm;N/A;84 W;Feb 20th, 2005;Intel
Pentium 4 HT 640;/cpu-specs/pentium-4-ht-640.c17;Prescott;1  / 2;3.2 GHz;Socket 775;90 nm;N/A;84 W;Feb 20th, 2005;Intel
Pentium 4 HT 650;/cpu-specs/pentium-4-ht-650.c18;Prescott;1  / 2;3.4 GHz;Socket 775;90 nm;N/A;84 W;Feb 20th, 2005;Intel
Pentium 4 HT 660;/cpu-specs/pentium-4-ht-660.c19;Prescott;1  / 2;3.6 GHz;Socket 775;90 nm;N/A;84 W;Feb 20th, 2005;Intel
Pentium 4 HT 662;/cpu-specs/pentium-4-ht-662.c1097;Prescott;1  / 2;3.6 GHz;Socket 775;90 nm;N/A;84 W;Nov 14th, 2005;Intel
Pentium 4 HT 670;/cpu-specs/pentium-4-ht-670.c20;Prescott;1  / 2;3.8 GHz;Socket 775;90 nm;N/A;84 W;May 26th, 2005;Intel
Pentium 4 HT 672;/cpu-specs/pentium-4-ht-672.c1096;Prescott;1  / 2;3.8 GHz;Socket 775;90 nm;N/A;84 W;Nov 14th, 2005;Intel
Pentium 4 HT Extreme Edition 3.73;/cpu-specs/pentium-4-ht-extreme-edition-3-73.c21;Prescott;1  / 2;3.733 GHz;Socket 775;90 nm;N/A;115 W;Feb 21st, 2005;Intel
Pentium D 820;/cpu-specs/pentium-d-820.c1111;Smithfield;2 ;2.8 GHz;Socket 775;90 nm;N/A;130 W;May 26th, 2005;Intel
Pentium D 820;/cpu-specs/pentium-d-820.c317;Smithfield;2 ;2.8 GHz;Socket 775;90 nm;N/A;130 W;May 26th, 2005;Intel
Pentium D 830;/cpu-specs/pentium-d-830.c316;Smithfield;2 ;3 GHz;Socket 775;90 nm;N/A;130 W;May 26th, 2005;Intel
Pentium D 840;/cpu-specs/pentium-d-840.c319;Smithfield;2 ;3.2 GHz;Socket 775;90 nm;N/A;130 W;May 26th, 2005;Intel
Pentium Extreme Edition 840;/cpu-specs/pentium-extreme-edition-840.c315;Smithfield;2  / 4;3.2 GHz;Socket 775;90 nm;N/A;130 W;Apr 18th, 2005;Intel
Pentium Extreme Edition 955;/cpu-specs/pentium-extreme-edition-955.c323;Presler;2  / 4;3.466 GHz;Socket 775;65 nm;N/A;130 W;Dec 27th, 2005;Intel
Pentium M 730;/cpu-specs/pentium-m-730.c151;Dothan;1 ;1600 MHz;Socket 479;90 nm;N/A;27 W;Jan 19th, 2005;Intel
Pentium M 740;/cpu-specs/pentium-m-740.c150;Dothan;1 ;1730 MHz;Socket 479;90 nm;N/A;27 W;Jan 19th, 2005;Intel
Pentium M 750;/cpu-specs/pentium-m-750.c149;Dothan;1 ;1860 MHz;Socket 479;90 nm;N/A;27 W;Jan 19th, 2005;Intel
Pentium M 760;/cpu-specs/pentium-m-760.c148;Dothan;1 ;2000 MHz;Socket 479;90 nm;N/A;27 W;Jan 19th, 2005;Intel
Pentium M 770;/cpu-specs/pentium-m-770.c147;Dothan;1 ;2.13 GHz;Socket 479;90 nm;N/A;27 W;Jan 19th, 2005;Intel
Pentium M 780;/cpu-specs/pentium-m-780.c146;Dothan;1 ;2.26 GHz;Socket 479;90 nm;N/A;27 W;Jul 25th, 2005;Intel
Xeon 2.8;/cpu-specs/xeon-2-8.c230;Paxville;2 ;2.8 GHz;Socket 604;90 nm;N/A;135 W;Oct 10th, 2005;Intel
Xeon 3.0;/cpu-specs/xeon-3-0.c246;Irwindale;1 ;3 GHz;Socket 604;90 nm;N/A;135 W;Feb 14th, 2005;Intel
Xeon 3.2;/cpu-specs/xeon-3-2.c245;Irwindale;1 ;3.2 GHz;Socket 604;90 nm;N/A;135 W;Feb 14th, 2005;Intel
Xeon 3.4;/cpu-specs/xeon-3-4.c244;Irwindale;1 ;3.4 GHz;Socket 604;90 nm;N/A;135 W;Feb 14th, 2005;Intel
Xeon 3.6;/cpu-specs/xeon-3-6.c243;Irwindale;1 ;3.6 GHz;Socket 604;90 nm;N/A;135 W;Feb 14th, 2005;Intel
Xeon MP 2.83;/cpu-specs/xeon-mp-2-83.c237;Potomac;1 ;2.833 GHz;Socket 604;90 nm;8 MB;135 W;Mar 29th, 2005;Intel
Xeon MP 2.83;/cpu-specs/xeon-mp-2-83.c238;Potomac;1 ;2.833 GHz;Socket 604;90 nm;4 MB;129 W;Mar 29th, 2005;Intel
Xeon MP 3.00;/cpu-specs/xeon-mp-3-00.c236;Potomac;1 ;3 GHz;Socket 604;90 nm;4 MB;135 W;Mar 29th, 2005;Intel
Xeon MP 3.00;/cpu-specs/xeon-mp-3-00.c235;Potomac;1 ;3 GHz;Socket 604;90 nm;8 MB;135 W;Mar 29th, 2005;Intel
Xeon MP 3.16;/cpu-specs/xeon-mp-3-16.c242;Cranford;1 ;3.167 GHz;Socket 604;90 nm;N/A;135 W;Mar 29th, 2005;Intel
Xeon MP 3.16;/cpu-specs/xeon-mp-3-16.c232;Potomac;1 ;3.167 GHz;Socket 604;90 nm;8 MB;135 W;Mar 29th, 2005;Intel
Xeon MP 3.16;/cpu-specs/xeon-mp-3-16.c234;Potomac;1 ;3.167 GHz;Socket 604;90 nm;4 MB;135 W;Mar 29th, 2005;Intel
Xeon MP 3.33;/cpu-specs/xeon-mp-3-33.c231;Potomac;1 ;3.333 GHz;Socket 604;90 nm;4 MB;135 W;Mar 29th, 2005;Intel
Xeon MP 3.33;/cpu-specs/xeon-mp-3-33.c233;Potomac;1 ;3.333 GHz;Socket 604;90 nm;8 MB;135 W;Mar 29th, 2005;Intel
Xeon MP 3.33;/cpu-specs/xeon-mp-3-33.c241;Cranford;1 ;3.334 GHz;Socket 604;90 nm;N/A;135 W;Mar 29th, 2005;Intel
Xeon MP 3.50;/cpu-specs/xeon-mp-3-50.c240;Cranford;1 ;3.5 GHz;Socket 604;90 nm;N/A;135 W;Mar 29th, 2005;Intel
Xeon MP 3.66;/cpu-specs/xeon-mp-3-66.c239;Cranford;1 ;3.667 GHz;Socket 604;90 nm;N/A;135 W;Mar 29th, 2005;Intel
Xeon MP 7020 Dual-Core;/cpu-specs/xeon-mp-7020-dual-core.c229;Paxville;2 ;2.667 GHz;Socket 604;90 nm;N/A;135 W;Dec 1st, 2005;Intel
Xeon MP 7030 Dual-Core;/cpu-specs/xeon-mp-7030-dual-core.c226;Paxville;2 ;2.8 GHz;Socket 604;90 nm;N/A;135 W;Dec 1st, 2005;Intel
Xeon MP 7030 Dual-Core;/cpu-specs/xeon-mp-7030-dual-core.c228;Paxville;2 ;2.833 GHz;Socket 604;90 nm;N/A;135 W;Dec 1st, 2005;Intel
Xeon MP 7040 Dual-Core;/cpu-specs/xeon-mp-7040-dual-core.c227;Paxville;2 ;3 GHz;Socket 604;90 nm;N/A;135 W;Dec 1st, 2005;Intel
Xeon MP 7041 Dual-Core;/cpu-specs/xeon-mp-7041-dual-core.c225;Paxville;2 ;3 GHz;Socket 604;90 nm;N/A;135 W;Dec 1st, 2005;Intel
Athlon 64 2700+;/cpu-specs/athlon-64-2700.c66;NewCastle;1 ;1600 MHz;Socket 754;130 nm;N/A;32 W;Apr 27th, 2004;AMD
Athlon 64 2800+;/cpu-specs/athlon-64-2800.c65;NewCastle;1 ;1800 MHz;Socket 754;130 nm;N/A;32 W;Apr 27th, 2004;AMD
Athlon 64 2800+;/cpu-specs/athlon-64-2800.c55;NewCastle;1 ;1800 MHz;Socket 754;130 nm;N/A;89 W;Apr 27th, 2004;AMD
Athlon 64 2800+;/cpu-specs/athlon-64-2800.c320;Clawhammer;1 ;1800 MHz;Socket 754;130 nm;N/A;89 W;Apr 27th, 2004;AMD
Athlon 64 3000+;/cpu-specs/athlon-64-3000.c64;NewCastle;1 ;1800 MHz;Socket 754;130 nm;N/A;32 W;Apr 27th, 2004;AMD
Athlon 64 3000+;/cpu-specs/athlon-64-3000.c54;NewCastle;1 ;2000 MHz;Socket 754;130 nm;N/A;89 W;Apr 27th, 2004;AMD
Athlon 64 3000+;/cpu-specs/athlon-64-3000.c545;NewCastle;1 ;1800 MHz;Socket 939;130 nm;N/A;89 W;Apr 27th, 2004;AMD
Athlon 64 3000+;/cpu-specs/athlon-64-3000.c48;Winchester;1 ;1800 MHz;Socket 939;90 nm;N/A;67 W;Oct 14th, 2004;AMD
Athlon 64 3200+;/cpu-specs/athlon-64-3200.c53;NewCastle;1 ;2.2 GHz;Socket 754;130 nm;N/A;89 W;Apr 27th, 2004;AMD
Athlon 64 3200+;/cpu-specs/athlon-64-3200.c45;Winchester;1 ;2000 MHz;Socket 939;90 nm;N/A;67 W;Oct 14th, 2004;AMD
Athlon 64 3200+;/cpu-specs/athlon-64-3200.c46;NewCastle;1 ;2000 MHz;Socket 939;130 nm;N/A;89 W;Apr 27th, 2004;AMD
Athlon 64 3300+;/cpu-specs/athlon-64-3300.c542;NewCastle;1 ;2.4 GHz;Socket 754;130 nm;N/A;89 W;Apr 27th, 2004;AMD
Athlon 64 3400+;/cpu-specs/athlon-64-3400.c50;Clawhammer;1 ;2.2 GHz;Socket 754;130 nm;N/A;89 W;Jan 6th, 2004;AMD
Athlon 64 3400+;/cpu-specs/athlon-64-3400.c51;NewCastle;1 ;2.4 GHz;Socket 754;130 nm;N/A;89 W;Apr 27th, 2004;AMD
Athlon 64 3400+;/cpu-specs/athlon-64-3400.c546;NewCastle;1 ;2.2 GHz;Socket 939;130 nm;N/A;89 W;Apr 27th, 2004;AMD
Athlon 64 3500+;/cpu-specs/athlon-64-3500.c318;Clawhammer;1 ;2.2 GHz;Socket 939;130 nm;N/A;89 W;Jun 1st, 2004;AMD
Athlon 64 3500+;/cpu-specs/athlon-64-3500.c42;Winchester;1 ;2.2 GHz;Socket 939;90 nm;N/A;67 W;Oct 14th, 2004;AMD
Athlon 64 3500+;/cpu-specs/athlon-64-3500.c43;NewCastle;1 ;2.2 GHz;Socket 939;130 nm;N/A;89 W;Jun 1st, 2004;AMD
Athlon 64 3600+;/cpu-specs/athlon-64-3600.c2153;Clawhammer;1 ;2.4 GHz;Socket 754;130 nm;N/A;89 W;Jun 1st, 2004;AMD
Athlon 64 3700+;/cpu-specs/athlon-64-3700.c49;Clawhammer;1 ;2.4 GHz;Socket 754;130 nm;N/A;89 W;Jun 1st, 2004;AMD
Athlon 64 3800+;/cpu-specs/athlon-64-3800.c57;NewCastle;1 ;2.4 GHz;Socket 939;130 nm;N/A;89 W;Jun 1st, 2004;AMD
Athlon 64 3800+;/cpu-specs/athlon-64-3800.c2154;Clawhammer;1 ;2.4 GHz;Socket 939;130 nm;N/A;89 W;Jun 1st, 2004;AMD
Athlon 64 4000+;/cpu-specs/athlon-64-4000.c37;Clawhammer;1 ;2.4 GHz;Socket 939;130 nm;N/A;89 W;Oct 19th, 2004;AMD
Athlon 64 FX-53;/cpu-specs/athlon-64-fx-53.c34;SledgeHammer;1 ;2.4 GHz;Socket 940;130 nm;N/A;89 W;Mar 18th, 2004;AMD
Athlon 64 FX-53;/cpu-specs/athlon-64-fx-53.c33;Clawhammer;1 ;2.4 GHz;Socket 939;130 nm;N/A;89 W;Jun 1st, 2004;AMD
Athlon 64 FX-55;/cpu-specs/athlon-64-fx-55.c32;Clawhammer;1 ;2.6 GHz;Socket 939;130 nm;N/A;104 W;Oct 10th, 2004;AMD
Athlon 64 FX-55;/cpu-specs/athlon-64-fx-55.c31;San Diego;1 ;2.6 GHz;Socket 939;90 nm;N/A;104 W;Oct 10th, 2004;AMD
Athlon XP 2600+ DTR;/cpu-specs/athlon-xp-2600-dtr.c93;Barton;1 ;1917 MHz;Socket A;130 nm;N/A;55 W;Nov 19th, 2004;AMD
Athlon XP 2800+ DTR;/cpu-specs/athlon-xp-2800-dtr.c92;Barton;1 ;2.083 GHz;Socket A;130 nm;N/A;55 W;Dec 29th, 2004;AMD
Athlon XP-M 2200+;/cpu-specs/athlon-xp-m-2200.c2826;Barton;1 ;1667 MHz;Socket 563;130 nm;N/A;27 W;Jul 24th, 2004;AMD
Athlon XP-M 2800+;/cpu-specs/athlon-xp-m-2800.c2825;Barton;1 ;2.133 GHz;Socket A;130 nm;N/A;55 W;Jul 13th, 2004;AMD
Athlon XP-M 2800+ (72W);/cpu-specs/athlon-xp-m-2800-72w.c2824;Barton;1 ;2.133 GHz;Socket A;130 nm;N/A;72 W;Jul 13th, 2004;AMD
Mobile Athlon 64 2700+;/cpu-specs/mobile-athlon-64-2700.c2163;Clawhammer;1 ;1600 MHz;Socket 754;130 nm;N/A;82 W;Aug 1st, 2004;AMD
Mobile Athlon 64 2800+;/cpu-specs/mobile-athlon-64-2800.c2195;Clawhammer;1 ;1800 MHz;Socket 754;130 nm;N/A;62 W;Aug 1st, 2004;AMD
Mobile Athlon 64 2800+;/cpu-specs/mobile-athlon-64-2800.c2201;Odessa;1 ;1800 MHz;Socket 754;130 nm;N/A;35 W;Aug 1st, 2004;AMD
Mobile Athlon 64 2800+;/cpu-specs/mobile-athlon-64-2800.c2199;Odessa;1 ;1800 MHz;Socket 754;130 nm;N/A;82 W;Aug 1st, 2004;AMD
Mobile Athlon 64 3000+;/cpu-specs/mobile-athlon-64-3000.c2200;Odessa;1 ;2000 MHz;Socket 754;130 nm;N/A;35 W;Aug 1st, 2004;AMD
Mobile Athlon 64 3000+;/cpu-specs/mobile-athlon-64-3000.c2196;Clawhammer;1 ;1800 MHz;Socket 754;130 nm;N/A;62 W;Aug 1st, 2004;AMD
Mobile Athlon 64 3200+;/cpu-specs/mobile-athlon-64-3200.c2197;Clawhammer;1 ;2000 MHz;Socket 754;130 nm;N/A;62 W;Aug 1st, 2004;AMD
Opteron 140;/cpu-specs/opteron-140.c1115;SledgeHammer;1 ;1400 MHz;Socket 940;130 nm;N/A;82 W;May 18th, 2004;AMD
Opteron 140 EE;/cpu-specs/opteron-140-ee.c224;SledgeHammer;1 ;1400 MHz;Socket 940;130 nm;N/A;30 W;Feb 14th, 2004;AMD
Opteron 142;/cpu-specs/opteron-142.c1139;SledgeHammer;1 ;1600 MHz;Socket 940;130 nm;N/A;82 W;May 18th, 2004;AMD
Opteron 144;/cpu-specs/opteron-144.c218;SledgeHammer;1 ;1800 MHz;Socket 940;130 nm;N/A;82 W;May 18th, 2004;AMD
Opteron 146 HE;/cpu-specs/opteron-146-he.c1123;SledgeHammer;1 ;2000 MHz;Socket 940;130 nm;N/A;55 W;Feb 14th, 2004;AMD
Opteron 148;/cpu-specs/opteron-148.c1135;SledgeHammer;1 ;2.2 GHz;Socket 940;130 nm;N/A;89 W;May 18th, 2004;AMD
Opteron 148 HE;/cpu-specs/opteron-148-he.c211;Venus;1 ;2.2 GHz;Socket 940;90 nm;N/A;55 W;Dec 1st, 2004;AMD
Opteron 150;/cpu-specs/opteron-150.c214;SledgeHammer;1 ;2.4 GHz;Socket 940;130 nm;N/A;89 W;May 18th, 2004;AMD
Opteron 240;/cpu-specs/opteron-240.c1118;SledgeHammer;1 ;1400 MHz;Socket 940;130 nm;N/A;82 W;May 18th, 2004;AMD
Opteron 240 EE;/cpu-specs/opteron-240-ee.c1122;SledgeHammer;1 ;1400 MHz;Socket 940;130 nm;N/A;30 W;Feb 14th, 2004;AMD
Opteron 242;/cpu-specs/opteron-242.c1136;SledgeHammer;1 ;1600 MHz;Socket 940;130 nm;N/A;82 W;May 18th, 2004;AMD
Opteron 242;/cpu-specs/opteron-242.c206;Troy;1 ;1600 MHz;Socket 940;90 nm;N/A;85 W;Dec 1st, 2004;AMD
Opteron 244;/cpu-specs/opteron-244.c1140;SledgeHammer;1 ;1800 MHz;Socket 940;130 nm;N/A;82 W;May 18th, 2004;AMD
Opteron 244;/cpu-specs/opteron-244.c204;Troy;1 ;1800 MHz;Socket 940;90 nm;N/A;85 W;Dec 1st, 2004;AMD
Opteron 246;/cpu-specs/opteron-246.c202;Troy;1 ;2000 MHz;Socket 940;90 nm;N/A;85 W;Dec 1st, 2004;AMD
Opteron 246;/cpu-specs/opteron-246.c1155;Troy;1 ;2000 MHz;Socket 940;90 nm;N/A;85 W;Dec 1st, 2004;AMD
Opteron 246 HE;/cpu-specs/opteron-246-he.c1124;SledgeHammer;1 ;2000 MHz;Socket 940;130 nm;N/A;55 W;Feb 14th, 2004;AMD
Opteron 248;/cpu-specs/opteron-248.c199;Troy;1 ;2.2 GHz;Socket 940;90 nm;N/A;85 W;Dec 1st, 2004;AMD
Opteron 248;/cpu-specs/opteron-248.c1134;SledgeHammer;1 ;2.2 GHz;Socket 940;130 nm;N/A;89 W;May 18th, 2004;AMD
Opteron 248;/cpu-specs/opteron-248.c1156;Troy;1 ;2.2 GHz;Socket 940;90 nm;N/A;85 W;Dec 1st, 2004;AMD
Opteron 250;/cpu-specs/opteron-250.c1126;SledgeHammer;1 ;2.4 GHz;Socket 940;130 nm;N/A;89 W;May 18th, 2004;AMD
Opteron 250;/cpu-specs/opteron-250.c195;Troy;1 ;2.4 GHz;Socket 940;90 nm;N/A;85 W;Dec 1st, 2004;AMD
Opteron 840;/cpu-specs/opteron-840.c222;SledgeHammer;1 ;1400 MHz;Socket 940;130 nm;N/A;82 W;May 18th, 2004;AMD
Opteron 840 EE;/cpu-specs/opteron-840-ee.c1121;SledgeHammer;1 ;1400 MHz;Socket 940;130 nm;N/A;30 W;May 18th, 2004;AMD
Opteron 842;/cpu-specs/opteron-842.c205;Athens;1 ;1600 MHz;Socket 940;90 nm;N/A;85 W;Dec 1st, 2004;AMD
Opteron 842;/cpu-specs/opteron-842.c1138;SledgeHammer;1 ;1600 MHz;Socket 940;130 nm;N/A;82 W;May 18th, 2004;AMD
Opteron 844;/cpu-specs/opteron-844.c203;Athens;1 ;1800 MHz;Socket 940;90 nm;N/A;85 W;Dec 1st, 2004;AMD
Opteron 844;/cpu-specs/opteron-844.c1141;SledgeHammer;1 ;1800 MHz;Socket 940;130 nm;N/A;82 W;May 18th, 2004;AMD
Opteron 846;/cpu-specs/opteron-846.c201;Athens;1 ;2000 MHz;Socket 940;90 nm;N/A;85 W;Dec 1st, 2004;AMD
Opteron 846;/cpu-specs/opteron-846.c1159;Athens;1 ;2000 MHz;Socket 940;90 nm;N/A;85 W;Dec 1st, 2004;AMD
Opteron 846 HE;/cpu-specs/opteron-846-he.c217;SledgeHammer;1 ;2000 MHz;Socket 940;130 nm;N/A;55 W;May 18th, 2004;AMD
Opteron 848;/cpu-specs/opteron-848.c197;Athens;1 ;2.2 GHz;Socket 940;90 nm;N/A;85 W;Dec 1st, 2004;AMD
Opteron 848;/cpu-specs/opteron-848.c1133;SledgeHammer;1 ;2.2 GHz;Socket 940;130 nm;N/A;89 W;May 18th, 2004;AMD
Opteron 850;/cpu-specs/opteron-850.c1125;SledgeHammer;1 ;2.4 GHz;Socket 940;130 nm;N/A;89 W;May 18th, 2004;AMD
Opteron 850;/cpu-specs/opteron-850.c193;Athens;1 ;2.4 GHz;Socket 940;90 nm;N/A;85 W;Dec 1st, 2004;AMD
Sempron 2200+;/cpu-specs/sempron-2200.c1182;Thoroughbred;1 ;1500 MHz;Socket A;130 nm;N/A;62 W;Jul 28th, 2004;AMD
Sempron 2200+;/cpu-specs/sempron-2200.c1183;Thorton;1 ;1500 MHz;Socket A;130 nm;N/A;62 W;Aug 1st, 2004;AMD
Sempron 2300+;/cpu-specs/sempron-2300.c1181;Thoroughbred;1 ;1583 MHz;Socket A;130 nm;N/A;62 W;Jul 28th, 2004;AMD
Sempron 2400+;/cpu-specs/sempron-2400.c166;Thoroughbred;1 ;1667 MHz;Socket A;130 nm;N/A;62 W;Jul 28th, 2004;AMD
Sempron 2400+;/cpu-specs/sempron-2400.c1184;Thorton;1 ;1667 MHz;Socket A;130 nm;N/A;62 W;Aug 1st, 2004;AMD
Sempron 2500+;/cpu-specs/sempron-2500.c164;Thoroughbred;1 ;1750 MHz;Socket A;130 nm;N/A;62 W;Jul 28th, 2004;AMD
Sempron 2600+;/cpu-specs/sempron-2600.c538;Georgetown;1 ;1600 MHz;Socket 754;90 nm;N/A;62 W;Jul 28th, 2004;AMD
Sempron 2600+;/cpu-specs/sempron-2600.c72;Palermo;1 ;1600 MHz;Socket 754;90 nm;N/A;62 W;Aug 1st, 2004;AMD
Sempron 2600+;/cpu-specs/sempron-2600.c1190;Sonora;1 ;1600 MHz;Socket 754;90 nm;N/A;25 W;Jul 28th, 2004;AMD
Sempron 2600+;/cpu-specs/sempron-2600.c165;Thoroughbred;1 ;1833 MHz;Socket A;130 nm;N/A;62 W;Jul 28th, 2004;AMD
Sempron 2800+;/cpu-specs/sempron-2800.c70;Palermo;1 ;1600 MHz;Socket 754;90 nm;N/A;62 W;Aug 1st, 2004;AMD
Sempron 2800+;/cpu-specs/sempron-2800.c1191;Sonora;1 ;1600 MHz;Socket 754;90 nm;N/A;25 W;Jul 28th, 2004;AMD
Sempron 2800+;/cpu-specs/sempron-2800.c1185;Thorton;1 ;1992 MHz;Socket A;130 nm;N/A;62 W;Aug 1st, 2004;AMD
Sempron 2800+;/cpu-specs/sempron-2800.c163;Thoroughbred;1 ;1992 MHz;Socket A;130 nm;N/A;62 W;Jul 28th, 2004;AMD
Sempron 2800+;/cpu-specs/sempron-2800.c536;Georgetown;1 ;1600 MHz;Socket 754;90 nm;N/A;62 W;Jul 28th, 2004;AMD
Sempron 3000+;/cpu-specs/sempron-3000.c537;Georgetown;1 ;1800 MHz;Socket 754;90 nm;N/A;62 W;Jul 28th, 2004;AMD
Sempron 3000+;/cpu-specs/sempron-3000.c73;Barton;1 ;2000 MHz;Socket A;130 nm;N/A;62 W;Sep 17th, 2004;AMD
Sempron 3000+;/cpu-specs/sempron-3000.c1192;Sonora;1 ;1800 MHz;Socket 754;90 nm;N/A;25 W;Nov 23rd, 2004;AMD
Sempron 3100+;/cpu-specs/sempron-3100.c71;Paris;1 ;1800 MHz;Socket 754;130 nm;N/A;62 W;Jul 28th, 2004;AMD
Celeron D 325;/cpu-specs/celeron-d-325.c23;Prescott;1 ;2.533 GHz;Socket 775;90 nm;N/A;73 W;Jun 24th, 2004;Intel
Celeron D 326;/cpu-specs/celeron-d-326.c332;Prescott;1 ;2.53 GHz;Socket 775;90 nm;N/A;73 W;Sep 22nd, 2004;Intel
Celeron D 330;/cpu-specs/celeron-d-330.c11;Prescott;1 ;2.667 GHz;Socket 775;90 nm;N/A;84 W;Jun 24th, 2004;Intel
Celeron D 335;/cpu-specs/celeron-d-335.c1050;Prescott;1 ;2.8 GHz;Socket 478;90 nm;N/A;84 W;Jun 24th, 2004;Intel
Celeron D 335;/cpu-specs/celeron-d-335.c10;Prescott;1 ;2.8 GHz;Socket 478;90 nm;N/A;84 W;Jun 24th, 2004;Intel
Celeron D 340;/cpu-specs/celeron-d-340.c12;Prescott;1 ;2.93 GHz;Socket 775;90 nm;N/A;84 W;Sep 22nd, 2004;Intel
Celeron D 341;/cpu-specs/celeron-d-341.c331;Prescott;1 ;2.93 GHz;Socket 775;90 nm;N/A;84 W;Sep 22nd, 2004;Intel
Celeron D 346;/cpu-specs/celeron-d-346.c22;Prescott;1 ;3.06 GHz;Socket 775;90 nm;N/A;73 W;Oct 1st, 2004;Intel
Mobile Pentium 4 HT 518;/cpu-specs/mobile-pentium-4-ht-518.c1259;Prescott;1  / 2;2.8 GHz;Socket 478;90 nm;N/A;88 W;Jun 1st, 2004;Intel
Mobile Pentium 4 HT 532;/cpu-specs/mobile-pentium-4-ht-532.c1258;Prescott;1  / 2;3.067 GHz;Socket 478;90 nm;N/A;88 W;Jun 1st, 2004;Intel
Mobile Pentium 4 HT 538;/cpu-specs/mobile-pentium-4-ht-538.c1255;Prescott;1  / 2;3.2 GHz;Socket 478;90 nm;N/A;88 W;Jun 1st, 2004;Intel
Mobile Pentium 4 HT 548;/cpu-specs/mobile-pentium-4-ht-548.c1256;Prescott;1  / 2;3.334 GHz;Socket 478;90 nm;N/A;88 W;Sep 28th, 2004;Intel
Pentium 4 2.40;/cpu-specs/pentium-4-2-40.c322;Prescott;1 ;2.4 GHz;Socket 478;90 nm;N/A;110 W;Mar 1st, 2004;Intel
Pentium 4 505;/cpu-specs/pentium-4-505.c435;Prescott;1 ;2.66 GHz;Socket 775;90 nm;N/A;84 W;Dec 1st, 2004;Intel
Pentium 4 505J;/cpu-specs/pentium-4-505j.c436;Prescott;1 ;2.66 GHz;Socket 775;90 nm;N/A;84 W;Dec 1st, 2004;Intel
Pentium 4 519;/cpu-specs/pentium-4-519.c451;Prescott;1 ;3.06 GHz;Socket 775;90 nm;N/A;84 W;Dec 1st, 2004;Intel
Pentium 4 HT 2.8E;/cpu-specs/pentium-4-ht-2-8e.c268;Prescott;1  / 2;2.8 GHz;Socket 478;90 nm;N/A;115 W;Feb 1st, 2004;Intel
Pentium 4 HT 3.0E;/cpu-specs/pentium-4-ht-3-0e.c266;Prescott;1  / 2;3 GHz;Socket 478;90 nm;N/A;115 W;Feb 1st, 2004;Intel
Pentium 4 HT 3.2E;/cpu-specs/pentium-4-ht-3-2e.c265;Prescott;1  / 2;3.2 GHz;Socket 478;90 nm;N/A;115 W;Feb 1st, 2004;Intel
Pentium 4 HT 3.40;/cpu-specs/pentium-4-ht-3-40.c269;Northwood;1  / 2;3.4 GHz;Socket 478;130 nm;N/A;89 W;Feb 2nd, 2004;Intel
Pentium 4 HT 3.4E;/cpu-specs/pentium-4-ht-3-4e.c264;Prescott;1  / 2;3.4 GHz;Socket 478;90 nm;N/A;115 W;Apr 1st, 2004;Intel
Pentium 4 HT 3.6E;/cpu-specs/pentium-4-ht-3-6e.c267;Prescott;1  / 2;3.6 GHz;Socket 478;90 nm;N/A;115 W;Aug 4th, 2004;Intel
Pentium 4 HT 515;/cpu-specs/pentium-4-ht-515.c446;Prescott;1  / 2;2.933 GHz;Socket 775;90 nm;N/A;84 W;Jun 21st, 2004;Intel
Pentium 4 HT 515;/cpu-specs/pentium-4-ht-515.c445;Prescott;1  / 2;2.933 GHz;Socket 775;90 nm;N/A;84 W;Jun 21st, 2004;Intel
Pentium 4 HT 516;/cpu-specs/pentium-4-ht-516.c448;Prescott;1  / 2;2.933 GHz;Socket 775;90 nm;N/A;84 W;Jun 21st, 2004;Intel
Pentium 4 HT 516;/cpu-specs/pentium-4-ht-516.c447;Prescott;1  / 2;2.933 GHz;Socket 775;90 nm;N/A;84 W;Jun 21st, 2004;Intel
Pentium 4 HT 517;/cpu-specs/pentium-4-ht-517.c449;Prescott;1  / 2;2.933 GHz;Socket 775;90 nm;N/A;84 W;Jun 21st, 2004;Intel
Pentium 4 HT 517;/cpu-specs/pentium-4-ht-517.c450;Prescott;1  / 2;2.933 GHz;Socket 775;90 nm;N/A;84 W;Jun 21st, 2004;Intel
Pentium 4 HT 520;/cpu-specs/pentium-4-ht-520.c444;Prescott;1  / 2;2.8 GHz;Socket 775;90 nm;N/A;84 W;Jun 21st, 2004;Intel
Pentium 4 HT 520;/cpu-specs/pentium-4-ht-520.c454;Prescott;1  / 2;2.933 GHz;Socket 775;90 nm;N/A;84 W;Jun 21st, 2004;Intel
Pentium 4 HT 520;/cpu-specs/pentium-4-ht-520.c7;Prescott;1  / 2;2.8 GHz;Socket 775;90 nm;N/A;84 W;Jun 21st, 2004;Intel
Pentium 4 HT 520;/cpu-specs/pentium-4-ht-520.c443;Prescott;1  / 2;2.8 GHz;Socket 775;90 nm;N/A;84 W;Jun 21st, 2004;Intel
Pentium 4 HT 530;/cpu-specs/pentium-4-ht-530.c6;Prescott;1  / 2;3 GHz;Socket 775;90 nm;N/A;84 W;Jun 21st, 2004;Intel
Pentium 4 HT 540;/cpu-specs/pentium-4-ht-540.c5;Prescott;1  / 2;3.2 GHz;Socket 775;90 nm;N/A;84 W;Jun 21st, 2004;Intel
Pentium 4 HT 550;/cpu-specs/pentium-4-ht-550.c4;Prescott;1  / 2;3.4 GHz;Socket 775;90 nm;N/A;115 W;Jun 21st, 2004;Intel
Pentium 4 HT 560;/cpu-specs/pentium-4-ht-560.c1;Prescott;1  / 2;3.6 GHz;Socket 775;90 nm;N/A;115 W;Jun 21st, 2004;Intel
Pentium 4 HT 570;/cpu-specs/pentium-4-ht-570.c9;Prescott;1  / 2;3.8 GHz;Socket 775;90 nm;N/A;115 W;Jun 21st, 2004;Intel
Pentium 4 HT Extreme Edition 3.40;/cpu-specs/pentium-4-ht-extreme-edition-3-40.c14;Gallatin;1  / 2;3.4 GHz;Socket 478;130 nm;2 MB;103 W;Feb 2nd, 2004;Intel
Pentium 4 HT Extreme Edition 3.40;/cpu-specs/pentium-4-ht-extreme-edition-3-40.c8;Gallatin;1  / 2;3.4 GHz;Socket 775;130 nm;2 MB;103 W;Jun 21st, 2004;Intel
Pentium 4 HT Extreme Edition 3.46;/cpu-specs/pentium-4-ht-extreme-edition-3-46.c13;Gallatin;1  / 2;3.466 GHz;Socket 775;130 nm;2 MB;110 W;Oct 31st, 2004;Intel
Pentium M 715;/cpu-specs/pentium-m-715.c157;Dothan;1 ;1500 MHz;Socket 479;90 nm;N/A;21 W;Jun 23rd, 2004;Intel
Pentium M 725;/cpu-specs/pentium-m-725.c156;Dothan;1 ;1600 MHz;Socket 479;90 nm;N/A;21 W;Jun 23rd, 2004;Intel
Pentium M 735;/cpu-specs/pentium-m-735.c155;Dothan;1 ;1700 MHz;Socket 479;90 nm;N/A;21 W;May 10th, 2004;Intel
Pentium M 745;/cpu-specs/pentium-m-745.c154;Dothan;1 ;1800 MHz;Socket 479;90 nm;N/A;21 W;May 10th, 2004;Intel
Pentium M 755;/cpu-specs/pentium-m-755.c152;Dothan;1 ;2000 MHz;Socket 479;90 nm;N/A;21 W;May 10th, 2004;Intel
Pentium M 765;/cpu-specs/pentium-m-765.c153;Dothan;1 ;2.1 GHz;Socket 479;90 nm;N/A;21 W;Oct 20th, 2004;Intel
Xeon 2.8;/cpu-specs/xeon-2-8.c251;Nocona;1 ;2.8 GHz;Socket 604;90 nm;N/A;135 W;Jun 28th, 2004;Intel
Xeon 3.0;/cpu-specs/xeon-3-0.c250;Nocona;1 ;3 GHz;Socket 604;90 nm;N/A;135 W;Jun 28th, 2004;Intel
Xeon 3.2;/cpu-specs/xeon-3-2.c249;Nocona;1 ;3.2 GHz;Socket 604;90 nm;N/A;135 W;Jun 28th, 2004;Intel
Xeon 3.20;/cpu-specs/xeon-3-20.c252;Gallatin;1 ;3.2 GHz;Socket 604;130 nm;2 MB;97 W;Feb 1st, 2004;Intel
Xeon 3.4;/cpu-specs/xeon-3-4.c248;Nocona;1 ;3.4 GHz;Socket 604;90 nm;N/A;135 W;Jun 28th, 2004;Intel
Xeon 3.6;/cpu-specs/xeon-3-6.c247;Nocona;1 ;3.6 GHz;Socket 604;90 nm;N/A;135 W;Jun 28th, 2004;Intel
Xeon MP 3.0;/cpu-specs/xeon-mp-3-0.c2780;Gallatin;1  / 2;3 GHz;Socket 604;130 nm;4 MB;85 W;Mar 2nd, 2004;Intel
Athlon 64 3000+ (C0);/cpu-specs/athlon-64-3000-c0.c539;Clawhammer;1 ;2000 MHz;Socket 754;130 nm;N/A;89 W;Dec 15th, 2003;AMD
Athlon 64 3200+;/cpu-specs/athlon-64-3200.c52;Clawhammer;1 ;2000 MHz;Socket 754;130 nm;N/A;89 W;Sep 23rd, 2003;AMD
Athlon 64 3200+ (CG);/cpu-specs/athlon-64-3200-cg.c540;Clawhammer;1 ;2.2 GHz;Socket 754;130 nm;N/A;89 W;Jan 1st, 2003;AMD
Athlon 64 FX-51;/cpu-specs/athlon-64-fx-51.c35;SledgeHammer;1 ;2.2 GHz;Socket 940;130 nm;N/A;89 W;Sep 23rd, 2003;AMD
Athlon MP 2600+;/cpu-specs/athlon-mp-2600.c3262;Barton;1 ;2000 MHz;Socket A;130 nm;N/A;47 W;May 6th, 2003;AMD
Athlon XP 2000+;/cpu-specs/athlon-xp-2000.c1173;Thorton;1 ;1667 MHz;Socket A;130 nm;N/A;60 W;Sep 1st, 2003;AMD
Athlon XP 2000+;/cpu-specs/athlon-xp-2000.c98;Thorton;1 ;1667 MHz;Socket A;130 nm;N/A;60 W;Sep 1st, 2003;AMD
Athlon XP 2200+;/cpu-specs/athlon-xp-2200.c1175;Thorton;1 ;1800 MHz;Socket A;130 nm;N/A;63 W;Sep 1st, 2003;AMD
Athlon XP 2200+;/cpu-specs/athlon-xp-2200.c97;Thorton;1 ;1800 MHz;Socket A;130 nm;N/A;63 W;Sep 1st, 2003;AMD
Athlon XP 2400+;/cpu-specs/athlon-xp-2400.c96;Thorton;1 ;2000 MHz;Socket A;130 nm;N/A;68 W;Sep 1st, 2003;AMD
Athlon XP 2400+;/cpu-specs/athlon-xp-2400.c95;Thorton;1 ;2000 MHz;Socket A;130 nm;N/A;68 W;Sep 1st, 2003;AMD
Athlon XP 2500+;/cpu-specs/athlon-xp-2500.c91;Barton;1 ;1833 MHz;Socket A;130 nm;N/A;68 W;Feb 10th, 2003;AMD
Athlon XP 2500+ DTR;/cpu-specs/athlon-xp-2500-dtr.c94;Barton;1 ;1833 MHz;Socket A;130 nm;N/A;55 W;Feb 10th, 2003;AMD
Athlon XP 2600+;/cpu-specs/athlon-xp-2600.c1176;Thorton;1 ;2.133 GHz;Socket A;130 nm;N/A;68 W;Sep 1st, 2003;AMD
Athlon XP 2600+;/cpu-specs/athlon-xp-2600.c1177;Thorton;1 ;2.083 GHz;Socket A;130 nm;N/A;68 W;Sep 1st, 2003;AMD
Athlon XP 2600+;/cpu-specs/athlon-xp-2600.c90;Barton;1 ;1917 MHz;Socket A;130 nm;N/A;68 W;Sep 13th, 2003;AMD
Athlon XP 2800+;/cpu-specs/athlon-xp-2800.c89;Barton;1 ;2.083 GHz;Socket A;130 nm;N/A;68 W;Feb 10th, 2003;AMD
Athlon XP 3000+ (333FSB);/cpu-specs/athlon-xp-3000-333fsb.c88;Barton;1 ;2.167 GHz;Socket A;130 nm;N/A;68 W;Feb 10th, 2003;AMD
Athlon XP 3000+ (400FSB);/cpu-specs/athlon-xp-3000-400fsb.c87;Barton;1 ;2.1 GHz;Socket A;130 nm;N/A;68 W;May 13th, 2003;AMD
Athlon XP 3100+;/cpu-specs/athlon-xp-3100.c1178;Thorton;1 ;2.2 GHz;Socket A;130 nm;N/A;68 W;Dec 1st, 2003;AMD
Athlon XP 3200+ (333FSB);/cpu-specs/athlon-xp-3200-333fsb.c2781;Barton;1 ;2.333 GHz;Socket A;130 nm;N/A;79 W;May 13th, 2003;AMD
Athlon XP 3200+ (400FSB);/cpu-specs/athlon-xp-3200-400fsb.c86;Barton;1 ;2.2 GHz;Socket A;130 nm;N/A;77 W;May 13th, 2003;AMD
Athlon XP-M 1800+ (25W);/cpu-specs/athlon-xp-m-1800-25w.c2828;Barton;1 ;1400 MHz;Socket 563;130 nm;N/A;25 W;Mar 12th, 2003;AMD
Athlon XP-M 1800+ (25W);/cpu-specs/athlon-xp-m-1800-25w.c2827;Barton;1 ;1400 MHz;Socket 563;130 nm;N/A;25 W;Mar 12th, 2003;AMD
Athlon XP-M 2000+ (25W);/cpu-specs/athlon-xp-m-2000-25w.c2818;Barton;1 ;1533 MHz;Socket 563;130 nm;N/A;25 W;Jun 17th, 2003;AMD
Athlon XP-M 2000+ (35W);/cpu-specs/athlon-xp-m-2000-35w.c127;Barton;1 ;1533 MHz;Socket 563;130 nm;N/A;35 W;Jun 17th, 2003;AMD
Athlon XP-M 2200+;/cpu-specs/athlon-xp-m-2200.c126;Barton;1 ;1667 MHz;Socket A;130 nm;N/A;35 W;Mar 12th, 2003;AMD
Athlon XP-M 2400+;/cpu-specs/athlon-xp-m-2400.c2819;Barton;1 ;1800 MHz;Socket A;130 nm;N/A;45 W;Mar 12th, 2003;AMD
Athlon XP-M 2400+ (35W);/cpu-specs/athlon-xp-m-2400-35w.c125;Barton;1 ;1800 MHz;Socket A;130 nm;N/A;35 W;Mar 12th, 2003;AMD
Athlon XP-M 2400+ (72W);/cpu-specs/athlon-xp-m-2400-72w.c2820;Barton;1 ;1800 MHz;Socket A;130 nm;N/A;72 W;Mar 12th, 2003;AMD
Athlon XP-M 2500+;/cpu-specs/athlon-xp-m-2500.c124;Barton;1 ;1862 MHz;Socket A;130 nm;N/A;45 W;Mar 12th, 2003;AMD
Athlon XP-M 2500+ (35W);/cpu-specs/athlon-xp-m-2500-35w.c2821;Barton;1 ;1867 MHz;Socket A;130 nm;N/A;35 W;Mar 12th, 2003;AMD
Athlon XP-M 2500+ (72W);/cpu-specs/athlon-xp-m-2500-72w.c2822;Barton;1 ;1867 MHz;Socket A;130 nm;N/A;72 W;Mar 12th, 2003;AMD
Athlon XP-M 2600+;/cpu-specs/athlon-xp-m-2600.c123;Barton;1 ;2000 MHz;Socket A;130 nm;N/A;45 W;Mar 12th, 2003;AMD
Athlon XP-M 2600+ (72W);/cpu-specs/athlon-xp-m-2600-72w.c2823;Barton;1 ;2000 MHz;Socket A;130 nm;N/A;72 W;Mar 12th, 2003;AMD
Athlon XP-M 3000+;/cpu-specs/athlon-xp-m-3000.c122;Barton;1 ;2.2 GHz;Socket A;130 nm;N/A;72 W;Mar 12th, 2003;AMD
Mobile Athlon 64 2800+;/cpu-specs/mobile-athlon-64-2800.c2162;Clawhammer;1 ;1800 MHz;Socket 754;130 nm;N/A;82 W;Aug 1st, 2003;AMD
Mobile Athlon 64 3000+;/cpu-specs/mobile-athlon-64-3000.c2191;Clawhammer;1 ;1800 MHz;Socket 754;130 nm;N/A;82 W;Aug 1st, 2003;AMD
Mobile Athlon 64 3200+;/cpu-specs/mobile-athlon-64-3200.c2192;Clawhammer;1 ;2000 MHz;Socket 754;130 nm;N/A;82 W;Aug 1st, 2003;AMD
Opteron 140;/cpu-specs/opteron-140.c1114;SledgeHammer;1 ;1400 MHz;Socket 940;130 nm;N/A;82 W;Sep 9th, 2003;AMD
Opteron 140;/cpu-specs/opteron-140.c1113;SledgeHammer;1 ;1400 MHz;Socket 940;130 nm;N/A;85 W;Jun 30th, 2003;AMD
Opteron 142;/cpu-specs/opteron-142.c1127;SledgeHammer;1 ;1600 MHz;Socket 940;130 nm;N/A;85 W;Jun 30th, 2003;AMD
Opteron 142;/cpu-specs/opteron-142.c1142;SledgeHammer;1 ;1600 MHz;Socket 940;130 nm;N/A;82 W;Sep 9th, 2003;AMD
Opteron 144;/cpu-specs/opteron-144.c219;SledgeHammer;1 ;1800 MHz;Socket 940;130 nm;N/A;85 W;Jun 30th, 2003;AMD
Opteron 144;/cpu-specs/opteron-144.c1137;SledgeHammer;1 ;1800 MHz;Socket 940;130 nm;N/A;82 W;Sep 9th, 2003;AMD
Opteron 146;/cpu-specs/opteron-146.c1146;SledgeHammer;1 ;2000 MHz;Socket 940;130 nm;N/A;89 W;Sep 9th, 2003;AMD
Opteron 148;/cpu-specs/opteron-148.c1131;SledgeHammer;1 ;2.2 GHz;Socket 940;130 nm;N/A;89 W;Nov 17th, 2003;AMD
Opteron 240;/cpu-specs/opteron-240.c1117;SledgeHammer;1 ;1400 MHz;Socket 940;130 nm;N/A;82 W;Aug 5th, 2003;AMD
Opteron 240;/cpu-specs/opteron-240.c1116;SledgeHammer;1 ;1400 MHz;Socket 940;130 nm;N/A;85 W;Apr 22nd, 2003;AMD
Opteron 242;/cpu-specs/opteron-242.c1143;SledgeHammer;1 ;1600 MHz;Socket 940;130 nm;N/A;82 W;Aug 5th, 2003;AMD
Opteron 242;/cpu-specs/opteron-242.c1128;SledgeHammer;1 ;1600 MHz;Socket 940;130 nm;N/A;85 W;Apr 22nd, 2003;AMD
Opteron 244;/cpu-specs/opteron-244.c1145;SledgeHammer;1 ;1800 MHz;Socket 940;130 nm;N/A;82 W;Aug 5th, 2003;AMD
Opteron 244;/cpu-specs/opteron-244.c1130;SledgeHammer;1 ;1800 MHz;Socket 940;130 nm;N/A;85 W;Apr 22nd, 2003;AMD
Opteron 246;/cpu-specs/opteron-246.c1147;SledgeHammer;1 ;2000 MHz;Socket 940;130 nm;N/A;89 W;Aug 5th, 2003;AMD
Opteron 248;/cpu-specs/opteron-248.c1132;SledgeHammer;1 ;2.2 GHz;Socket 940;130 nm;N/A;89 W;Nov 17th, 2003;AMD
Opteron 840;/cpu-specs/opteron-840.c1120;SledgeHammer;1 ;1400 MHz;Socket 940;130 nm;N/A;82 W;Sep 9th, 2003;AMD
Opteron 840;/cpu-specs/opteron-840.c1119;SledgeHammer;1 ;1400 MHz;Socket 940;130 nm;N/A;85 W;Jun 30th, 2003;AMD
Opteron 842;/cpu-specs/opteron-842.c220;SledgeHammer;1 ;1600 MHz;Socket 940;130 nm;N/A;82 W;Sep 9th, 2003;AMD
Opteron 842;/cpu-specs/opteron-842.c221;SledgeHammer;1 ;1600 MHz;Socket 940;130 nm;N/A;85 W;Jun 30th, 2003;AMD
Opteron 844;/cpu-specs/opteron-844.c1144;SledgeHammer;1 ;1800 MHz;Socket 940;130 nm;N/A;82 W;Sep 9th, 2003;AMD
Opteron 844;/cpu-specs/opteron-844.c1129;SledgeHammer;1 ;1800 MHz;Socket 940;130 nm;N/A;85 W;Jun 30th, 2003;AMD
Opteron 846;/cpu-specs/opteron-846.c216;SledgeHammer;1 ;2000 MHz;Socket 940;130 nm;N/A;89 W;Sep 9th, 2003;AMD
Opteron 848;/cpu-specs/opteron-848.c215;SledgeHammer;1 ;2.2 GHz;Socket 940;130 nm;N/A;89 W;Nov 17th, 2003;AMD
Celeron 2.30;/cpu-specs/celeron-2-30.c311;Northwood;1 ;2.3 GHz;Socket 478;130 nm;N/A;73 W;Mar 31st, 2003;Intel
Celeron 2.40;/cpu-specs/celeron-2-40.c309;Northwood;1 ;2.4 GHz;Socket 478;130 nm;N/A;73 W;Mar 31st, 2003;Intel
Celeron 2.60;/cpu-specs/celeron-2-60.c1052;Northwood;1 ;2.6 GHz;Socket 478;130 nm;N/A;73 W;Jun 25th, 2003;Intel
Celeron 2.70;/cpu-specs/celeron-2-70.c308;Northwood;1 ;2.7 GHz;Socket 478;130 nm;N/A;73 W;Sep 24th, 2003;Intel
Celeron 2.80;/cpu-specs/celeron-2-80.c307;Northwood;1 ;2.8 GHz;Socket 478;130 nm;N/A;73 W;Nov 3rd, 2003;Intel
Mobile Pentium 4 2.40;/cpu-specs/mobile-pentium-4-2-40.c1251;Northwood;1  / 2;2.4 GHz;Socket 478;130 nm;N/A;60 W;Jun 11th, 2003;Intel
Mobile Pentium 4 2.66;/cpu-specs/mobile-pentium-4-2-66.c1248;Northwood;1  / 2;2.667 GHz;Socket 478;130 nm;N/A;66 W;Jun 11th, 2003;Intel
Mobile Pentium 4 2.80;/cpu-specs/mobile-pentium-4-2-80.c1249;Northwood;1  / 2;2.8 GHz;Socket 478;130 nm;N/A;68 W;Jun 11th, 2003;Intel
Mobile Pentium 4 3.06;/cpu-specs/mobile-pentium-4-3-06.c1250;Northwood;1  / 2;3.067 GHz;Socket 478;130 nm;N/A;70 W;Jun 11th, 2003;Intel
Mobile Pentium 4 HT 2.66;/cpu-specs/mobile-pentium-4-ht-2-66.c1247;Northwood;1  / 2;2.667 GHz;Socket 478;130 nm;N/A;66 W;Sep 23rd, 2003;Intel
Mobile Pentium 4 HT 2.80;/cpu-specs/mobile-pentium-4-ht-2-80.c1252;Northwood;1  / 2;2.8 GHz;Socket 478;130 nm;N/A;68 W;Sep 23rd, 2003;Intel
Mobile Pentium 4 HT 3.06;/cpu-specs/mobile-pentium-4-ht-3-06.c1253;Northwood;1  / 2;3.067 GHz;Socket 478;130 nm;N/A;70 W;Sep 23rd, 2003;Intel
Mobile Pentium 4 HT 3.20;/cpu-specs/mobile-pentium-4-ht-3-20.c1254;Northwood;1  / 2;3.2 GHz;Socket 478;130 nm;N/A;76 W;Sep 23rd, 2003;Intel
Pentium 4 HT 2.40;/cpu-specs/pentium-4-ht-2-40.c274;Northwood;1  / 2;2.4 GHz;Socket 478;130 nm;N/A;66 W;May 21st, 2003;Intel
Pentium 4 HT 2.60;/cpu-specs/pentium-4-ht-2-60.c273;Northwood;1  / 2;2.6 GHz;Socket 478;130 nm;N/A;69 W;May 21st, 2003;Intel
Pentium 4 HT 2.80;/cpu-specs/pentium-4-ht-2-80.c272;Northwood;1  / 2;2.8 GHz;Socket 478;130 nm;N/A;70 W;May 21st, 2003;Intel
Pentium 4 HT 3.00;/cpu-specs/pentium-4-ht-3-00.c271;Northwood;1  / 2;3 GHz;Socket 478;130 nm;N/A;82 W;Apr 14th, 2003;Intel
Pentium 4 HT 3.06;/cpu-specs/pentium-4-ht-3-06.c275;Northwood;1  / 2;3.06 GHz;Socket 478;130 nm;N/A;110 W;Jun 1st, 2003;Intel
Pentium 4 HT 3.20;/cpu-specs/pentium-4-ht-3-20.c270;Northwood;1  / 2;3.2 GHz;Socket 478;130 nm;N/A;82 W;Jun 23rd, 2003;Intel
Pentium 4 HT Extreme Edition 3.20;/cpu-specs/pentium-4-ht-extreme-edition-3-20.c306;Gallatin;1  / 2;3.2 GHz;Socket 478;130 nm;2 MB;92 W;Nov 3rd, 2003;Intel
Pentium 4-M 2.40;/cpu-specs/pentium-4-m-2-40.c1267;Northwood;1 ;2.4 GHz;Socket 478;130 nm;N/A;35 W;Jan 14th, 2003;Intel
Pentium 4-M 2.50;/cpu-specs/pentium-4-m-2-50.c1268;Northwood;1 ;2.5 GHz;Socket 478;130 nm;N/A;35 W;Apr 16th, 2003;Intel
Pentium 4-M 2.60;/cpu-specs/pentium-4-m-2-60.c1246;Northwood;1 ;2.6 GHz;Socket 478;130 nm;N/A;35 W;Jun 11th, 2003;Intel
Pentium M 1.30;/cpu-specs/pentium-m-1-30.c162;Banias;1 ;1300 MHz;Socket 478;130 nm;N/A;24 W;Mar 12th, 2003;Intel
Pentium M 1.40;/cpu-specs/pentium-m-1-40.c161;Banias;1 ;1400 MHz;Socket 478;130 nm;N/A;24 W;Mar 12th, 2003;Intel
Pentium M 1.50;/cpu-specs/pentium-m-1-50.c160;Banias;1 ;1500 MHz;Socket 478;130 nm;N/A;24 W;Mar 12th, 2003;Intel
Pentium M 1.60;/cpu-specs/pentium-m-1-60.c159;Banias;1 ;1600 MHz;Socket 478;130 nm;N/A;24 W;Mar 12th, 2003;Intel
Pentium M 1.70;/cpu-specs/pentium-m-1-70.c158;Banias;1 ;1700 MHz;Socket 478;130 nm;N/A;24 W;Jun 2nd, 2003;Intel
Xeon 3.06;/cpu-specs/xeon-3-06.c253;Prestonia;1 ;3.066 GHz;Socket 604;130 nm;N/A;89 W;Mar 10th, 2003;Intel
Xeon 3.06;/cpu-specs/xeon-3-06.c299;Gallatin;1 ;3.066 GHz;Socket 604;130 nm;2 MB;97 W;Jul 14th, 2003;Intel
Xeon 3.06;/cpu-specs/xeon-3-06.c300;Gallatin;1 ;3.066 GHz;Socket 604;130 nm;1 MB;97 W;Jul 14th, 2003;Intel
Xeon 3.20;/cpu-specs/xeon-3-20.c298;Gallatin;1 ;3.2 GHz;Socket 604;130 nm;1 MB;97 W;Oct 6th, 2003;Intel
Athlon XP 1800+;/cpu-specs/athlon-xp-1800.c110;Thoroughbred;1 ;1533 MHz;Socket A;130 nm;N/A;51 W;Jun 10th, 2002;AMD
Athlon XP 2000+;/cpu-specs/athlon-xp-2000.c107;Thoroughbred;1 ;1667 MHz;Socket A;130 nm;N/A;60 W;Jun 10th, 2002;AMD
Athlon XP 2000+;/cpu-specs/athlon-xp-2000.c116;Palomino;1 ;1667 MHz;Socket A;180 nm;N/A;70 W;Jan 7th, 2002;AMD
Athlon XP 2000+;/cpu-specs/athlon-xp-2000.c108;Thoroughbred;1 ;1667 MHz;Socket A;130 nm;N/A;60 W;Jun 10th, 2002;AMD
Athlon XP 2100+;/cpu-specs/athlon-xp-2100.c115;Palomino;1 ;1733 MHz;Socket A;180 nm;N/A;72 W;Mar 13th, 2002;AMD
Athlon XP 2200+;/cpu-specs/athlon-xp-2200.c105;Thoroughbred;1 ;1800 MHz;Socket A;130 nm;N/A;68 W;Jun 10th, 2002;AMD
Athlon XP 2400+;/cpu-specs/athlon-xp-2400.c103;Thoroughbred;1 ;2000 MHz;Socket A;130 nm;N/A;65 W;Aug 21st, 2002;AMD
Athlon XP 2400+;/cpu-specs/athlon-xp-2400.c102;Thoroughbred;1 ;2000 MHz;Socket A;130 nm;N/A;68 W;Aug 21st, 2002;AMD
Athlon XP 2600+;/cpu-specs/athlon-xp-2600.c101;Thoroughbred;1 ;2.133 GHz;Socket A;130 nm;N/A;68 W;Oct 1st, 2002;AMD
Athlon XP 2600+;/cpu-specs/athlon-xp-2600.c100;Thoroughbred;1 ;2.083 GHz;Socket A;130 nm;N/A;68 W;Aug 21st, 2002;AMD
Athlon XP 2700+;/cpu-specs/athlon-xp-2700.c99;Thoroughbred;1 ;2.167 GHz;Socket A;130 nm;N/A;68 W;Oct 1st, 2002;AMD
Athlon XP 2800+;/cpu-specs/athlon-xp-2800.c1172;Thoroughbred;1 ;2.25 GHz;Socket A;130 nm;N/A;74 W;Oct 1st, 2002;AMD
Athlon XP-M 2200+;/cpu-specs/athlon-xp-m-2200.c128;Thoroughbred;1 ;1800 MHz;Socket A;130 nm;N/A;45 W;Nov 11th, 2002;AMD
Celeron 1000A;/cpu-specs/celeron-1000a.c3615;Tualatin;1 ;1000 MHz;Socket 370;130 nm;N/A;28 W;Jan 2002;Intel
Celeron 1300;/cpu-specs/celeron-1300.c3618;Tualatin;1 ;1300 MHz;Socket 370;130 nm;N/A;33 W;Jan 3rd, 2002;Intel
Celeron 1400;/cpu-specs/celeron-1400.c3619;Tualatin;1 ;1400 MHz;Socket 370;130 nm;N/A;35 W;May 15th, 2002;Intel
Celeron 2.0;/cpu-specs/celeron-2-0.c1049;Northwood;1 ;2000 MHz;Socket 478;130 nm;N/A;73 W;Sep 18th, 2002;Intel
Celeron 2.0;/cpu-specs/celeron-2-0.c314;Northwood;1 ;2000 MHz;Socket 478;130 nm;N/A;73 W;Sep 18th, 2002;Intel
Celeron 2.10;/cpu-specs/celeron-2-10.c313;Northwood;1 ;2.1 GHz;Socket 478;130 nm;N/A;73 W;Nov 20th, 2002;Intel
Celeron 2.20;/cpu-specs/celeron-2-20.c312;Northwood;1 ;2.2 GHz;Socket 478;130 nm;N/A;73 W;Nov 20th, 2002;Intel
Celeron 900A;/cpu-specs/celeron-900a.c3614;Tualatin;1 ;900 MHz;Socket 370;130 nm;N/A;27 W;Jan 2002;Intel
Pentium 4 2.0;/cpu-specs/pentium-4-2-0.c287;Northwood;1 ;2000 MHz;Socket 478;130 nm;N/A;92 W;Jan 7th, 2002;Intel
Pentium 4 2.2;/cpu-specs/pentium-4-2-2.c286;Northwood;1 ;2.2 GHz;Socket 478;130 nm;N/A;92 W;Jan 7th, 2002;Intel
Pentium 4 2.26;/cpu-specs/pentium-4-2-26.c281;Northwood;1 ;2.261 GHz;Socket 478;130 nm;N/A;110 W;Jan 7th, 2002;Intel
Pentium 4 2.4;/cpu-specs/pentium-4-2-4.c285;Northwood;1 ;2.4 GHz;Socket 478;130 nm;N/A;92 W;May 6th, 2002;Intel
Pentium 4 2.4;/cpu-specs/pentium-4-2-4.c282;Northwood;1 ;2.4 GHz;Socket 478;130 nm;N/A;110 W;Apr 2nd, 2002;Intel
Pentium 4 2.53;/cpu-specs/pentium-4-2-53.c279;Northwood;1 ;2.527 GHz;Socket 478;130 nm;N/A;110 W;May 6th, 2002;Intel
Pentium 4 2.60;/cpu-specs/pentium-4-2-60.c284;Northwood;1 ;2.6 GHz;Socket 478;130 nm;N/A;92 W;Aug 25th, 2002;Intel
Pentium 4 2.66;/cpu-specs/pentium-4-2-66.c278;Northwood;1 ;2.66 GHz;Socket 478;130 nm;N/A;110 W;Aug 25th, 2002;Intel
Pentium 4 2.80;/cpu-specs/pentium-4-2-80.c277;Northwood;1 ;2.793 GHz;Socket 478;130 nm;N/A;110 W;Aug 25th, 2002;Intel
Pentium 4-M 1.40;/cpu-specs/pentium-4-m-1-40.c1245;Northwood;1 ;1400 MHz;Socket 478;130 nm;N/A;21 W;Apr 23rd, 2002;Intel
Pentium 4-M 1.50;/cpu-specs/pentium-4-m-1-50.c1260;Northwood;1 ;1500 MHz;Socket 478;130 nm;N/A;26 W;Apr 23rd, 2002;Intel
Pentium 4-M 1.60;/cpu-specs/pentium-4-m-1-60.c1263;Northwood;1 ;1600 MHz;Socket 478;130 nm;N/A;30 W;Mar 4th, 2002;Intel
Pentium 4-M 1.70;/cpu-specs/pentium-4-m-1-70.c1262;Northwood;1 ;1700 MHz;Socket 478;130 nm;N/A;30 W;Mar 4th, 2002;Intel
Pentium 4-M 1.80;/cpu-specs/pentium-4-m-1-80.c1261;Northwood;1 ;1800 MHz;Socket 478;130 nm;N/A;30 W;Apr 23rd, 2002;Intel
Pentium 4-M 1.90;/cpu-specs/pentium-4-m-1-90.c1264;Northwood;1 ;1900 MHz;Socket 478;130 nm;N/A;32 W;Jun 24th, 2002;Intel
Pentium 4-M 2.00;/cpu-specs/pentium-4-m-2-00.c1265;Northwood;1 ;2000 MHz;Socket 478;130 nm;N/A;32 W;Jun 24th, 2002;Intel
Pentium 4-M 2.20;/cpu-specs/pentium-4-m-2-20.c1266;Northwood;1 ;2.2 GHz;Socket 478;130 nm;N/A;35 W;Sep 16th, 2002;Intel
Pentium III 1400S;/cpu-specs/pentium-iii-1400s.c1276;Tualatin;1 ;1400 MHz;Socket 370;130 nm;N/A;32 W;Jan 8th, 2002;Intel
Xeon 2.0;/cpu-specs/xeon-2-0.c261;Prestonia;1 ;2000 MHz;Socket 604;130 nm;N/A;89 W;Feb 25th, 2002;Intel
Xeon 2.4;/cpu-specs/xeon-2-4.c258;Prestonia;1 ;2.394 GHz;Socket 604;130 nm;N/A;89 W;Apr 23rd, 2002;Intel
Xeon 2.66;/cpu-specs/xeon-2-66.c256;Prestonia;1 ;2.66 GHz;Socket 604;130 nm;N/A;89 W;Nov 18th, 2002;Intel
Xeon 2.8;/cpu-specs/xeon-2-8.c255;Prestonia;1 ;2.79 GHz;Socket 604;130 nm;N/A;89 W;Sep 11th, 2002;Intel
C3 Processor 1.0;/cpu-specs/c3-processor-1-0.c3286;Ezra-T;1 ;1000 MHz;Socket 370;130 nm;N/A;10 W;Jun 3rd, 2002;VIA
C3 Processor 1.0A;/cpu-specs/c3-processor-1-0a.c3283;Ezra-T;1 ;1000 MHz;Socket 370;130 nm;N/A;10 W;Jun 3rd, 2002;VIA
Athlon 1300;/cpu-specs/athlon-1300.c1225;Thunderbird B;1 ;1300 MHz;Socket A;180 nm;N/A;68 W;Mar 21st, 2001;AMD
Athlon 1333;/cpu-specs/athlon-1333.c1224;Thunderbird C;1 ;1333 MHz;Socket A;180 nm;N/A;70 W;Mar 21st, 2001;AMD
Athlon 1400;/cpu-specs/athlon-1400.c1223;Thunderbird B;1 ;1400 MHz;Socket A;180 nm;N/A;72 W;Jun 6th, 2001;AMD
Athlon 1400;/cpu-specs/athlon-1400.c1222;Thunderbird C;1 ;1400 MHz;Socket A;180 nm;N/A;72 W;Jun 6th, 2001;AMD
Athlon 64 3000+;/cpu-specs/athlon-64-3000.c344;Venice;1 ;2000 MHz;Socket 754;90 nm;N/A;51 W;Jan 1st, 2001;AMD
Athlon 64 3000+;/cpu-specs/athlon-64-3000.c544;Venice;1 ;2000 MHz;Socket 754;90 nm;N/A;51 W;Jan 1st, 2001;AMD
Athlon 64 3200+;/cpu-specs/athlon-64-3200.c345;Venice;1 ;2.2 GHz;Socket 754;90 nm;N/A;59 W;Jan 1st, 2001;AMD
Athlon 64 3400+;/cpu-specs/athlon-64-3400.c541;Clawhammer;1 ;2.4 GHz;Socket 754;130 nm;N/A;89 W;Jan 1st, 2001;AMD
Athlon 64 3400+;/cpu-specs/athlon-64-3400.c476;Venice;1 ;2.4 GHz;Socket 754;90 nm;N/A;67 W;Jan 1st, 2001;AMD
Athlon XP 1500+;/cpu-specs/athlon-xp-1500.c121;Palomino;1 ;1333 MHz;Socket A;180 nm;N/A;60 W;Oct 9th, 2001;AMD
Athlon XP 1600+;/cpu-specs/athlon-xp-1600.c120;Palomino;1 ;1400 MHz;Socket A;180 nm;N/A;63 W;Oct 9th, 2001;AMD
Athlon XP 1600+;/cpu-specs/athlon-xp-1600.c114;Thoroughbred;1 ;1400 MHz;Socket A;130 nm;N/A;49 W;Jan 1st, 2001;AMD
Athlon XP 1700+;/cpu-specs/athlon-xp-1700.c113;Thoroughbred;1 ;1467 MHz;Socket A;130 nm;N/A;50 W;Jan 1st, 2001;AMD
Athlon XP 1700+;/cpu-specs/athlon-xp-1700.c119;Palomino;1 ;1467 MHz;Socket A;180 nm;N/A;64 W;Oct 9th, 2001;AMD
Athlon XP 1700+;/cpu-specs/athlon-xp-1700.c112;Thoroughbred;1 ;1467 MHz;Socket A;130 nm;N/A;50 W;Jan 1st, 2001;AMD
Athlon XP 1800+;/cpu-specs/athlon-xp-1800.c111;Thoroughbred;1 ;1533 MHz;Socket A;130 nm;N/A;51 W;Jan 1st, 2001;AMD
Athlon XP 1800+;/cpu-specs/athlon-xp-1800.c118;Palomino;1 ;1533 MHz;Socket A;180 nm;N/A;66 W;Oct 9th, 2001;AMD
Athlon XP 1900+;/cpu-specs/athlon-xp-1900.c109;Thoroughbred;1 ;1600 MHz;Socket A;130 nm;N/A;53 W;Jan 1st, 2001;AMD
Athlon XP 1900+;/cpu-specs/athlon-xp-1900.c117;Palomino;1 ;1600 MHz;Socket A;180 nm;N/A;68 W;Nov 5th, 2001;AMD
Athlon XP 2100+;/cpu-specs/athlon-xp-2100.c106;Thoroughbred;1 ;1733 MHz;Socket A;130 nm;N/A;62 W;Jan 1st, 2001;AMD
Athlon XP 2200+;/cpu-specs/athlon-xp-2200.c104;Thoroughbred;1 ;1800 MHz;Socket A;130 nm;N/A;63 W;Jan 1st, 2001;AMD
Sempron 2200+;/cpu-specs/sempron-2200.c79;Barton;1 ;1500 MHz;Socket A;130 nm;N/A;62 W;Jan 1st, 2001;AMD
Sempron 2300+;/cpu-specs/sempron-2300.c78;Barton;1 ;1583 MHz;Socket A;130 nm;N/A;62 W;Jan 1st, 2001;AMD
Sempron 2400+;/cpu-specs/sempron-2400.c77;Barton;1 ;1667 MHz;Socket A;130 nm;N/A;62 W;Jan 1st, 2001;AMD
Sempron 2500+;/cpu-specs/sempron-2500.c76;Barton;1 ;1750 MHz;Socket A;130 nm;N/A;62 W;Jan 1st, 2001;AMD
Sempron 2600+;/cpu-specs/sempron-2600.c84;Paris;1 ;1600 MHz;Socket 754;130 nm;N/A;25 W;Jan 1st, 2001;AMD
Sempron 2600+;/cpu-specs/sempron-2600.c75;Barton;1 ;1833 MHz;Socket A;130 nm;N/A;62 W;Jan 1st, 2001;AMD
Sempron 2800+;/cpu-specs/sempron-2800.c83;Paris;1 ;1600 MHz;Socket 754;130 nm;N/A;25 W;Jan 1st, 2001;AMD
Sempron 2800+;/cpu-specs/sempron-2800.c74;Barton;1 ;2000 MHz;Socket A;130 nm;N/A;62 W;Jan 1st, 2001;AMD
Sempron 3000+;/cpu-specs/sempron-3000.c130;Paris;1 ;1800 MHz;Socket 754;130 nm;N/A;25 W;Jan 1st, 2001;AMD
Sempron 3100+;/cpu-specs/sempron-3100.c131;Paris;1 ;1800 MHz;Socket 754;130 nm;N/A;25 W;Jan 1st, 2001;AMD
Sempron 3300+;/cpu-specs/sempron-3300.c343;Barton;1 ;2.2 GHz;Socket A;130 nm;N/A;62 W;Jan 1st, 2001;AMD
Celeron 1100A;/cpu-specs/celeron-1100a.c3616;Tualatin;1 ;1100 MHz;Socket 370;130 nm;N/A;30 W;Oct 2001;Intel
Celeron 1200;/cpu-specs/celeron-1200.c3617;Tualatin;1 ;1200 MHz;Socket 370;130 nm;N/A;30 W;Oct 2001;Intel
Mobile Pentium III 1000;/cpu-specs/mobile-pentium-iii-1000.c3645;Coppermine;1 ;1000 MHz;Micro-BGA2;180 nm;N/A;25 W;Mar 19th, 2001;Intel
Mobile Pentium III 1000;/cpu-specs/mobile-pentium-iii-1000.c3646;Coppermine;1 ;1000 MHz;Socket 495;180 nm;N/A;25 W;Mar 19th, 2001;Intel
Mobile Pentium III 500 ULV;/cpu-specs/mobile-pentium-iii-500-ulv.c3625;Coppermine;1 ;500 MHz;Micro-BGA2;180 nm;N/A;5 W;Jan 30th, 2001;Intel
Mobile Pentium III 700 LV;/cpu-specs/mobile-pentium-iii-700-lv.c3635;Coppermine;1 ;700 MHz;Micro-BGA2;180 nm;N/A;10 W;Feb 27th, 2001;Intel
Mobile Pentium III 900;/cpu-specs/mobile-pentium-iii-900.c3644;Coppermine;1 ;900 MHz;Socket 495;180 nm;N/A;23 W;Mar 19th, 2001;Intel
Mobile Pentium III 900;/cpu-specs/mobile-pentium-iii-900.c3643;Coppermine;1 ;900 MHz;Micro-BGA2;180 nm;N/A;23 W;Mar 19th, 2001;Intel
Pentium 4 1.3;/cpu-specs/pentium-4-1-3.c1269;Willamette;1 ;1300 MHz;Socket 478;180 nm;N/A;52 W;Jan 3rd, 2001;Intel
Pentium 4 1.4;/cpu-specs/pentium-4-1-4.c1244;Willamette;1 ;1400 MHz;Socket 478;180 nm;N/A;55 W;Aug 27th, 2001;Intel
Pentium 4 1.5;/cpu-specs/pentium-4-1-5.c1270;Willamette;1 ;1500 MHz;Socket 478;180 nm;N/A;58 W;Aug 27th, 2001;Intel
Pentium 4 1.6;/cpu-specs/pentium-4-1-6.c1271;Willamette;1 ;1600 MHz;Socket 478;180 nm;N/A;61 W;Aug 27th, 2001;Intel
Pentium 4 1.6;/cpu-specs/pentium-4-1-6.c294;Willamette;1 ;1600 MHz;Socket 423;180 nm;N/A;61 W;Jul 2nd, 2001;Intel
Pentium 4 1.7;/cpu-specs/pentium-4-1-7.c1272;Willamette;1 ;1700 MHz;Socket 478;180 nm;N/A;64 W;Aug 27th, 2001;Intel
Pentium 4 1.7;/cpu-specs/pentium-4-1-7.c293;Willamette;1 ;1700 MHz;Socket 423;180 nm;N/A;64 W;Apr 23rd, 2001;Intel
Pentium 4 1.8;/cpu-specs/pentium-4-1-8.c2993;Willamette;1 ;1800 MHz;Socket 423;180 nm;N/A;67 W;Jul 2nd, 2001;Intel
Pentium 4 1.80;/cpu-specs/pentium-4-1-80.c1273;Willamette;1 ;1800 MHz;Socket 478;180 nm;N/A;67 W;Aug 27th, 2001;Intel
Pentium 4 1.8A;/cpu-specs/pentium-4-1-8a.c292;Willamette;1 ;1800 MHz;Socket 478;180 nm;N/A;69 W;Jul 2nd, 2001;Intel
Pentium 4 1.9;/cpu-specs/pentium-4-1-9.c1274;Willamette;1 ;1900 MHz;Socket 478;180 nm;N/A;69 W;Aug 27th, 2001;Intel
Pentium 4 1.9;/cpu-specs/pentium-4-1-9.c291;Willamette;1 ;1900 MHz;Socket 423;180 nm;N/A;69 W;Aug 27th, 2001;Intel
Pentium 4 2.0;/cpu-specs/pentium-4-2-0.c1275;Willamette;1 ;2000 MHz;Socket 478;180 nm;N/A;72 W;Aug 27th, 2001;Intel
Pentium 4 2.0;/cpu-specs/pentium-4-2-0.c283;Northwood;1 ;2000 MHz;Socket 478;130 nm;N/A;110 W;Jan 1st, 2001;Intel
Pentium 4 2.0;/cpu-specs/pentium-4-2-0.c290;Willamette;1 ;2000 MHz;Socket 423;180 nm;N/A;72 W;Aug 27th, 2001;Intel
Pentium 4 HT 524;/cpu-specs/pentium-4-ht-524.c457;Prescott;1  / 2;3.06 GHz;Socket 775;90 nm;N/A;84 W;Jan 1st, 2001;Intel
Pentium III  800;/cpu-specs/pentium-iii-800.c1289;Coppermine T;1 ;800 MHz;Socket 370;180 nm;N/A;38 W;Jun 1st, 2001;Intel
Pentium III  866;/cpu-specs/pentium-iii-866.c1288;Coppermine T;1 ;866 MHz;Socket 370;180 nm;N/A;38 W;Jun 1st, 2001;Intel
Pentium III  933;/cpu-specs/pentium-iii-933.c1287;Coppermine T;1 ;933 MHz;Socket 370;180 nm;N/A;27 W;Jun 1st, 2001;Intel
Pentium III 1000;/cpu-specs/pentium-iii-1000.c1286;Coppermine T;1 ;1000 MHz;Socket 370;180 nm;N/A;29 W;Jun 1st, 2001;Intel
Pentium III 1000;/cpu-specs/pentium-iii-1000.c1282;Tualatin;1 ;1000 MHz;Socket 370;130 nm;N/A;30 W;Jul 1st, 2001;Intel
Pentium III 1000;/cpu-specs/pentium-iii-1000.c3620;Tualatin;1 ;1000 MHz;Socket 370;130 nm;N/A;27 W;Jun 1st, 2001;Intel
Pentium III 1000S;/cpu-specs/pentium-iii-1000s.c1281;Tualatin;1 ;1000 MHz;Socket 370;130 nm;N/A;30 W;Jun 1st, 2001;Intel
Pentium III 1133;/cpu-specs/pentium-iii-1133.c1285;Coppermine T;1 ;1133 MHz;Socket 370;180 nm;N/A;29 W;Jun 1st, 2001;Intel
Pentium III 1133;/cpu-specs/pentium-iii-1133.c1284;Tualatin;1 ;1133 MHz;Socket 370;130 nm;N/A;29 W;Jul 1st, 2001;Intel
Pentium III 1133S;/cpu-specs/pentium-iii-1133s.c1280;Tualatin;1 ;1133 MHz;Socket 370;130 nm;N/A;29 W;Jun 1st, 2001;Intel
Pentium III 1200;/cpu-specs/pentium-iii-1200.c1283;Tualatin;1 ;1200 MHz;Socket 370;130 nm;N/A;30 W;Jul 1st, 2001;Intel
Pentium III 1266S;/cpu-specs/pentium-iii-1266s.c1279;Tualatin;1 ;1266 MHz;Socket 370;130 nm;N/A;30 W;Jul 1st, 2001;Intel
Pentium III 1333;/cpu-specs/pentium-iii-1333.c1278;Tualatin;1 ;1333 MHz;Socket 370;130 nm;N/A;30 W;Dec 1st, 2001;Intel
Pentium III 1400;/cpu-specs/pentium-iii-1400.c1277;Tualatin;1 ;1400 MHz;Socket 370;130 nm;N/A;31 W;Dec 1st, 2001;Intel
Pentium III Xeon 900 2.8V;/cpu-specs/pentium-iii-xeon-900-2-8v.c2987;Cascades-2M;1 ;900 MHz;Slot 2;180 nm;N/A;36 W;Mar 21st, 2001;Intel
Pentium III Xeon 900 5V-12V;/cpu-specs/pentium-iii-xeon-900-5v-12v.c2988;Cascades-2M;1 ;900 MHz;Slot 2;180 nm;N/A;36 W;Mar 21st, 2001;Intel
1.1GigaPro (C3 800A);/cpu-specs/1-1gigapro-c3-800a.c3743;Samuel 2;1 ;800 MHz;VIA BGA 368;150 nm;N/A;11 W;Sep 11th, 2001;VIA
C3 Processor 800A;/cpu-specs/c3-processor-800a.c3285;Ezra;1 ;800 MHz;Socket 370;130 nm;N/A;8 W;Sep 11th, 2001;VIA
C3 Processor 866A;/cpu-specs/c3-processor-866a.c3284;Ezra;1 ;866 MHz;Socket 370;130 nm;N/A;9 W;Sep 11th, 2001;VIA
Athlon 1000;/cpu-specs/athlon-1000.c1230;Thunderbird C;1 ;1000 MHz;Socket A;180 nm;N/A;54 W;Oct 31st, 2000;AMD
Athlon 1000;/cpu-specs/athlon-1000.c1231;Thunderbird B;1 ;1000 MHz;Socket A;180 nm;N/A;54 W;Jun 5th, 2000;AMD
Athlon 1000;/cpu-specs/athlon-1000.c3769;Magnolia;1 ;1000 MHz;Slot A;180 nm;N/A;65 W;Mar 6th, 2000;AMD
Athlon 1100;/cpu-specs/athlon-1100.c1229;Thunderbird B;1 ;1100 MHz;Socket A;180 nm;N/A;60 W;Aug 14th, 2000;AMD
Athlon 1133;/cpu-specs/athlon-1133.c1228;Thunderbird C;1 ;1133 MHz;Socket A;180 nm;N/A;63 W;Oct 31st, 2000;AMD
Athlon 1200;/cpu-specs/athlon-1200.c1226;Thunderbird C;1 ;1200 MHz;Socket A;180 nm;N/A;66 W;Oct 31st, 2000;AMD
Athlon 1200;/cpu-specs/athlon-1200.c1227;Thunderbird B;1 ;1200 MHz;Socket A;180 nm;N/A;66 W;Oct 17th, 2000;AMD
Athlon 600;/cpu-specs/athlon-600.c1237;Thunderbird;1 ;600 MHz;Socket A;180 nm;N/A;38 W;Jun 5th, 2000;AMD
Athlon 650;/cpu-specs/athlon-650.c1239;Thunderbird;1 ;650 MHz;Socket A;180 nm;N/A;38 W;Jun 5th, 2000;AMD
Athlon 700;/cpu-specs/athlon-700.c1238;Thunderbird;1 ;700 MHz;Socket A;180 nm;N/A;40 W;Jun 5th, 2000;AMD
Athlon 750;/cpu-specs/athlon-750.c1236;Thunderbird;1 ;750 MHz;Socket A;180 nm;N/A;43 W;Jun 5th, 2000;AMD
Athlon 800;/cpu-specs/athlon-800.c1235;Thunderbird;1 ;800 MHz;Socket A;180 nm;N/A;45 W;Jun 5th, 2000;AMD
Athlon 850;/cpu-specs/athlon-850.c1234;Thunderbird;1 ;850 MHz;Socket A;180 nm;N/A;47 W;Jun 5th, 2000;AMD
Athlon 850;/cpu-specs/athlon-850.c3766;Pluto;1 ;850 MHz;Slot A;180 nm;N/A;45 W;Feb 11th, 2000;AMD
Athlon 900;/cpu-specs/athlon-900.c1233;Thunderbird;1 ;900 MHz;Socket A;180 nm;N/A;50 W;Jun 5th, 2000;AMD
Athlon 900;/cpu-specs/athlon-900.c3767;Orion;1 ;900 MHz;Slot A;180 nm;N/A;60 W;Mar 6th, 2000;AMD
Athlon 950;/cpu-specs/athlon-950.c3768;Orion;1 ;950 MHz;Slot A;180 nm;N/A;62 W;Mar 6th, 2000;AMD
Athlon 950;/cpu-specs/athlon-950.c1232;Thunderbird;1 ;950 MHz;Socket A;180 nm;N/A;52 W;Jun 5th, 2000;AMD
K6-2+ 450ACZ;/cpu-specs/k6-2-450acz.c3744;Sharptooth;1 ;450 MHz;Super Socket 7;180 nm;N/A;13 W;Apr 18th, 2000;AMD
K6-2+ 450ACZM;/cpu-specs/k6-2-450aczm.c3745;Sharptooth;1 ;450 MHz;Super Socket 7;180 nm;N/A;13 W;Apr 18th, 2000;AMD
K6-2+ 450ADZM;/cpu-specs/k6-2-450adzm.c3746;Sharptooth;1 ;450 MHz;Super Socket 7;180 nm;N/A;13 W;Apr 18th, 2000;AMD
K6-2+ 475ACZ;/cpu-specs/k6-2-475acz.c3747;Sharptooth;1 ;475 MHz;Super Socket 7;180 nm;N/A;13 W;Apr 18th, 2000;AMD
K6-2+ 475ACZM;/cpu-specs/k6-2-475aczm.c3748;Sharptooth;1 ;475 MHz;Super Socket 7;180 nm;N/A;13 W;Apr 18th, 2000;AMD
K6-2+ 500ACZ;/cpu-specs/k6-2-500acz.c3750;Sharptooth;1 ;500 MHz;Super Socket 7;180 nm;N/A;13 W;Apr 18th, 2000;AMD
K6-2+ 500ACZM;/cpu-specs/k6-2-500aczm.c3749;Sharptooth;1 ;500 MHz;Super Socket 7;180 nm;N/A;13 W;Apr 18th, 2000;AMD
K6-2+ 533ACZ;/cpu-specs/k6-2-533acz.c3751;Sharptooth;1 ;533 MHz;Super Socket 7;180 nm;N/A;14 W;Sep 5th, 2000;AMD
K6-2+ 533ACZM;/cpu-specs/k6-2-533aczm.c3752;Sharptooth;1 ;533 MHz;Super Socket 7;180 nm;N/A;14 W;Sep 5th, 2000;AMD
K6-2+ 550ACZ;/cpu-specs/k6-2-550acz.c3753;Sharptooth;1 ;550 MHz;Super Socket 7;180 nm;N/A;14 W;Sep 5th, 2000;AMD
K6-2+ 570ACZ;/cpu-specs/k6-2-570acz.c3754;Sharptooth;1 ;570 MHz;Super Socket 7;180 nm;N/A;16 W;Sep 5th, 2000;AMD
K6-III+ 450ACZ;/cpu-specs/k6-iii-450acz.c3584;Sharptooth;1 ;450 MHz;Super Socket 7;180 nm;N/A;12 W;Apr 18th, 2000;AMD
K6-III+ 475ACZ;/cpu-specs/k6-iii-475acz.c3583;Sharptooth;1 ;475 MHz;Super Socket 7;180 nm;N/A;12 W;Apr 18th, 2000;AMD
K6-III+ 500ACZ;/cpu-specs/k6-iii-500acz.c3582;Sharptooth;1 ;500 MHz;Super Socket 7;180 nm;N/A;12 W;Apr 18th, 2000;AMD
Celeron 600;/cpu-specs/celeron-600.c3367;Timna;1 ;600 MHz;Socket 370S;180 nm;N/A;30 W;Never Released;Intel
Celeron 667;/cpu-specs/celeron-667.c3366;Timna;1 ;667 MHz;Socket 370S;180 nm;N/A;30 W;Never Released;Intel
Mobile Pentium III 500 LV;/cpu-specs/mobile-pentium-iii-500-lv.c3624;Coppermine;1 ;500 MHz;Micro-BGA2;180 nm;N/A;8 W;Jan 18th, 2000;Intel
Mobile Pentium III 600;/cpu-specs/mobile-pentium-iii-600.c3631;Coppermine;1 ;600 MHz;Micro-BGA2;180 nm;N/A;21 W;Jan 18th, 2000;Intel
Mobile Pentium III 600;/cpu-specs/mobile-pentium-iii-600.c3630;Coppermine;1 ;600 MHz;Socket 495;180 nm;N/A;21 W;Jun 19th, 2000;Intel
Mobile Pentium III 600 LV;/cpu-specs/mobile-pentium-iii-600-lv.c3629;Coppermine;1 ;600 MHz;Micro-BGA2;180 nm;N/A;9 W;Jun 19th, 2000;Intel
Mobile Pentium III 650;/cpu-specs/mobile-pentium-iii-650.c3632;Coppermine;1 ;650 MHz;Micro-BGA2;180 nm;N/A;22 W;Jan 18th, 2000;Intel
Mobile Pentium III 650;/cpu-specs/mobile-pentium-iii-650.c3633;Coppermine;1 ;650 MHz;Socket 495;180 nm;N/A;22 W;Jan 18th, 2000;Intel
Mobile Pentium III 700;/cpu-specs/mobile-pentium-iii-700.c3634;Coppermine;1 ;700 MHz;Micro-BGA2;180 nm;N/A;15 W;Apr 24th, 2000;Intel
Mobile Pentium III 700;/cpu-specs/mobile-pentium-iii-700.c3636;Coppermine;1 ;700 MHz;Socket 495;180 nm;N/A;15 W;Apr 24th, 2000;Intel
Mobile Pentium III 750;/cpu-specs/mobile-pentium-iii-750.c3637;Coppermine;1 ;750 MHz;Micro-BGA2;180 nm;N/A;16 W;Jun 19th, 2000;Intel
Mobile Pentium III 750;/cpu-specs/mobile-pentium-iii-750.c3638;Coppermine;1 ;750 MHz;Socket 495;180 nm;N/A;16 W;Jun 19th, 2000;Intel
Mobile Pentium III 800;/cpu-specs/mobile-pentium-iii-800.c3640;Coppermine;1 ;800 MHz;Socket 495;180 nm;N/A;17 W;Sep 25th, 2000;Intel
Mobile Pentium III 800;/cpu-specs/mobile-pentium-iii-800.c3639;Coppermine;1 ;800 MHz;Micro-BGA2;180 nm;N/A;17 W;Sep 25th, 2000;Intel
Mobile Pentium III 850;/cpu-specs/mobile-pentium-iii-850.c3642;Coppermine;1 ;850 MHz;Socket 495;180 nm;N/A;18 W;Sep 25th, 2000;Intel
Mobile Pentium III 850;/cpu-specs/mobile-pentium-iii-850.c3641;Coppermine;1 ;850 MHz;Micro-BGA2;180 nm;N/A;18 W;Sep 25th, 2000;Intel
Pentium 4 1.4;/cpu-specs/pentium-4-1-4.c296;Willamette;1 ;1400 MHz;Socket 423;180 nm;N/A;55 W;Nov 20th, 2000;Intel
Pentium 4 1.5;/cpu-specs/pentium-4-1-5.c297;Willamette;1 ;1500 MHz;Socket 423;180 nm;N/A;58 W;Nov 20th, 2000;Intel
Pentium III 1000;/cpu-specs/pentium-iii-1000.c3771;Coppermine;1 ;1000 MHz;Slot 1;180 nm;N/A;33 W;Mar 8th, 2000;Intel
Pentium III 1000B;/cpu-specs/pentium-iii-1000b.c3770;Coppermine;1 ;1000 MHz;Slot 1;180 nm;N/A;33 W;Mar 8th, 2000;Intel
Pentium III 1133;/cpu-specs/pentium-iii-1133.c3628;Coppermine-T;1 ;1133 MHz;Socket 370;180 nm;N/A;29 W;Jul 31st, 2000;Intel
Pentium III 1133;/cpu-specs/pentium-iii-1133.c1290;Coppermine;1 ;1133 MHz;Socket 370;180 nm;N/A;29 W;Jul 31st, 2000;Intel
Pentium III 866;/cpu-specs/pentium-iii-866.c3772;Coppermine;1 ;866 MHz;Slot 1;180 nm;N/A;27 W;Mar 20th, 2000;Intel
Pentium III Xeon 1000 2.8V;/cpu-specs/pentium-iii-xeon-1000-2-8v.c2991;Cascades;1 ;1000 MHz;Slot 2;180 nm;N/A;30 W;Aug 25th, 2000;Intel
Pentium III Xeon 1000 5V-12V;/cpu-specs/pentium-iii-xeon-1000-5v-12v.c2992;Cascades;1 ;1000 MHz;Slot 2;180 nm;N/A;31 W;Aug 25th, 2000;Intel
Pentium III Xeon 700 2.8V;/cpu-specs/pentium-iii-xeon-700-2-8v.c2977;Cascades-2M;1 ;700 MHz;Slot 2;180 nm;N/A;29 W;May 22nd, 2000;Intel
Pentium III Xeon 700 5V-12V;/cpu-specs/pentium-iii-xeon-700-5v-12v.c2978;Cascades-2M;1 ;700 MHz;Slot 2;180 nm;N/A;30 W;May 22nd, 2000;Intel
Pentium III Xeon 700-2M 2.8V;/cpu-specs/pentium-iii-xeon-700-2m-2-8v.c2979;Cascades-2M;1 ;700 MHz;Slot 2;180 nm;N/A;30 W;May 22nd, 2000;Intel
Pentium III Xeon 700-2M 5V-12V;/cpu-specs/pentium-iii-xeon-700-2m-5v-12v.c2980;Cascades-2M;1 ;700 MHz;Slot 2;180 nm;N/A;30 W;May 22nd, 2000;Intel
Pentium III Xeon 800 2.8V;/cpu-specs/pentium-iii-xeon-800-2-8v.c2983;Cascades;1 ;800 MHz;Slot 2;180 nm;N/A;25 W;Jan 12th, 2000;Intel
Pentium III Xeon 800 5V-12V;/cpu-specs/pentium-iii-xeon-800-5v-12v.c2984;Cascades;1 ;800 MHz;Slot 2;180 nm;N/A;25 W;Jan 12th, 2000;Intel
Pentium III Xeon 866 2.8V;/cpu-specs/pentium-iii-xeon-866-2-8v.c2985;Cascades;1 ;866 MHz;Slot 2;180 nm;N/A;25 W;Apr 10th, 2000;Intel
Pentium III Xeon 866 5V-12V;/cpu-specs/pentium-iii-xeon-866-5v-12v.c2986;Cascades;1 ;866 MHz;Slot 2;180 nm;N/A;25 W;Apr 10th, 2000;Intel
Pentium III Xeon 933 2.8V;/cpu-specs/pentium-iii-xeon-933-2-8v.c2989;Cascades;1 ;933 MHz;Slot 2;180 nm;N/A;29 W;May 24th, 2000;Intel
Pentium III Xeon 933 5V-12V;/cpu-specs/pentium-iii-xeon-933-5v-12v.c2990;Cascades;1 ;933 MHz;Slot 2;180 nm;N/A;30 W;May 24th, 2000;Intel
Athlon 500;/cpu-specs/athlon-500.c3585;Argon;1 ;500 MHz;Slot A;unknown;N/A;38 W;Jun 23rd, 1999;AMD
Athlon 550;/cpu-specs/athlon-550.c3760;Pluto;1 ;550 MHz;Slot A;180 nm;N/A;28 W;Nov 29th, 1999;AMD
Athlon 550;/cpu-specs/athlon-550.c3756;Argon;1 ;550 MHz;Slot A;unknown;N/A;38 W;Jun 23rd, 1999;AMD
Athlon 600;/cpu-specs/athlon-600.c3761;Pluto;1 ;600 MHz;Slot A;180 nm;N/A;28 W;Nov 29th, 1999;AMD
Athlon 600;/cpu-specs/athlon-600.c3757;Argon;1 ;600 MHz;Slot A;unknown;N/A;45 W;Jun 23rd, 1999;AMD
Athlon 650;/cpu-specs/athlon-650.c3762;Pluto;1 ;650 MHz;Slot A;180 nm;N/A;30 W;Nov 29th, 1999;AMD
Athlon 650;/cpu-specs/athlon-650.c3758;Argon;1 ;650 MHz;Slot A;unknown;N/A;48 W;Aug 9th, 1999;AMD
Athlon 700;/cpu-specs/athlon-700.c3763;Pluto;1 ;700 MHz;Slot A;180 nm;N/A;34 W;Nov 29th, 1999;AMD
Athlon 700;/cpu-specs/athlon-700.c3759;Argon;1 ;700 MHz;Slot A;unknown;N/A;48 W;Oct 4th, 1999;AMD
Athlon 750;/cpu-specs/athlon-750.c3764;Pluto;1 ;750 MHz;Slot A;180 nm;N/A;35 W;Nov 29th, 1999;AMD
Athlon 800;/cpu-specs/athlon-800.c3765;Pluto;1 ;800 MHz;Slot A;180 nm;N/A;43 W;Dec 20th, 1999;AMD
Mobile Pentium III 400;/cpu-specs/mobile-pentium-iii-400.c3621;Coppermine;1 ;400 MHz;Micro-BGA2;180 nm;N/A;10 W;Oct 25th, 1999;Intel
Mobile Pentium III 450;/cpu-specs/mobile-pentium-iii-450.c3622;Coppermine;1 ;450 MHz;Micro-BGA2;180 nm;N/A;15 W;Oct 25th, 1999;Intel
Mobile Pentium III 450;/cpu-specs/mobile-pentium-iii-450.c3627;Coppermine;1 ;450 MHz;Socket 495;180 nm;N/A;15 W;Oct 25th, 1999;Intel
Mobile Pentium III 450 MMC;/cpu-specs/mobile-pentium-iii-450-mmc.c3647;Coppermine;1 ;450 MHz;MMC-2;180 nm;N/A;15 W;Oct 25th, 1999;Intel
Mobile Pentium III 500;/cpu-specs/mobile-pentium-iii-500.c3626;Coppermine;1 ;500 MHz;Socket 495;180 nm;N/A;17 W;Oct 25th, 1999;Intel
Mobile Pentium III 500;/cpu-specs/mobile-pentium-iii-500.c3623;Coppermine;1 ;500 MHz;Micro-BGA2;180 nm;N/A;17 W;Oct 25th, 1999;Intel
Mobile Pentium III 500 MMC;/cpu-specs/mobile-pentium-iii-500-mmc.c3648;Coppermine;1 ;500 MHz;MMC-2;180 nm;N/A;15 W;Oct 25th, 1999;Intel
Pentium II Xeon 450 1MB;/cpu-specs/pentium-ii-xeon-450-1mb.c2965;Drake;1 ;450 MHz;Slot 2;unknown;N/A;43 W;Jan 4th, 1999;Intel
Pentium II Xeon 450 2MB;/cpu-specs/pentium-ii-xeon-450-2mb.c2966;Drake;1 ;450 MHz;Slot 2;unknown;N/A;47 W;Jan 4th, 1999;Intel
Pentium III 500E;/cpu-specs/pentium-iii-500e.c3785;Coppermine;1 ;500 MHz;Socket 370;180 nm;N/A;13 W;Oct 25th, 1999;Intel
Pentium III 500E;/cpu-specs/pentium-iii-500e.c3786;Coppermine;1 ;500 MHz;Slot 1;180 nm;N/A;13 W;Oct 25th, 1999;Intel
Pentium III 533EB;/cpu-specs/pentium-iii-533eb.c3788;Coppermine;1 ;533 MHz;Slot 1;180 nm;N/A;14 W;Oct 25th, 1999;Intel
Pentium III 533EB;/cpu-specs/pentium-iii-533eb.c3787;Coppermine;1 ;533 MHz;Socket 370;180 nm;N/A;14 W;Oct 25th, 1999;Intel
Pentium III 550E;/cpu-specs/pentium-iii-550e.c3790;Coppermine;1 ;550 MHz;Slot 1;180 nm;N/A;15 W;Oct 25th, 1999;Intel
Pentium III 550E;/cpu-specs/pentium-iii-550e.c3789;Coppermine;1 ;550 MHz;Socket 370;180 nm;N/A;15 W;Oct 25th, 1999;Intel
Pentium III Xeon 500;/cpu-specs/pentium-iii-xeon-500.c2967;Tanner;1 ;500 MHz;Slot 2;unknown;N/A;36 W;Mar 17th, 1999;Intel
Pentium III Xeon 500 1MB;/cpu-specs/pentium-iii-xeon-500-1mb.c2968;Tanner;1 ;500 MHz;Slot 2;unknown;N/A;45 W;Mar 17th, 1999;Intel
Pentium III Xeon 500 2MB;/cpu-specs/pentium-iii-xeon-500-2mb.c2969;Tanner;1 ;500 MHz;Slot 2;unknown;N/A;37 W;Mar 17th, 1999;Intel
Pentium III Xeon 550;/cpu-specs/pentium-iii-xeon-550.c2970;Tanner;1 ;550 MHz;Slot 2;unknown;N/A;34 W;Apr 7th, 1999;Intel
Pentium III Xeon 550 1MB;/cpu-specs/pentium-iii-xeon-550-1mb.c2971;Tanner;1 ;550 MHz;Slot 2;unknown;N/A;35 W;Aug 23rd, 1999;Intel
Pentium III Xeon 550 2MB;/cpu-specs/pentium-iii-xeon-550-2mb.c2972;Tanner;1 ;550 MHz;Slot 2;unknown;N/A;41 W;Aug 23rd, 1999;Intel
Pentium III Xeon 600 2.8V;/cpu-specs/pentium-iii-xeon-600-2-8v.c2973;Cascades;1 ;600 MHz;Slot 2;180 nm;N/A;19 W;Oct 25th, 1999;Intel
Pentium III Xeon 600 5V-12V;/cpu-specs/pentium-iii-xeon-600-5v-12v.c2974;Cascades;1 ;600 MHz;Slot 2;180 nm;N/A;19 W;Oct 25th, 1999;Intel
Pentium III Xeon 667 2.8V;/cpu-specs/pentium-iii-xeon-667-2-8v.c2975;Cascades;1 ;667 MHz;Slot 2;180 nm;N/A;21 W;Oct 25th, 1999;Intel
Pentium III Xeon 667 5V-12V;/cpu-specs/pentium-iii-xeon-667-5v-12v.c2976;Cascades;1 ;667 MHz;Slot 2;180 nm;N/A;21 W;Oct 25th, 1999;Intel
Pentium III Xeon 733 2.8V;/cpu-specs/pentium-iii-xeon-733-2-8v.c2981;Cascades;1 ;733 MHz;Slot 2;180 nm;N/A;23 W;Oct 25th, 1999;Intel
Pentium III Xeon 733 5V-12V;/cpu-specs/pentium-iii-xeon-733-5v-12v.c2982;Cascades;1 ;733 MHz;Slot 2;180 nm;N/A;23 W;Oct 25th, 1999;Intel
Pentium II Xeon 400;/cpu-specs/pentium-ii-xeon-400.c2962;Drake;1 ;400 MHz;Slot 2;unknown;N/A;31 W;Jun 29th, 1998;Intel
Pentium II Xeon 400 1MB;/cpu-specs/pentium-ii-xeon-400-1mb.c2963;Drake;1 ;400 MHz;Slot 2;unknown;N/A;38 W;Jun 29th, 1998;Intel
Pentium II Xeon 450;/cpu-specs/pentium-ii-xeon-450.c2964;Drake;1 ;450 MHz;Slot 2;unknown;N/A;35 W;Oct 6th, 1998;Intel
